{"type":"FeatureCollection","features":[{"type":"Feature","geometry":{"type":"Polygon","coordinates":[[[-82.336776526179051,41.065690506580808],[-82.338038770759866,41.065684725651536],[-82.34001918963601,41.065678751374975],[-82.341948827822364,41.065672756392622],[-82.343972773744284,41.065672192246048],[-82.345953193544233,41.065671605409264],[-82.347926361658637,41.065676477067392],[-82.349979317152304,41.065664815575538],[-82.351923463981137,41.06566413722279],[-82.353816830344144,41.065663444680851],[-82.355804494368357,41.065651702577597],[-82.357770405776719,41.065656406491911],[-82.361723977668191,41.065649231173559],[-82.363813200980601,41.065642794983496],[-82.365793604546681,41.065630882177892],[-82.367752252977951,41.065629927057117],[-82.369739912454747,41.065623432939248],[-82.371655027932761,41.065616942846169],[-82.373620921472607,41.065610393021004],[-82.374048921330257,41.065610157953977],[-82.37500409752424,41.065611456320937],[-82.377954458829905,41.065601996503247],[-82.381813695958144,41.065587390961973],[-82.385643915688831,41.065567153300478],[-82.389481376612579,41.065557772469838],[-82.393362362083806,41.065542789136664],[-82.39717080155792,41.065527650685759],[-82.401015510285845,41.065506906363936],[-82.404889230556577,41.065486041095774],[-82.408719416585797,41.065476016125395],[-82.412556856849164,41.065454883718125],[-82.416372528172701,41.065439109982918],[-82.420217215306863,41.065406741712238],[-82.424061893192331,41.06539071638678],[-82.427928329977277,41.065363582829008],[-82.431772998191704,41.06534180911418],[-82.435603152842717,41.065325397489978],[-82.437010443458391,41.065325387496294],[-82.436966898082545,41.064540244702123],[-82.436887060810349,41.062843675332424],[-82.436792721385544,41.0611580856662],[-82.436720149261717,41.059445043900048],[-82.436676611407677,41.058539108697445],[-82.436625824260986,41.057748474590774],[-82.436546012834384,41.056051905756256],[-82.436466208547429,41.054399261541015],[-82.436357399475924,41.052708184272646],[-82.43624859823818,41.051006126254862],[-82.436139804891297,41.049309558944486],[-82.436031019304025,41.047618482265264],[-82.435914989436867,41.045927405628582],[-82.435835226298778,41.044225348046766],[-82.435740966032142,41.042534271430284],[-82.435646712580535,41.040832213715809],[-82.435552465757183,41.03913564637665],[-82.435458225637447,41.037433588354148],[-82.435378493527182,41.035742511262676],[-82.435298757197828,41.034562051245494],[-82.435211785095973,41.032865483161657],[-82.435117568795789,41.031168914714925],[-82.435023358941393,41.029472345958304],[-82.434929155038006,41.027792248411053],[-82.434827708585729,41.026084697862188],[-82.434733518133754,41.024388128111276],[-82.434639335251461,41.022658614955041],[-82.434617607928033,41.022087601195423],[-82.43453790723116,41.020994987488457],[-82.434450985563103,41.019287435906179],[-82.434356820712594,41.017590864924088],[-82.434262661537133,41.015910765233713],[-82.434183006337832,41.014214194145126],[-82.434096108352193,41.012523113237336],[-82.433994721808517,41.010804579239384],[-82.433893338387037,41.009157421838971],[-82.433813707183418,41.007466340931806],[-82.43371234003024,41.005764278393499],[-82.433618226908806,41.004067706704028],[-82.433531366921102,41.002382116478593],[-82.433451735723608,41.001064391011973],[-82.433394635922141,41.000024857882366],[-82.433390199212511,40.999903526437087],[-82.433310501716079,40.998657174929136],[-82.433245300549601,40.997416313972444],[-82.43314387013686,40.996169961318934],[-82.433085921667058,40.994923609434331],[-82.432998990872065,40.993693728146361],[-82.43293379271671,40.992886618185544],[-82.432303385205103,40.992875618790599],[-82.429339742946652,40.992875487032713],[-82.426412330887686,40.992858811796069],[-82.423470424977296,40.992847552931664],[-82.420514024331183,40.992841709789026],[-82.41818078809186,40.99282490820498],[-82.41813767572097,40.991336966842027],[-82.418058457285696,40.989360362431718],[-82.417986487223558,40.987394740093954],[-82.417914523802963,40.985423627035473],[-82.417842564402264,40.983458004231501],[-82.417770610470825,40.981492381051176],[-82.417691420230099,40.97951577519224],[-82.417619476233853,40.977555641492167],[-82.417554783454676,40.975590017709543],[-82.417490097279867,40.973618902607164],[-82.417396439672231,40.971653272589606],[-82.417353495393115,40.969682159037802],[-82.417332285023903,40.967711047853513],[-82.417289346180297,40.965745422596825],[-82.417260896844098,40.963779798361045],[-82.417239694364298,40.961808683335043],[-82.417218493990802,40.959837566817654],[-82.417175567164833,40.957871935794699],[-82.417147130541309,40.955895324239599],[-82.417118695942207,40.953918710867896],[-82.417083020001968,40.951947584994592],[-82.417040103126865,40.949981946524957],[-82.417018912197165,40.948016309483648],[-82.417004962979917,40.94605067144272],[-82.416947570285672,40.944079533407518],[-82.416926381413731,40.942113889526958],[-82.41688347117352,40.940148239608661],[-82.416876761183715,40.93818808376156],[-82.416848333639479,40.936216940945499],[-82.416805429052943,40.934251285875206],[-82.416784246602731,40.932291124720514],[-82.416770311656947,40.930314492524403],[-82.41675637531678,40.928354331898291],[-82.416756921392661,40.926388682728238],[-82.416742992248146,40.924423030755939],[-82.416736304572822,40.922457379645557],[-82.416722381147522,40.920491726932056],[-82.416730174837099,40.918526077547902],[-82.416709020324888,40.916554932188049],[-82.416709580509533,40.914589280803824],[-82.416702963590225,40.912420473811224],[-82.416710765563764,40.910454822857908],[-82.416689621310624,40.908489166508112],[-82.416697427583614,40.906523514768047],[-82.41669075934081,40.904568841426546],[-82.416698577731808,40.902575735634258],[-82.416691516631516,40.901977253113444],[-82.416163271283764,40.901966178522216],[-82.416185575433346,40.899989546612431],[-82.416186169942193,40.898023891741978],[-82.416172294104115,40.896063724543048],[-82.41618736357789,40.894103562169505],[-82.416180732774066,40.89213241419943],[-82.416181337057196,40.890172248487239],[-82.41616747662664,40.888206589139813],[-82.416175325888688,40.886235442715716],[-82.416175940483612,40.884275275976201],[-82.416183777531032,40.882309615239294],[-82.416162635361871,40.880338445983547],[-82.416170400141041,40.878383746634391],[-82.416170926910084,40.876412570237783],[-82.416185610060197,40.875022450551505],[-82.416190574949525,40.872223503521603],[-82.416227749308021,40.86823742152017],[-82.416272232464834,40.864207299149307],[-82.416331177751587,40.860221085230847],[-82.416361188454971,40.856262319548328],[-82.416412911881793,40.852237668003987],[-82.41645014859418,40.84830635299739],[-82.416530791535706,40.844287191241243],[-82.41653912414931,40.840311939297024],[-82.416525772934307,40.836347661348924],[-82.416519667881758,40.832355927343947],[-82.416527680579918,40.829588617818395],[-82.416130196545197,40.829324998088403],[-82.415956756486707,40.82918770131036],[-82.415790563323426,40.828990007827329],[-82.415725578592827,40.828753896637316],[-82.415667871669683,40.828353065676289],[-82.415704071639695,40.828155406729195],[-82.416015016801268,40.827705222422168],[-82.416253648024465,40.827353857787173],[-82.416564595229033,40.826870727765581],[-82.41691891843071,40.826343678301143],[-82.41725150991347,40.825970363923865],[-82.417504544192056,40.825767247897758],[-82.417692497512803,40.825668444575605],[-82.417931039955164,40.825591611513225],[-82.418147877925634,40.825591644505543],[-82.418473112286151,40.825679544457351],[-82.41874051972539,40.825783907166034],[-82.419087396192566,40.82604751098669],[-82.419318631318703,40.826294625388051],[-82.419441435747828,40.826591140477127],[-82.419520875540385,40.826876667982759],[-82.41954245307663,40.827321417667463],[-82.419578513600541,40.827656355344025],[-82.419650754679807,40.827826577028048],[-82.419751921886942,40.827941895650135],[-82.419910922747832,40.828024277869559],[-82.420069932892545,40.828068224980576],[-82.420250637896444,40.828068249174542],[-82.420373524762368,40.828035321275507],[-82.420453060922156,40.8279200270781],[-82.420510935747402,40.827700406711692],[-82.420525427834164,40.827541178335132],[-82.420568842209036,40.827338028134406],[-82.420662844456388,40.827173319376179],[-82.420706255770099,40.826981150513845],[-82.420728004628316,40.826690146241354],[-82.420713624264621,40.826349720990073],[-82.420655848040326,40.826135576204436],[-82.420533026734574,40.825893969390933],[-82.420265657753802,40.825608417681543],[-82.420106689198974,40.825410731183517],[-82.419962191566171,40.825152648712397],[-82.419839373460775,40.824916531822133],[-82.419759904944982,40.824757290581601],[-82.419716569375822,40.824625507777384],[-82.419680457856302,40.824510198057816],[-82.41970940978436,40.824339990299642],[-82.419788954691882,40.824175280189586],[-82.419947991597354,40.824065487875814],[-82.420107021571269,40.82398314885539],[-82.42036723073879,40.823939257967517],[-82.420750298886688,40.823950289440361],[-82.421090007830827,40.823928369985225],[-82.421249031268871,40.82386799222305],[-82.421285201917442,40.823719747790363],[-82.421249100110614,40.823549531539449],[-82.421046752115942,40.823423219964155],[-82.420497491424626,40.823230974577861],[-82.419962695662775,40.823011275041338],[-82.419550785003636,40.822742173903855],[-82.419203946432518,40.822390720024231],[-82.418777650597036,40.821874532384598],[-82.418495878172976,40.821484650881466],[-82.418279099845648,40.821308915933301],[-82.41811288420223,40.821248493058647],[-82.417831034083861,40.821171580046737],[-82.417563637986078,40.821100159319514],[-82.417433572788184,40.820995815485048],[-82.417354102981719,40.82088049811712],[-82.417375823217029,40.820743233926109],[-82.417549365206142,40.820435781766449],[-82.418033842561996,40.819524399659848],[-82.418048364658588,40.819271829427862],[-82.417954469613434,40.819052186833872],[-82.417838878760477,40.818887447863766],[-82.417817229940809,40.818766648989836],[-82.417636693357821,40.818245003850222],[-82.417557272155037,40.817964965392513],[-82.417528477605387,40.817553157892853],[-82.417492391038664,40.817377449604088],[-82.417297321093415,40.817163281128259],[-82.418229823718391,40.816345310824467],[-82.418490059333294,40.8160927774965],[-82.41855513880931,40.815950028846864],[-82.418547952275858,40.815796288016124],[-82.418287858420513,40.815521713705429],[-82.417724278836332,40.81510982417835],[-82.417066753914327,40.814714388825699],[-82.413677412284471,40.814702810225789],[-82.408466926434912,40.814690719427567],[-82.408315169096127,40.814679702213262],[-82.408222728685033,40.811088751942158],[-82.408158635080852,40.808848522930774],[-82.408151598711655,40.808398282043726],[-82.406027144656136,40.808370301533969],[-82.401973348426978,40.808303300626804],[-82.397883419866588,40.808247129148327],[-82.393807943032158,40.808196310761012],[-82.389761384409169,40.808128889541223],[-82.388749745438446,40.808112012314908],[-82.388707317969335,40.806810689636961],[-82.388636637688748,40.804603382336417],[-82.388566164464194,40.802116045768962],[-82.38856617234363,40.802105064277058],[-82.388566251139849,40.801995249356139],[-82.388551835786473,40.80194582675761],[-82.38853740862794,40.801912876395271],[-82.388610131167368,40.801259506956569],[-82.38855236793772,40.801204575958977],[-82.388241917023237,40.800875004160126],[-82.387815905163265,40.800490476240441],[-82.387541575253024,40.800177389660064],[-82.387440575619721,40.799968699061615],[-82.387440692692905,40.799809467327563],[-82.387621482992387,40.799589912518655],[-82.388011864663227,40.79928259196965],[-82.388207066068944,40.799112458958554],[-82.388301115352832,40.798942284225049],[-82.388467466188459,40.798700759181116],[-82.388583118333258,40.798629426570315],[-82.388799983596158,40.798470282898172],[-82.389103551843547,40.798305683040788],[-82.389464937868084,40.798113651774813],[-82.389884094641076,40.797960077574118],[-82.389970840269854,40.797894222895678],[-82.390057620151111,40.797778951398833],[-82.390043219991938,40.797707565935141],[-82.389992714344018,40.797608712436158],[-82.389877234484075,40.797438453390633],[-82.389819550542427,40.797273707927708],[-82.38984856543415,40.797108996853325],[-82.389985983753533,40.796900402670317],[-82.390108982143204,40.7966478766078],[-82.390123661140805,40.796318437180538],[-82.390094865257979,40.796170175461754],[-82.390037136001254,40.796071319086238],[-82.389921616568074,40.795961458286499],[-82.389784400184652,40.795884533274339],[-82.38961104110227,40.795835047460166],[-82.389408783333096,40.79578554981304],[-82.388903240285558,40.795521789928323],[-82.388599980376682,40.795274582704678],[-82.388498858605615,40.795241596907701],[-82.388397685348565,40.795279990833933],[-82.388231477854077,40.795334830249175],[-82.388094228748599,40.795307320014942],[-82.387812558400313,40.795180916251375],[-82.387480417614611,40.794917221822274],[-82.387220537826622,40.794637084472193],[-82.387061722809122,40.794466804250263],[-82.386859700474332,40.794109819755761],[-82.386636010921848,40.793747334910783],[-82.386426665296455,40.793527615462892],[-82.386072860803992,40.79326939835547],[-82.385726279307207,40.793016674026795],[-82.384989739596818,40.792560620020801],[-82.384650467411802,40.7922090618883],[-82.384433934753133,40.791956390959776],[-82.384289646761019,40.791703751761638],[-82.384253797428457,40.791357817699669],[-82.384239577974881,40.791066800872784],[-82.384102790815845,40.790468246687034],[-82.383785572785527,40.789671946286525],[-82.383590855061072,40.789271035367229],[-82.383222850934459,40.788776704962437],[-82.382999030460681,40.788639336451574],[-82.382775146629697,40.788578837798241],[-82.382334558270074,40.788512749960901],[-82.381756679970906,40.788496014354898],[-82.381164400012622,40.788429853080281],[-82.380846624564825,40.788358326373867],[-82.380565081796007,40.788160529536924],[-82.380182491843982,40.78787483333506],[-82.379857684466728,40.787600144811229],[-82.379215395926579,40.786951936154736],[-82.378955651148786,40.786633350809318],[-82.378948618138509,40.786430191544738],[-82.378872313423656,40.783091810932454],[-82.378816346429474,40.781181021252799],[-82.378831236309466,40.780714319104],[-82.378774375444749,40.779747928276016],[-82.378698094332989,40.776426013903667],[-82.378614573373653,40.773115069264485],[-82.378538286329203,40.769771173366699],[-82.378469177314159,40.766443741372946],[-82.378385618569766,40.763088835657051],[-82.378294831773587,40.759706459557648],[-82.378218447987209,40.756335060403927],[-82.37813478871891,40.75300208296828],[-82.378029158747097,40.750009518717093],[-82.37795902866452,40.747549484381572],[-82.377931586897304,40.745841810656735],[-82.377903732892534,40.744628312099948],[-82.377855733194593,40.741635745088104],[-82.377841454052131,40.741449046690192],[-82.377834889023845,40.740680313028975],[-82.377823953366942,40.736584046792231],[-82.377832801180347,40.734689652361446],[-82.377822135809566,40.730335239413506],[-82.377818120212538,40.726667176309547],[-82.376150906737649,40.72667735334543],[-82.375004069861731,40.726666900103105],[-82.356307815785527,40.726671433896826],[-82.34874364772503,40.726740454686542],[-82.339324961184872,40.726638936747136],[-82.339437352778674,40.7197368515615],[-82.33916622830192,40.710391396095275],[-82.33916938934837,40.701067799835798],[-82.339100468181087,40.691738684388689],[-82.339132631665919,40.682497355879057],[-82.339164726519996,40.673107776329232],[-82.339067065448219,40.663800595147656],[-82.338875729589518,40.65449892166145],[-82.338824712305481,40.653164624964205],[-82.338795381819779,40.65196759757027],[-82.338691657985464,40.645131345215709],[-82.338580841701969,40.638421382457032],[-82.338551402722402,40.636878408520872],[-82.338558221529084,40.635890009122868],[-82.338498749828005,40.631228009042339],[-82.338432172093988,40.626670316417652],[-82.338410055293863,40.625021548931599],[-82.338411606342206,40.623918024700259],[-82.338411604225044,40.623912533489971],[-82.338279173568935,40.616592720094836],[-82.338175323406332,40.609262080679031],[-82.337594223247748,40.580093594066966],[-82.337389708346564,40.572861879955582],[-82.336921945009067,40.554708438676869],[-82.322913237641401,40.556215277745444],[-82.317139678076927,40.556841705439446],[-82.317132478990729,40.556841705808438],[-82.297946452176049,40.559021073823629],[-82.27477025945727,40.561712274511343],[-82.250004018702654,40.564584383918508],[-82.220295022386921,40.568148566030175],[-82.220317789502801,40.570405437855392],[-82.220478959953041,40.589404893034903],[-82.220481776142094,40.594731350857586],[-82.220827113388665,40.625019700863092],[-82.220854369499648,40.625195646495371],[-82.220869903401933,40.627348171451608],[-82.220869914980739,40.627370136014392],[-82.220900912595837,40.631411601320139],[-82.22095341102856,40.635129075195564],[-82.220991200943871,40.638286456129613],[-82.220991240474362,40.638357840630903],[-82.220991255675543,40.638385296208533],[-82.221088843639706,40.645617083939328],[-82.221088868793416,40.645666504280207],[-82.221186251515604,40.652848896549017],[-82.221227966801052,40.663798213284188],[-82.221236750028353,40.666807350069185],[-82.221229806434607,40.667318027104628],[-82.221143276209801,40.667323544300942],[-82.215749384995632,40.667347004089507],[-82.195846675747902,40.667405230398892],[-82.165602834104973,40.667590391576454],[-82.136338959127414,40.668163507552102],[-82.127028825359673,40.668323862089814],[-82.126545648925671,40.668318123095347],[-82.126379780676388,40.668318037560901],[-82.126350934018149,40.668318022660756],[-82.126350897081863,40.668361952276264],[-82.126350795444949,40.668482758716529],[-82.126594354430992,40.678691022801893],[-82.126706434491169,40.690804640612249],[-82.126732988766946,40.701776009395374],[-82.12676457551342,40.716151402111308],[-82.12676371089438,40.726435802529735],[-82.126720401887496,40.726441270820075],[-82.12646057375504,40.726441134989273],[-82.126417269023193,40.726441112317694],[-82.126417242648657,40.726474057713901],[-82.126424345803244,40.726616824895629],[-82.126685017183959,40.743106435311454],[-82.126809106681662,40.749931973736878],[-82.126805912760489,40.75000837344929],[-82.126818365668413,40.755664802929779],[-82.126847879909178,40.76306147487044],[-82.126892222820999,40.770189165507738],[-82.126975592193801,40.774044110915391],[-82.127073831738642,40.777443298017609],[-82.12720492078499,40.78475783158256],[-82.127307013644725,40.792143672309109],[-82.127423606429062,40.799243804717882],[-82.127556535300116,40.804169399775901],[-82.127714485406813,40.813570259423471],[-82.127598852669834,40.813570201103687],[-82.126515517508182,40.828928268682205],[-82.12619811315048,40.835874252430564],[-82.125800205461232,40.84353944601029],[-82.125743145810574,40.850134067941895],[-82.125737635434135,40.855866646659877],[-82.12570665980374,40.858030081101354],[-82.125569819705689,40.865201266502517],[-82.125441170919032,40.871488426942328],[-82.125351225766664,40.875008143221429],[-82.125327695876095,40.876962941544413],[-82.12530349268313,40.879637075580298],[-82.125243521929562,40.881877408284048],[-82.125264131464036,40.883047026827398],[-82.12519104992181,40.883832219067088],[-82.125190458690867,40.88446370000063],[-82.125124882454287,40.884957868239361],[-82.125153194289567,40.885627805064473],[-82.12514470427385,40.886967647869952],[-82.125553730450278,40.890592074894933],[-82.125819280005473,40.892926011347676],[-82.125883872771752,40.893497142054336],[-82.12596303978431,40.893958455351722],[-82.126438422024961,40.896336464389528],[-82.12733891245405,40.900779503076613],[-82.127425711035116,40.900823482395253],[-82.127903316582106,40.900829236529781],[-82.128014619165626,40.905843007878893],[-82.12819519307682,40.914382292414516],[-82.12831323289484,40.920065792183301],[-82.128459546668452,40.926594713336478],[-82.128543539396389,40.929900358190565],[-82.128425854010246,40.932019838772689],[-82.128279090332612,40.934265598928562],[-82.12824975473427,40.934693885077685],[-82.128183553543934,40.935879915911322],[-82.128066555840945,40.937192215231676],[-82.128379163037408,40.944056162924845],[-82.128531118323366,40.95256732085943],[-82.128579467071262,40.955290889964473],[-82.128796744171183,40.963631914578869],[-82.129000612687193,40.970742961064019],[-82.129140720804784,40.976256058735459],[-82.129286654888318,40.983493310151751],[-82.129397930352937,40.988984354146837],[-82.129475334410557,40.99172438151848],[-82.129475329802517,40.991729872470209],[-82.138997207082951,40.991832805373335],[-82.152657093352744,40.991924969078667],[-82.168309679928441,40.991999311986113],[-82.173621307615832,40.991977929984671],[-82.173555341138268,40.996546329842083],[-82.173529627481216,41.000024095222841],[-82.173421110010736,41.00263069400085],[-82.17330459808602,41.005244339110995],[-82.173209821130555,41.00786347530164],[-82.173122345762948,41.010202575780895],[-82.173013074718469,41.012750324749121],[-82.172896512404563,41.015462796748977],[-82.172816188924457,41.018175271223633],[-82.172764860536162,41.0208822565193],[-82.172699063474894,41.023435494362829],[-82.172640508825651,41.026010694860823],[-82.172581916288863,41.028750618977924],[-82.172523372191037,41.031254435127792],[-82.172450324812118,41.033752757016451],[-82.172391755165734,41.036349913981532],[-82.172318601478295,41.039309461808656],[-82.17226003787782,41.041851706314809],[-82.172179699394391,41.044465326662106],[-82.172128505595595,41.046436523119837],[-82.172055361586857,41.049280753991994],[-82.172040741298488,41.049807869658181],[-82.171931383556213,41.052388533758858],[-82.171851036459969,41.054947235335781],[-82.171807053665404,41.057044712129269],[-82.17177749956339,41.059488107714081],[-82.17168999674665,41.061541647883487],[-82.171602502159075,41.063534787707923],[-82.171892672626626,41.06354580488604],[-82.176216243139407,41.063568211666301],[-82.178356264680005,41.063579352393077],[-82.182034196077424,41.063639930977345],[-82.18395658777942,41.063661941239552],[-82.187728829144149,41.063722338608031],[-82.189622204758763,41.063744254434901],[-82.192676273263501,41.063804510826152],[-82.194729246974404,41.063842805109495],[-82.198378171231028,41.063891880918959],[-82.203565002885369,41.06391865123647],[-82.2049650850185,41.06392940826688],[-82.209230628688331,41.063989017834004],[-82.214417468876306,41.064048244833558],[-82.218247735045907,41.064058212196926],[-82.221577456045281,41.064073699736191],[-82.223623172838529,41.064095010132078],[-82.227540521564535,41.064165038983141],[-82.22935409572861,41.064175350304332],[-82.233111866824416,41.064261722556594],[-82.234236294399494,41.064283219053706],[-82.236862376976674,41.064331503667113],[-82.239735115781414,41.064390594947454],[-82.245299181778222,41.064437277464663],[-82.25000405914929,41.064506086379112],[-82.255557926770692,41.064581967447545],[-82.257937308620029,41.064610533999051],[-82.263225543623051,41.064794025857147],[-82.270552215556435,41.065043894596968],[-82.271466237479913,41.065077154133434],[-82.279039581983241,41.06536500711691],[-82.286975755921759,41.065482232666199],[-82.294984495844275,41.065560492022151],[-82.302891677696721,41.065671135063354],[-82.31073358754675,41.065731821202846],[-82.318742347094897,41.065737056098065],[-82.32413954248635,41.065692643679434],[-82.326134472302712,41.065681417928992],[-82.328078622454811,41.065675655567425],[-82.330066300850746,41.065680834191618],[-82.332053977537839,41.065680487611225],[-82.334048910083254,41.065685595590161],[-82.335964043373039,41.065685195440764],[-82.336776526179051,41.065690506580808]]]},"properties":{"NAME":"Ashland"}},{"type":"Feature","geometry":{"type":"Polygon","coordinates":[[[-80.51959165945658,41.977584432988223],[-80.520541125233507,41.977329486568024],[-80.520967923867332,41.977219823561306],[-80.521762759845942,41.977044394211511],[-80.521983495542671,41.977000538321711],[-80.522741610028746,41.976665809585938],[-80.523058159935132,41.976479231301496],[-80.523683662739487,41.976248810737005],[-80.523904510165096,41.976188479396853],[-80.524095873704908,41.976067770336421],[-80.524301877943174,41.975974502323055],[-80.524692034117152,41.975820929808343],[-80.525030477821559,41.975771621287947],[-80.525655890145359,41.975826715269349],[-80.526097319995756,41.975870779193734],[-80.526354770846893,41.975854457839219],[-80.527326262208405,41.97548134386696],[-80.528076770521267,41.975333385218455],[-80.528864175433256,41.975075509689063],[-80.529305814352995,41.974894481759335],[-80.529865092914207,41.974636565093384],[-80.530725984931166,41.974395279923556],[-80.531601716340177,41.974203316119734],[-80.531925422351009,41.974104569864181],[-80.532278697170725,41.973940013199893],[-80.532690830087404,41.973813793745492],[-80.534530403507674,41.973325617536133],[-80.534993982353669,41.97317753159976],[-80.535509056538913,41.973051358460992],[-80.536097597208069,41.973029508438593],[-80.536620078243359,41.973013153295291],[-80.536803894566887,41.973013174098156],[-80.537112985112088,41.972947409333941],[-80.53748825552853,41.972876055792007],[-80.537856167979285,41.972870691358786],[-80.538606554070668,41.972832456589273],[-80.538694939750613,41.972810474669195],[-80.539180479354172,41.972728209782368],[-80.539519043775584,41.97255807777524],[-80.539695652766611,41.972519696039022],[-80.540026704853361,41.972453831307874],[-80.540254848831324,41.97241547492181],[-80.540740394307747,41.97241561578609],[-80.541299546107581,41.972300401099531],[-80.541704249206859,41.972179703937265],[-80.542557782732317,41.971927222567416],[-80.542822678418787,41.971795516759357],[-80.542955183457138,41.971713181395216],[-80.543278830577577,41.971905412965754],[-80.543602592044579,41.97160902474014],[-80.543933816085186,41.971433356461105],[-80.544448780883044,41.971318131178244],[-80.545559798150705,41.971038276937414],[-80.545964488812245,41.97093404721516],[-80.546405894255813,41.970945068035597],[-80.546810547594589,41.97103295035523],[-80.547296094790326,41.971082510860157],[-80.547560919775293,41.971044104387595],[-80.548046590567523,41.970939825974114],[-80.548230479062937,41.970928840457319],[-80.548370242114146,41.970945332063557],[-80.548576324044859,41.971038732029641],[-80.548620345644537,41.971077183926838],[-80.54989167036473,41.970949736524844],[-80.550282849826772,41.972603691894456],[-80.550827310430293,41.972515934094247],[-80.551084913426152,41.971994366552529],[-80.552269465923885,41.971621154073404],[-80.55225482572304,41.971505809992919],[-80.551953180151713,41.97151129896379],[-80.551717853877463,41.970544942000842],[-80.551725200567716,41.970495523330378],[-80.551762038803929,41.970457117966284],[-80.552365305397984,41.97027591167322],[-80.551953410922565,41.969688413427512],[-80.55202710605225,41.969419397427487],[-80.552086013766996,41.969331540598922],[-80.552387645452981,41.969068096443976],[-80.552600992443615,41.968985704711109],[-80.552718710567333,41.969013183545705],[-80.552806943050129,41.969046131693943],[-80.55284373560194,41.969117518734002],[-80.553306991230897,41.970731718591303],[-80.553211339493046,41.970896441247618],[-80.552990520186498,41.971149033542609],[-80.55260798973778,41.971450983482832],[-80.552637344560793,41.971533329867668],[-80.552710966058228,41.971533346333622],[-80.5531082541182,41.97133016797347],[-80.55340261164902,41.971072187083585],[-80.553615944740116,41.970698873809539],[-80.553638077655364,41.970363906874205],[-80.553505847114721,41.969666626915902],[-80.553351413778429,41.969090131633862],[-80.55332205920169,41.968886914085274],[-80.553373557779878,41.968667348320274],[-80.553572215599573,41.96845871235243],[-80.553895886129453,41.968321445145058],[-80.554035748038118,41.968288572974451],[-80.554366784002781,41.968167815488329],[-80.554116679699476,41.968035976087407],[-80.554131406980261,41.967931644387839],[-80.554028449709008,41.967777948892085],[-80.554021118931772,41.96763516256707],[-80.554124113572854,41.967437502743486],[-80.554800857041755,41.968085465143083],[-80.55497007215773,41.968239236492032],[-80.556382630285071,41.967673759030262],[-80.55566176587763,41.966652483363859],[-80.556037081286291,41.966218815751205],[-80.556257743249304,41.966158422118014],[-80.557383337298106,41.965669822355103],[-80.558229317585671,41.965318481074164],[-80.558913503926902,41.964978041094255],[-80.559023955265715,41.964956128292549],[-80.55977422076397,41.96497260641835],[-80.560039079444479,41.964994607040644],[-80.561046957300704,41.965192289413544],[-80.561171938743016,41.965708316448747],[-80.561473531156338,41.96556562954023],[-80.562341703954402,41.96507149478326],[-80.56319496926632,41.96463773241566],[-80.56382764621614,41.964324718176599],[-80.564305803949722,41.964000846695697],[-80.565151811593879,41.963512190739351],[-80.565490162616172,41.963391338798985],[-80.565821242880418,41.963292525056588],[-80.566527364622573,41.963017962326624],[-80.567196785772467,41.962726954640743],[-80.567593988844834,41.962556780761219],[-80.567910376437666,41.962380987516688],[-80.568344342564259,41.962144929392963],[-80.568579708620774,41.962029625763684],[-80.568895990658589,41.961958218318856],[-80.569484467016082,41.962018609359504],[-80.569624336703185,41.96203507554128],[-80.569778815579809,41.961996564660545],[-80.570234828112149,41.961782468487797],[-80.570587888336988,41.961606714962379],[-80.570904192664472,41.961513325437522],[-80.571272001707911,41.961387072282903],[-80.571911945126345,41.961167350979188],[-80.572897546916451,41.960920270149394],[-80.573294820991563,41.960898238793334],[-80.573530267616903,41.960986028892556],[-80.573633272867582,41.960975062680077],[-80.573839155585901,41.960881705482151],[-80.574155468989801,41.960694996426867],[-80.574405573984023,41.96062909277812],[-80.574707106040321,41.960596163794996],[-80.57501602433824,41.960541194652762],[-80.575229410100448,41.96042588608006],[-80.575744260479368,41.960068957251686],[-80.576134055018699,41.959772360698175],[-80.576362000220257,41.95966259786691],[-80.577009315031006,41.959563656599762],[-80.577244667168372,41.959464817528307],[-80.577774279858019,41.959135314515109],[-80.578428873951452,41.958827703979388],[-80.57919379924391,41.958586063540295],[-80.579789547246477,41.958399281259318],[-80.580054320337752,41.958283971442121],[-80.580385251376555,41.958108196711564],[-80.580723530369028,41.957970906963801],[-80.580951546220248,41.957866539279088],[-80.58137819535591,41.957685256343382],[-80.582179888337777,41.957482008844998],[-80.582591733394153,41.957405056617297],[-80.583606729630759,41.957223740013923],[-80.584173121936118,41.957075377643484],[-80.584349646708503,41.957020444371786],[-80.584570262632056,41.956976478476392],[-80.584790823133588,41.956866581978467],[-80.584974665540912,41.956762226701798],[-80.585298297919451,41.956685306267424],[-80.585555813361822,41.95666326819422],[-80.586173583462426,41.956591819429661],[-80.586857681573164,41.95652573979028],[-80.587004718860726,41.956514739759761],[-80.587843259558298,41.956355358206494],[-80.588637537517599,41.956267326258946],[-80.589086198325234,41.956223267356343],[-80.589424558116733,41.956162870438732],[-80.589821754992272,41.956052964903805],[-80.590726288286646,41.955855068466704],[-80.59135889389826,41.955706636173161],[-80.591836922877917,41.955635200120298],[-80.592094310926996,41.95561314691021],[-80.593065065551983,41.9552834268721],[-80.593528404057551,41.955206437544426],[-80.594205042929033,41.954942767683221],[-80.595190425379144,41.95466243868038],[-80.595683195713193,41.954623913477825],[-80.595903965094223,41.954667742976696],[-80.596161431433629,41.954728093514518],[-80.596595388576986,41.954755377793482],[-80.596933713939762,41.95487059198576],[-80.597264784456016,41.954892468870959],[-80.597360312176775,41.954859478419493],[-80.597588323599098,41.954711124060417],[-80.597845670505265,41.954540895235638],[-80.598088313358687,41.954387096897271],[-80.598441234971105,41.954117945601361],[-80.598904417254985,41.953870704567009],[-80.599272071109596,41.953656453769867],[-80.599889683911542,41.953332288362887],[-80.601095592683279,41.952777426776059],[-80.601676497360458,41.952552109424836],[-80.602823648778269,41.952167345317207],[-80.603956107439402,41.951854033459391],[-80.604426838969559,41.951804406306032],[-80.605037204710968,41.9516504175131],[-80.605544472395081,41.951447074160377],[-80.606007732570689,41.951238263563113],[-80.607301827846143,41.950787577598597],[-80.607640134677879,41.950688667255299],[-80.608794562073683,41.95032575451868],[-80.610779791384005,41.949660585093483],[-80.612441645628621,41.949154793147336],[-80.613331387919985,41.948940275265649],[-80.614595935986358,41.94845103760057],[-80.615845899189992,41.948077115331635],[-80.616059090714231,41.947994694495534],[-80.617816287192923,41.947428346387291],[-80.618345768988561,41.947290770143645],[-80.618647213404245,41.947257725232298],[-80.618867884657007,41.947296016377642],[-80.619257757873498,41.947405662264757],[-80.619551954092614,41.947394567801211],[-80.619860731544904,41.947284535056973],[-80.620037049622297,41.94715271704758],[-80.620235598528424,41.947015297911456],[-80.620750134215314,41.946751564585284],[-80.621139811228417,41.946608559975445],[-80.621433933465454,41.946548012570858],[-80.6215883093126,41.946515015579735],[-80.621816168884337,41.946377600146569],[-80.622007213505697,41.946284196929795],[-80.622227829982791,41.946229169990062],[-80.622485192313832,41.946223531164428],[-80.622705752188637,41.946157514700914],[-80.622926360589119,41.946042140136207],[-80.623676280307848,41.945855094272645],[-80.624021870697149,41.945739586589831],[-80.624205615719418,41.945717490499923],[-80.624440889959757,41.945651518839057],[-80.624882945805894,41.945543792990357],[-80.625002456379136,41.945475293345638],[-80.625056480002399,41.945413325905164],[-80.625588691737207,41.945222776056376],[-80.625919694516867,41.945146125749687],[-80.626184498063395,41.945063854747573],[-80.626331741544647,41.944970572281306],[-80.626787780965358,41.944904954687047],[-80.627074649184593,41.944762407082351],[-80.627310077810876,41.944669139684791],[-80.628111960813058,41.944400542804125],[-80.628744547828859,41.944241637428426],[-80.628810816983048,41.944214200568197],[-80.629310997203433,41.944066212464556],[-80.629553689479081,41.943967559813231],[-80.629803879992281,41.943907210221418],[-80.63025253029717,41.943803185676195],[-80.630532078395234,41.943693481138979],[-80.630649769016912,41.943660624479726],[-80.630657159498327,41.943655154048876],[-80.631223485495724,41.943562042493042],[-80.631752971684023,41.943518438035063],[-80.632150139301118,41.943513136796575],[-80.63269435764829,41.943529831478294],[-80.632811947134655,41.943535341735476],[-80.632988470061562,41.943529961867625],[-80.633370962058393,41.943475251601512],[-80.633672511308077,41.943398575044476],[-80.633849018041062,41.943332757426873],[-80.633849112442775,41.943316275079034],[-80.634032972291664,41.943272457506545],[-80.63459193150571,41.943179305903442],[-80.634797867027245,41.943135467334052],[-80.635437765206817,41.943064455980434],[-80.636165744790304,41.943053796473059],[-80.636827659559373,41.942971678620239],[-80.637864845045343,41.942681151035885],[-80.638460552166563,41.942615567679127],[-80.638938508747998,41.942615721520994],[-80.639114997751236,41.942615826359692],[-80.639350381147466,41.942654395411829],[-80.639732633774727,41.942725940124717],[-80.64001950478216,41.942726029791785],[-80.640188573643954,41.942737098130479],[-80.64045332905205,41.942808542160243],[-80.64079894956916,41.942808723870314],[-80.641343180193161,41.942693606543109],[-80.641600620650436,41.942649826685532],[-80.641630058240949,41.942627851694596],[-80.641835987333266,41.942584000495742],[-80.64232869422662,41.942556715173559],[-80.642711201384827,41.942518456517632],[-80.643123057156046,41.942430749861785],[-80.643387853998391,41.942386988871547],[-80.643564220499115,41.942408973272499],[-80.643939333421372,41.942420135483999],[-80.644549687495569,41.942387441178603],[-80.644799763643448,41.942387494975051],[-80.6451232731402,41.942437043134809],[-80.64530709123747,41.942420678462838],[-80.645637988590906,41.942508617429944],[-80.645998260065497,41.942629521267733],[-80.646218932059256,41.942624167173825],[-80.646513073836417,41.942552838223044],[-80.646961656400151,41.942520082972685],[-80.647226481939896,41.94247072891924],[-80.647763401130561,41.942256842933183],[-80.648101814072277,41.94200983092972],[-80.648168102442469,41.941976978830958],[-80.64819008849777,41.941949485096274],[-80.648226912042318,41.941944013699022],[-80.648543244984893,41.941762953330738],[-80.648763914082664,41.941669686892794],[-80.648977254166311,41.941570903394371],[-80.649080274871963,41.941526994550628],[-80.649153710195591,41.941510556308806],[-80.649256791054796,41.941477635919711],[-80.64955101381554,41.941367929965175],[-80.650073139664116,41.941208930076421],[-80.650234967300321,41.941154030927336],[-80.650389435696454,41.941099199197751],[-80.650440915948778,41.941104670101247],[-80.650558591800575,41.941071792994066],[-80.65094835334294,41.941028034701866],[-80.652382343853603,41.941088860767408],[-80.652588201167404,41.941055978444204],[-80.65288977205158,41.940902332418368],[-80.653058983341282,41.940819980526804],[-80.653617895756398,41.940748802962979],[-80.654147432174952,41.940666635776459],[-80.654279791133575,41.940617226370385],[-80.654441583547282,41.940567905441796],[-80.654765204339398,41.940529519241359],[-80.654882876953778,41.940496637670527],[-80.655302223502432,41.940222196412314],[-80.655677306985496,41.940057595203719],[-80.656030352946715,41.939975339961777],[-80.656162647444688,41.939914939737555],[-80.656618725721231,41.939717432616717],[-80.656648215761734,41.939684465475203],[-80.656773150277004,41.939624132587326],[-80.656817330083129,41.939618680421582],[-80.657339526814155,41.939327786253493],[-80.657457254718878,41.939283913747353],[-80.657714635288741,41.939201637910756],[-80.658288280895945,41.938965654847173],[-80.658376632747022,41.938910795548388],[-80.658678157025122,41.938806581976145],[-80.658847355278795,41.938724221417552],[-80.659075291450222,41.938597991278549],[-80.659509262293795,41.938493808587793],[-80.659648937811724,41.93842793196977],[-80.659972571329874,41.938202907670295],[-80.660156453403886,41.938126082875449],[-80.660215311118435,41.93808221330724],[-80.660310964331885,41.938060249365527],[-80.660369793199166,41.938021783783157],[-80.660531632630764,41.937961465879532],[-80.660722834080929,41.937846202262676],[-80.661274419323362,41.937648688472699],[-80.661649427942535,41.937560896308185],[-80.661892166634431,41.937462175231751],[-80.662009836101845,41.937313907592916],[-80.662053984866745,41.937313947527485],[-80.66226722719594,41.937204150340406],[-80.66248795691132,41.937138328554404],[-80.662598169625895,41.9370999228301],[-80.662782069459936,41.936995622704188],[-80.663532178754195,41.936754186850003],[-80.663870556126881,41.936611517876507],[-80.664046984462601,41.936551147616157],[-80.664069081898688,41.936523741175876],[-80.664370637863996,41.936386547234584],[-80.66453240682435,41.936315144908065],[-80.66471628349457,41.936260289604654],[-80.664936881250568,41.936172485796256],[-80.665194239685874,41.936090192950402],[-80.665510529917995,41.935925567852046],[-80.665620824840445,41.935870676773419],[-80.666098855715234,41.935662116975884],[-80.666385607772,41.935563334201831],[-80.666731257412366,41.935481024262437],[-80.667018064845749,41.935371251610164],[-80.667371013370229,41.935299949352121],[-80.668054913000347,41.93511890844767],[-80.668415310253735,41.934959716913049],[-80.668966860913713,41.934806119537924],[-80.669393382557786,41.934641441221565],[-80.669900696311942,41.934504284651005],[-80.670290524278215,41.934367058640284],[-80.670466976181856,41.934323161180096],[-80.670746421938858,41.934235334905352],[-80.671121405423747,41.934169488387113],[-80.671297912633676,41.934114601350259],[-80.671364096743105,41.934098128032979],[-80.671636174250168,41.933988391653884],[-80.67218775277523,41.933708411607313],[-80.67273924727742,41.933538313135777],[-80.67296721871179,41.933466997470987],[-80.672996641257157,41.933445014318501],[-80.673173080335957,41.933379135732707],[-80.673599551392314,41.933291360663439],[-80.673812777826328,41.933225495606379],[-80.673827484339427,41.933203560493958],[-80.67389366685785,41.933187085702436],[-80.674077506084416,41.933231021157162],[-80.674305437159305,41.933214554875214],[-80.674731924519378,41.933099304491243],[-80.674959910744448,41.933071848607376],[-80.675165730871313,41.933038925395536],[-80.675290746352957,41.932956595480839],[-80.675334947721154,41.932874307122496],[-80.675423156329785,41.932819344088756],[-80.675504071609978,41.932846863810354],[-80.675621673551376,41.932846835876383],[-80.676342319257984,41.932544976100623],[-80.676452664151981,41.932501063121926],[-80.676504083325696,41.932446085633863],[-80.676805536158213,41.932248512075148],[-80.676901119558593,41.932237522454265],[-80.677202630070113,41.932171629262754],[-80.677790916263206,41.932067360327579],[-80.67805552641893,41.932023518351684],[-80.678320302259081,41.931946620806862],[-80.678901164171094,41.931710554007196],[-80.679577608042379,41.931534917298116],[-80.679901167961873,41.9314965496214],[-80.680540857903466,41.931337377462896],[-80.681217267836018,41.931288008030101],[-80.681585002554428,41.93119463581894],[-80.681886391035675,41.931029923907602],[-80.681952584590547,41.930986063407232],[-80.682268720969404,41.930887231965784],[-80.682665846764351,41.930898237800669],[-80.682878982897577,41.930920173054552],[-80.683018685786081,41.931035487182235],[-80.683195131039753,41.931233135753487],[-80.683342159499659,41.931233181035886],[-80.683430506256911,41.931172808023959],[-80.683680474979312,41.930892751004784],[-80.68383490781892,41.930760954643162],[-80.683871694814272,41.930760965857502],[-80.684121610085242,41.930662217150513],[-80.684261309543956,41.930607298832719],[-80.68450392279162,41.930448092728597],[-80.684702441005385,41.930376672645878],[-80.685048082080101,41.930211983793889],[-80.685650948398148,41.929981347067709],[-80.685996556019958,41.929920955460787],[-80.686040700887659,41.929871538063701],[-80.686334807636328,41.929712378757856],[-80.686533267723334,41.92965194377463],[-80.686562683821862,41.929629957096594],[-80.686783214955682,41.929569581918017],[-80.68717297651007,41.929432297933772],[-80.687452323877466,41.929306060886837],[-80.688091998355318,41.929042546049409],[-80.688246445869595,41.929004055504265],[-80.688356629086286,41.928965624775337],[-80.688841973625301,41.928839312668359],[-80.689738941701506,41.928691053546025],[-80.690040299152201,41.928575767992577],[-80.690452039057661,41.928455014780269],[-80.690562340593203,41.928416582236466],[-80.690907852863177,41.928323210115387],[-80.691510774116423,41.928098036734823],[-80.691804885352767,41.927933369077181],[-80.691878346976068,41.927905914915392],[-80.691907786831507,41.927878432691877],[-80.692267974299995,41.927691693957669],[-80.692547402040447,41.927620386888918],[-80.693216486728332,41.927428166795181],[-80.693238542552692,41.92740615872988],[-80.693569368156915,41.927279864015134],[-80.693995796557189,41.927186518244817],[-80.6946133208925,41.927005321157466],[-80.694966218506579,41.926928439044289],[-80.694995604265102,41.926911944331565],[-80.695752872343846,41.926686797979201],[-80.69628956273101,41.926560410002359],[-80.696590992711407,41.926450601533034],[-80.697274714425035,41.926269384727249],[-80.697590759891526,41.926230856950028],[-80.698281824513927,41.926153953689955],[-80.698517141112276,41.926098998792526],[-80.698906709048686,41.925967258446533],[-80.698965529214163,41.925923278652519],[-80.699347851154641,41.925818898877267],[-80.699538990381271,41.925796971739068],[-80.699605210032701,41.925769493652091],[-80.699921320302451,41.925742038111821],[-80.700230076041024,41.925791391622425],[-80.700840308710312,41.925873684567989],[-80.701016755600904,41.925950522719823],[-80.701149112713978,41.926016437587506],[-80.70134025614044,41.926071246491951],[-80.701501986187239,41.926071306582003],[-80.701766708793144,41.925994354411195],[-80.702060744252677,41.925890006516809],[-80.702509120995103,41.925714272421523],[-80.702700272410226,41.925637397742861],[-80.702795924574048,41.92558243276288],[-80.703075243006793,41.925478044174938],[-80.703420739797153,41.925302310739298],[-80.70348691246167,41.925258437662848],[-80.704119039721903,41.924934376855461],[-80.704427754688979,41.924835464819431],[-80.705060020895431,41.924610295258205],[-80.705611300372311,41.924319164087542],[-80.705692228956011,41.924291720156148],[-80.705721565744611,41.924258739865849],[-80.705934783892886,41.924154445139841],[-80.706022953436104,41.924099548364154],[-80.706706653147208,41.923885219520564],[-80.707265215345629,41.92366002968506],[-80.707713652648152,41.923517240643143],[-80.708272370210082,41.923335910034417],[-80.708617803508261,41.923247978276038],[-80.708845722575916,41.923171096466412],[-80.70904412336165,41.923061264145026],[-80.709536624623098,41.922879939776237],[-80.709977769376223,41.922720640711994],[-80.710323200001483,41.92260532270781],[-80.710992155745146,41.922391021084522],[-80.711837468778725,41.922165719178246],[-80.712116847577903,41.922121745128891],[-80.712557869758697,41.922121678390205],[-80.713160726407494,41.922203887110648],[-80.713587134625541,41.922181803000647],[-80.713763547174111,41.922132344195276],[-80.714050212912539,41.922022452816165],[-80.714189891340666,41.921962093605813],[-80.714616235233194,41.921764280203163],[-80.714719129643683,41.921731300128876],[-80.714748531848969,41.921709396204669],[-80.715130681405213,41.921604963141],[-80.715439461089872,41.921456663485337],[-80.716093556702774,41.921159971808699],[-80.716468440807731,41.921061010550432],[-80.716857988500394,41.920918220420816],[-80.717409252468727,41.920692962980368],[-80.717776751411975,41.920599473500879],[-80.718158937249157,41.920429189700513],[-80.718364741994989,41.920357728888447],[-80.718577950570861,41.920275297376755],[-80.71912179922488,41.920115944289904],[-80.719188004355715,41.920088454805509],[-80.719371762255463,41.920011534139277],[-80.719548115224299,41.919945673637073],[-80.719827429472218,41.919857726747374],[-80.72037872615897,41.919758732322407],[-80.720635973289461,41.919753143232128],[-80.720981518591557,41.919769564786073],[-80.721525532671436,41.919736387869008],[-80.722106173420357,41.919571525462175],[-80.722481038170216,41.919472634531665],[-80.723363088402365,41.919406398688587],[-80.723833605133279,41.919329440282937],[-80.724252584212181,41.919290815910585],[-80.72472294930418,41.919164405404437],[-80.725134540974068,41.919076402094731],[-80.725487463104258,41.91908733348518],[-80.726318048365101,41.91892782022709],[-80.726810505825455,41.918850721722066],[-80.727053051794897,41.918784826872852],[-80.727486701859121,41.918669306283526],[-80.727721945632382,41.918647256491894],[-80.7281849980793,41.918564768319015],[-80.728486324422789,41.918542693111483],[-80.72868489385084,41.918581081315004],[-80.728986247892394,41.918580981790882],[-80.729184706248518,41.918531461150351],[-80.729361035238142,41.918410643168613],[-80.729493381766289,41.918339169483012],[-80.729816815439648,41.918278683194188],[-80.730088744196308,41.918278601660084],[-80.730566519146734,41.918278371811503],[-80.730970867005738,41.918217801749627],[-80.731286942777288,41.91815729409587],[-80.731919052491165,41.918074735710725],[-80.733131945233396,41.918013879749587],[-80.733852329133526,41.917958626585907],[-80.734396229240033,41.91794745541614],[-80.734727138623015,41.918002261408326],[-80.735160835913234,41.918045954642828],[-80.735682728980152,41.917990862877446],[-80.736564797142577,41.917941008396838],[-80.737424840640699,41.917880288505422],[-80.737711448771194,41.91785815548986],[-80.737763015548211,41.917869171576278],[-80.738498091644928,41.917846888256705],[-80.739306663287621,41.917780633001613],[-80.740659091422259,41.917593286552496],[-80.740820713543187,41.917554831296698],[-80.741202989103954,41.917521736727664],[-80.742283403713841,41.917383926918113],[-80.742922890653119,41.917350682683413],[-80.743430191178646,41.9173229943327],[-80.744356366997337,41.917306053292975],[-80.744584165933347,41.917272963291573],[-80.744620901207995,41.91728394325834],[-80.74548826506205,41.917195613753528],[-80.746157163456701,41.917162411917396],[-80.746884746558948,41.917046649432017],[-80.747362521137106,41.91698050391377],[-80.747582966517669,41.916914514235501],[-80.748207738578174,41.916815359790775],[-80.748597219516981,41.9167547802219],[-80.748979499765866,41.916716160789463],[-80.749324845478895,41.916655572707164],[-80.749553726565281,41.916627169809473],[-80.75000716562063,41.916647714625029],[-80.750175441446629,41.916663984084352],[-80.750631040395064,41.916594869782813],[-80.751035470516882,41.916474245674884],[-80.751858970589737,41.916342910317539],[-80.752028002014654,41.916288063710745],[-80.752292690806499,41.91625531087724],[-80.752660308850025,41.916173151315029],[-80.752969209211969,41.916057988354716],[-80.753153006756136,41.916019654731222],[-80.753785182360858,41.915937611213721],[-80.754005841769384,41.915877378385922],[-80.754042527105767,41.9158389072931],[-80.754123550944399,41.915778554358639],[-80.754461922257676,41.915493218574468],[-80.754866357218901,41.91527377423288],[-80.755278265117781,41.915054434495659],[-80.755543034556027,41.914873329156485],[-80.755719531187438,41.914725180638122],[-80.755859322809286,41.914620907678056],[-80.756315277174636,41.914390579499646],[-80.756440251395674,41.914313745591897],[-80.756749125597366,41.914138225500672],[-80.756881579891427,41.914028441449403],[-80.757087576097931,41.913858376411767],[-80.757300848105018,41.913677247836752],[-80.757683258571504,41.913441354116998],[-80.757881824003775,41.913353595705935],[-80.758469983099715,41.913233062958312],[-80.758734698978529,41.913189306351804],[-80.75933744608902,41.913068799427592],[-80.759756567775923,41.912975645825618],[-80.760131515894386,41.912893386617363],[-80.760491904963686,41.912674009897955],[-80.760602157783836,41.912630106010937],[-80.761315186272057,41.912520626330355],[-80.761410845899093,41.912509656727863],[-80.761403403609677,41.912597549060663],[-80.761300422320872,41.912696321163949],[-80.761381248631977,41.912718286146756],[-80.761469414346493,41.912679919784004],[-80.761565206534499,41.912504213249278],[-80.761668120894228,41.912487854343127],[-80.761741635142883,41.912465849972875],[-80.762160717519649,41.912251903981421],[-80.762234253174114,41.912191619809427],[-80.762851841283776,41.91199969926231],[-80.763285708564055,41.911763802765172],[-80.763374033411552,41.911714356717681],[-80.763550398825984,41.911659597879954],[-80.764020931329384,41.911582926951596],[-80.764447374079822,41.911429334288194],[-80.764770923083674,41.911286697694543],[-80.76528550260376,41.911133192548263],[-80.765506015955722,41.911072846648565],[-80.76576338420692,41.911056529499561],[-80.765910285284548,41.911078536129615],[-80.766101377279327,41.911182956199596],[-80.766395360774368,41.911177610693265],[-80.766534948360416,41.911320384806231],[-80.766630345225536,41.911446676204619],[-80.766747947861901,41.911534643078177],[-80.76690966081658,41.911529207349275],[-80.767093378130554,41.911474367926246],[-80.767328819725719,41.911287771411949],[-80.767417079249725,41.911188964036803],[-80.767733342562224,41.910925521120596],[-80.767865711524564,41.910832206871625],[-80.768159826157714,41.91059078497085],[-80.768682018652683,41.910195623496733],[-80.768895288100623,41.910069415658974],[-80.769211443627412,41.909899370485064],[-80.769358462199463,41.909888407494016],[-80.769483379355975,41.909954409320058],[-80.769497914918816,41.910069637411155],[-80.769372946160615,41.910184945387243],[-80.769277354349953,41.910245279857605],[-80.769211122732955,41.910322156038866],[-80.769144970334835,41.910377055384984],[-80.769240370975936,41.910503344624487],[-80.769394745936808,41.91049239638474],[-80.76954176756405,41.91051439859681],[-80.769703382312855,41.910602360783244],[-80.769776897127187,41.910679247552096],[-80.769806165093883,41.910821976354214],[-80.769835450788648,41.910926335581856],[-80.769989806908839,41.910920880739596],[-80.769997591994866,41.910399303951884],[-80.769843250999244,41.910300458365057],[-80.769806553112289,41.910245532408879],[-80.769850756429349,41.910124747846403],[-80.769887470283336,41.91010824871416],[-80.769887602750714,41.909970983072903],[-80.769843530304968,41.909921536571972],[-80.76967454205824,41.909839144079903],[-80.76963782478451,41.909789712266885],[-80.769667221087985,41.909729334665059],[-80.769850974149136,41.909729433274499],[-80.77009358487912,41.909691009753551],[-80.770284651147875,41.909669145366379],[-80.770711127471216,41.909532012140879],[-80.770784597824047,41.909554045858734],[-80.770799145109493,41.909801135551525],[-80.770696084350888,41.909927387154241],[-80.770703313530731,41.910130508309301],[-80.770651838008746,41.910262267138499],[-80.770651719723759,41.910295232335201],[-80.770791462488091,41.910262366069283],[-80.770835624546805,41.910152569523241],[-80.770953218404955,41.910075704898254],[-80.771085639915881,41.909965904307896],[-80.771365017171817,41.909828745220139],[-80.771563514125361,41.909751951115318],[-80.771703288486023,41.909642254518552],[-80.77184305978102,41.909499502238859],[-80.772276886641649,41.909159271075666],[-80.772497562000254,41.908846357139964],[-80.772681432283207,41.908643254637241],[-80.77295344900773,41.908539042507236],[-80.773401882938344,41.908462289262118],[-80.773776787070375,41.908380075178798],[-80.774827921090733,41.90824316594923],[-80.775871709850037,41.908067863091645],[-80.776334750285216,41.908018598072942],[-80.776393530959723,41.908035015239292],[-80.776452327565764,41.90815032872424],[-80.776562591497211,41.908166846112024],[-80.777157949003708,41.908068207088753],[-80.77742990438793,41.908013432341569],[-80.777665072602787,41.907997045338938],[-80.777701827363302,41.908002520733682],[-80.777723916871977,41.908029944663525],[-80.778716268129529,41.907838123497349],[-80.779870353594859,41.907629761140441],[-80.780737707779323,41.90745983960786],[-80.780803892367999,41.907426910562847],[-80.780818624177485,41.907350019344705],[-80.7808333969746,41.907190804667771],[-80.780877517080654,41.907157923497934],[-80.780965738952958,41.907097475172975],[-80.781193607640688,41.90699324919229],[-80.781318650151647,41.906883512713705],[-80.781458318664974,41.906762725406615],[-80.781517053728791,41.906757252958784],[-80.781811128090382,41.906718902544284],[-80.781958107891967,41.906751877194488],[-80.782376899384275,41.906911194647243],[-80.782700333764737,41.907032050459918],[-80.782832483576485,41.90713642101931],[-80.783001516674929,41.907350655920268],[-80.783016140871268,41.907482365200721],[-80.782986559763842,41.907778908143278],[-80.78304507406574,41.908371856268673],[-80.782949370338969,41.908860572494824],[-80.782927229012003,41.909025267711385],[-80.783088753998811,41.909321811742295],[-80.783081294443051,41.909530398574667],[-80.783007761454812,41.909667705569554],[-80.783110588921474,41.909887309253776],[-80.783250126264306,41.910161924575569],[-80.783272049874142,41.91038155537818],[-80.783213142649601,41.910579146596135],[-80.783161494189173,41.911018407891035],[-80.783131997598957,41.911183089204087],[-80.783175892662257,41.911501567727925],[-80.783219976659197,41.911551009092051],[-80.783477287056542,41.911551044595882],[-80.783668363534375,41.911562123275736],[-80.783763925087058,41.911578605979599],[-80.78385214072226,41.91162804018925],[-80.784079919301576,41.911661074192409],[-80.78455778352766,41.911655667567402],[-80.78466061702207,41.911661174699447],[-80.784690037585392,41.911661229909143],[-80.784704793741241,41.911611809462144],[-80.784773366965936,41.906176064070976],[-80.785265759674601,41.906176175985735],[-80.785420029279308,41.906192677100172],[-80.785449512574871,41.906209214954856],[-80.785456673328696,41.906626430357889],[-80.785520800570282,41.911233154418596],[-80.785513439022722,41.911342935337586],[-80.785256057298341,41.911436216255012],[-80.785278053584065,41.911672329481888],[-80.785344157975288,41.911699834279609],[-80.785741141881843,41.911650497610424],[-80.786035199749634,41.911623124772909],[-80.786174888093129,41.911496837563348],[-80.786219095076618,41.911293723219849],[-80.786263286093018,41.910914883290822],[-80.786425228085349,41.910442680367552],[-80.786469396859218,41.910250554306224],[-80.78654296557454,41.910245016806826],[-80.786572382656004,41.910173646429548],[-80.786579679493968,41.910118807688967],[-80.786631260691323,41.909981547657139],[-80.786675406052183,41.909904620328831],[-80.786719523109511,41.909619182077286],[-80.786837244015118,41.909317217697357],[-80.787043310216333,41.908916430803608],[-80.787168364890064,41.908438754080606],[-80.7872051826524,41.908389374208518],[-80.787197846190054,41.908202646533098],[-80.787234743862967,41.9079117003958],[-80.787293814587187,41.907406610052028],[-80.787242317258418,41.907302214091004],[-80.787257099480598,41.907099044682404],[-80.78733804764164,41.90693986176251],[-80.787529259865465,41.906797185582185],[-80.787896690690317,41.906742292433059],[-80.788484770274636,41.906720500252973],[-80.788822780564132,41.906775434698019],[-80.788947675738314,41.906852403695346],[-80.789013788437515,41.907022576508439],[-80.7890357612998,41.907159882840126],[-80.788998957520107,41.907242228775857],[-80.788918103794614,41.90737394184093],[-80.788918078775268,41.90752769044348],[-80.789042914562131,41.907879100997988],[-80.78932204521665,41.9082416031112],[-80.78947633986661,41.908472193976557],[-80.789674614376807,41.908785188756511],[-80.789740724955379,41.908993910844437],[-80.789828758514716,41.909466126286517],[-80.790012398841284,41.909647321985602],[-80.790446013994199,41.909894454629296],[-80.790629723983599,41.910092132165445],[-80.790688420182548,41.910136103071295],[-80.790717901777015,41.910191009149578],[-80.792930278374683,41.91020240797085],[-80.793613945160303,41.909675381944744],[-80.793695811026808,41.906534805733067],[-80.794099999334662,41.906370163934241],[-80.794276482806325,41.906265819630825],[-80.794423514770003,41.906134131239398],[-80.794577906660933,41.905925446388004],[-80.794680898266094,41.905766297690995],[-80.794769068200168,41.905491743331531],[-80.794769161534589,41.905387442984797],[-80.794784923852134,41.901637335398156],[-80.795005388621021,41.901648357587767],[-80.795313909652577,41.90198333652102],[-80.795343303616534,41.902065712521186],[-80.795290752842973,41.906057320836659],[-80.794540799636351,41.907193828954412],[-80.794555429948218,41.907331121073327],[-80.794422367263579,41.910169693010552],[-80.794841133757188,41.910729863805869],[-80.796178787206472,41.911224206429033],[-80.797817942091058,41.910752169142846],[-80.797855146624698,41.909165390657037],[-80.798002089115144,41.909176457679322],[-80.798663668196312,41.909176539174879],[-80.798795901419851,41.90918748930423],[-80.798869432295049,41.909346770944985],[-80.79911188597373,41.909582907344749],[-80.799258812956381,41.909676206154295],[-80.79975132092963,41.909840992829217],[-80.800082037015031,41.909884982760346],[-80.800353998713419,41.909863028776712],[-80.800603894331715,41.909802666221552],[-80.80076558107811,41.909725847484133],[-80.801199308200154,41.909445852862632],[-80.801390478460775,41.909270188000733],[-80.801515550208208,41.908907784575398],[-80.801530168992983,41.908781532429444],[-80.801537606222212,41.908677154750038],[-80.801596725091642,41.906563325735746],[-80.801648154777169,41.906541347579186],[-80.801729035175839,41.906469972105022],[-80.802493525135219,41.906321774530554],[-80.802611058630887,41.906288831097392],[-80.80261839198738,41.90653041014761],[-80.802625615255891,41.906964197335569],[-80.80262564491909,41.907189281086914],[-80.802662354726564,41.907288150443591],[-80.802772607221385,41.907310136730381],[-80.80304452830373,41.907101462171582],[-80.803147488566466,41.907024629335645],[-80.803323883817967,41.906826958883805],[-80.80344146560995,41.906739162347634],[-80.80370610289026,41.906623875811654],[-80.803882531715843,41.906453675745716],[-80.80411040978575,41.906096759020578],[-80.804375010336955,41.905794846812285],[-80.804632361255429,41.905536785501489],[-80.804845526358321,41.905218301917202],[-80.804919030044246,41.905152495941479],[-80.805014576796111,41.9050536718389],[-80.805338028300241,41.904823012223616],[-80.805749608813755,41.904592500825068],[-80.806043558723459,41.904427810250738],[-80.806293510454665,41.904339964080314],[-80.806418400488724,41.904224615499018],[-80.806521338454644,41.904032490538476],[-80.806543359221067,41.903966596738528],[-80.806558075464878,41.903884207900454],[-80.806661066684242,41.903714059864662],[-80.806734517268268,41.903664645275043],[-80.8068815055274,41.903576804584624],[-80.80724167875789,41.903477973042214],[-80.807373940979602,41.9033956012345],[-80.807594460701054,41.903110090222924],[-80.807770825619301,41.902874043115681],[-80.807858988629604,41.902742238782231],[-80.807873768767536,41.902637872895987],[-80.807895831535959,41.902517126531087],[-80.807954555126798,41.902473180751223],[-80.807947267288114,41.902330408305126],[-80.80792518308931,41.902297495973187],[-80.808755740951042,41.901682536300186],[-80.812136332735648,41.899656597428688],[-80.812584711806565,41.899354606166845],[-80.813539962419981,41.898613357166603],[-80.813811971392539,41.898432218167315],[-80.814510001563022,41.898086219464041],[-80.814840739193912,41.89793795818386],[-80.815178812968369,41.89779520199626],[-80.81543596433788,41.897663483419052],[-80.815671111746852,41.897553615863416],[-80.815876854212746,41.897482250480529],[-80.816192888803769,41.897372421429004],[-80.816927689021639,41.897185709841402],[-80.817265791625076,41.897114372721163],[-80.81755239945565,41.897092310962989],[-80.817912467863337,41.897053882231994],[-80.818162315302317,41.896944122915052],[-80.818426795088243,41.896817813372408],[-80.81850761291399,41.896757414319538],[-80.81870608933157,41.896653066870115],[-80.818808923921281,41.896565231116696],[-80.81905141473402,41.896455368174323],[-80.819286582034238,41.896334594768668],[-80.819514333501573,41.896235696144949],[-80.819742173671898,41.896147875770296],[-80.820741516501172,41.895714043138007],[-80.821601291739839,41.895483362315844],[-80.821799682733626,41.895406480587603],[-80.822314012639339,41.895159315632753],[-80.823048817149839,41.894736492116813],[-80.823416117843948,41.894516837052635],[-80.824025979851754,41.894242249879916],[-80.824540382437959,41.89405001748333],[-80.824753426528929,41.893989635747403],[-80.82512814669515,41.893830333157069],[-80.825267824842612,41.893797400068962],[-80.825488265507303,41.893720455397322],[-80.825708691919445,41.893692958519537],[-80.826230414710295,41.89368744401704],[-80.826436136279767,41.893703877484775],[-80.826708065442645,41.893709331906621],[-80.827016671395384,41.893747716338432],[-80.827288526900432,41.893780640513562],[-80.827442885480593,41.893846533248308],[-80.827457576874508,41.893852049563371],[-80.827487021403982,41.893884969205629],[-80.827479646344727,41.894027718526473],[-80.827501678817995,41.89408260402751],[-80.827619299513231,41.8940935889363],[-80.82809686855785,41.893967216259654],[-80.828346798233099,41.893950746940163],[-80.828412929168977,41.89392328441771],[-80.828736251430939,41.893868283961474],[-80.829434266567986,41.893659550180651],[-80.829757530355153,41.893489347667291],[-80.830198335404688,41.893313553565072],[-80.830639190739973,41.893209183074511],[-80.831102108799598,41.893148707244471],[-80.831418125392361,41.893165113708946],[-80.831675317888383,41.893181523203701],[-80.831792860261572,41.893176020964134],[-80.832035335441958,41.893104590190241],[-80.832299863243463,41.892989237102199],[-80.832836135808776,41.892670721676978],[-80.83301988412336,41.892560833683575],[-80.833122684225955,41.89252243322823],[-80.83324762877416,41.892451009257748],[-80.83346794875176,41.892368554793634],[-80.834063154014885,41.892143341116991],[-80.834540709411982,41.892011537360062],[-80.834878644146627,41.891940057856573],[-80.83504034982839,41.891868684754726],[-80.835833859041841,41.891632397641033],[-80.836054200622726,41.891539039805608],[-80.836193795034262,41.891440162276538],[-80.836465582527197,41.891308327167145],[-80.836583196085314,41.89122590062415],[-80.836781560352236,41.891099634702144],[-80.837001963715537,41.891028162060401],[-80.837119450731336,41.890995183033453],[-80.837347298593969,41.890934798850083],[-80.837604409126371,41.890885263936681],[-80.838118693722038,41.890808349608484],[-80.838427389210835,41.890808243692739],[-80.838699196731213,41.890857623482482],[-80.838765330460475,41.890874018912641],[-80.838912371903632,41.890879539264091],[-80.839081313274448,41.890852034533673],[-80.839867541241489,41.890769458230579],[-80.840095265390474,41.890708978348826],[-80.840594859812796,41.890478283565159],[-80.841674885719243,41.890225420087802],[-80.842372858424213,41.89000012461139],[-80.843452777902698,41.889730848177784],[-80.843908214537635,41.889555018217521],[-80.844341669795554,41.889395638844739],[-80.84455476556893,41.889296758426603],[-80.844635545608696,41.889236339817543],[-80.844833882414093,41.889159415961572],[-80.845010145397964,41.889038597763729],[-80.845112942061021,41.888994600966448],[-80.845421457570112,41.888758398428429],[-80.845494886053842,41.888747417794768],[-80.845619816325552,41.888670484095897],[-80.846016521924867,41.888549597121091],[-80.846104611525817,41.888505669651657],[-80.846302885830369,41.888401270758457],[-80.846361686608304,41.888357304181973],[-80.846405718227587,41.88834078954217],[-80.846846483496051,41.888137542690586],[-80.847257797829812,41.887950737938368],[-80.847338584281616,41.887884822403777],[-80.847478187469321,41.88781889404715],[-80.847566274451069,41.887774875107411],[-80.847808705904569,41.887648553724084],[-80.8478307055165,41.887621110972937],[-80.847992363683275,41.887555120723086],[-80.848330148244429,41.88736839528822],[-80.848506395227872,41.887247480065888],[-80.848917721747952,41.887049679818283],[-80.849005844110906,41.886989266779167],[-80.849174863621101,41.886917789933634],[-80.849475893457054,41.886725518748896],[-80.849578813910284,41.886676113057398],[-80.849593460387268,41.886648660401931],[-80.849755018425483,41.886571678677349],[-80.849960654968442,41.886456383449364],[-80.850320583449403,41.886225635683346],[-80.850342581390635,41.886198192399554],[-80.850511489290213,41.886121219065195],[-80.850614267310249,41.886027857669397],[-80.850797965891871,41.885912442675689],[-80.850966864515144,41.885786109846251],[-80.85106964937782,41.885742196970995],[-80.851275331379611,41.88560483213314],[-80.851488256366366,41.885461981888476],[-80.851745278986655,41.885324591804341],[-80.852406381705833,41.885038918262467],[-80.852788295001574,41.884939874649959],[-80.85311157233069,41.8848684074433],[-80.85365518602417,41.884785868356353],[-80.854411820784904,41.884675762375494],[-80.854558784836954,41.884653699135129],[-80.854962830412518,41.884681045776595],[-80.855337602298803,41.884702860288186],[-80.855528616343804,41.884708232288347],[-80.85571225528534,41.884669730417876],[-80.855881178233119,41.884636794383873],[-80.85630710291646,41.88441691999541],[-80.856476013723992,41.884334534428412],[-80.856725721860386,41.884175238189677],[-80.856960761878071,41.884054293468985],[-80.857335303650814,41.883905868516834],[-80.857621864640663,41.88381245758417],[-80.857849527333642,41.883757433870898],[-80.858407653388127,41.883482682104159],[-80.858561893377072,41.883383793158195],[-80.859002497835618,41.883169512794552],[-80.859384456613313,41.882988125521273],[-80.859758991019064,41.882839693934258],[-80.85978110544248,41.882812249299391],[-80.860170341945235,41.882663834410373],[-80.860478855374211,41.882559365355156],[-80.860728507574052,41.882476891882348],[-80.860787294768599,41.882433008431633],[-80.861227916726847,41.882262585185451],[-80.861345505226808,41.882224086266675],[-80.861426261858512,41.882163656000458],[-80.861646517421008,41.882075741345737],[-80.861668643022341,41.882042712092783],[-80.862131293159848,41.881883300850845],[-80.862425075493462,41.881789888361688],[-80.86278501049533,41.881701868044836],[-80.863997078951371,41.881410305704755],[-80.864841686394044,41.881173784579168],[-80.864988655683234,41.881146305398993],[-80.865620384290523,41.881102099189192],[-80.866435863160447,41.881019282965795],[-80.867163043321696,41.880799363075639],[-80.867493531114434,41.88072777826774],[-80.867596412144152,41.880689346779029],[-80.867890129850693,41.880623302927781],[-80.868551318050365,41.880551644327021],[-80.8691023273702,41.880551372275661],[-80.869410907915892,41.88058414842002],[-80.869807676807142,41.880572979508649],[-80.870130810560468,41.880501379243832],[-80.870556801944801,41.880341985784661],[-80.870909264799778,41.880188002488225],[-80.871364691678522,41.880072503283934],[-80.871467526308251,41.880055955456967],[-80.871614481211751,41.880033962596087],[-80.871967028033296,41.879896459058095],[-80.872216673752149,41.879808558621377],[-80.872657293641296,41.879621612515358],[-80.87312741734236,41.879506032718403],[-80.873502036160005,41.879417997320367],[-80.873913301894035,41.879324416616299],[-80.874236468928359,41.879230918134532],[-80.874442110281478,41.87914845897452],[-80.874632970561436,41.879044006249551],[-80.875003702082438,41.878869528012999],[-80.875095490144773,41.878796816581769],[-80.875316070520213,41.878610253565981],[-80.875529153968756,41.878577424756223],[-80.875911388719857,41.878358003717011],[-80.87629356296631,41.878198978710969],[-80.876580240731187,41.878028920476289],[-80.876727218377411,41.877979582354044],[-80.876859481920761,41.877952198943653],[-80.877315033606038,41.877881059953964],[-80.877961664839873,41.877733149076853],[-80.878556958509705,41.877486376231246],[-80.879343533850843,41.876932220031897],[-80.879615563919117,41.876696258846245],[-80.879887527675692,41.876531675669909],[-80.880365226253716,41.876323269143469],[-80.881158831335625,41.876093053580249],[-80.881511582622394,41.875944978278511],[-80.881776167589138,41.875807840443755],[-80.881952529926181,41.87574752865941],[-80.882253758936415,41.875709239511529],[-80.882856309143918,41.875522845585039],[-80.882988606240758,41.875446039226901],[-80.883569140439931,41.87522668716678],[-80.883672014439568,41.875193791530997],[-80.884384673847293,41.87509529213191],[-80.884657926802063,41.875012968713321],[-80.884898961777552,41.87494182315789],[-80.88529588362546,41.874755327333276],[-80.885700026562887,41.87464017300659],[-80.885913087840152,41.874568870687646],[-80.886214432954816,41.874387860793234],[-80.886405420673896,41.874327524197113],[-80.887000481041312,41.874256420103016],[-80.887235518910856,41.874294932806535],[-80.887455970853736,41.874267589494984],[-80.887779275161265,41.87413595615385],[-80.888741970404297,41.873658720621243],[-80.889462176472918,41.873263746758319],[-80.889726690903927,41.873186994359827],[-80.890094124336414,41.873033331558474],[-80.89024847116562,41.872901618877293],[-80.890740824706015,41.872627291843592],[-80.891960675079218,41.872040308507231],[-80.892210441606807,41.871985514591628],[-80.892577747256922,41.871826441592034],[-80.893033428144648,41.871563061122338],[-80.893628519723109,41.871299811220702],[-80.893856386029213,41.871223017003231],[-80.894253049949612,41.871157279634595],[-80.894848028135499,41.871179454328242],[-80.895002335222429,41.871135644865454],[-80.895266841887718,41.870976469415062],[-80.895626935412665,41.870795405689606],[-80.895839916065754,41.87068022521747],[-80.896053057715037,41.870614402453789],[-80.896603937949237,41.870554205755035],[-80.896912492367917,41.870499458206723],[-80.898631754628269,41.869852175768536],[-80.898786010127708,41.869758914684645],[-80.899579545149919,41.86930892960708],[-80.900417127845841,41.868963369228155],[-80.900755047110906,41.86884270958452],[-80.901408869428266,41.868656219767637],[-80.902261062455281,41.868436936472875],[-80.902980967890002,41.868206543307458],[-80.90380373317312,41.867998121547451],[-80.903862443346711,41.86797619582039],[-80.904846818994443,41.867822757756556],[-80.906014592625155,41.867740799904112],[-80.906455344596253,41.867653085292574],[-80.907263464343359,41.86739526653038],[-80.907777637157949,41.867274641915643],[-80.908350538278427,41.867203420087129],[-80.908850083168133,41.867203559030898],[-80.909393599725433,41.867209134977152],[-80.909694709351982,41.867115887210559],[-80.91017958662907,41.867006212982993],[-80.913000350029577,41.866304078525914],[-80.913529178038161,41.866216391556712],[-80.914469412457805,41.86609027739582],[-80.914924880160996,41.866079357041521],[-80.915909022595017,41.866096024518853],[-80.916482039237465,41.866030241111602],[-80.917422179880205,41.865876720773578],[-80.917987793900039,41.86584938448145],[-80.918964804833564,41.865690293395396],[-80.919412860137626,41.865629991376146],[-80.919993109154447,41.86565201391911],[-80.920184030185027,41.865695920907172],[-80.920536463072182,41.86598700217688],[-80.920712833180758,41.866009011134715],[-80.921153498600006,41.865981662899436],[-80.921307806455175,41.865915747211041],[-80.921366545472765,41.86586633885981],[-80.921616300518437,41.86588281227835],[-80.921770567392542,41.865849951724087],[-80.922211230495734,41.86572370224858],[-80.922688708596837,41.865641430144201],[-80.922997185381817,41.865520672953188],[-80.923717016265599,41.865394424300639],[-80.923783171074277,41.865388973920183],[-80.923944743466265,41.865493292298169],[-80.9240035290305,41.865504319771183],[-80.924187158048241,41.865603158105003],[-80.924480934180778,41.865685585733807],[-80.924782036946837,41.86568560310716],[-80.925230163189525,41.865559346866156],[-80.925340328439219,41.865526452781801],[-80.925538571587126,41.865389134187218],[-80.925722247136292,41.865345298773548],[-80.927161903405405,41.865081864071897],[-80.927382294818088,41.865065430617165],[-80.927742146480654,41.864999545854957],[-80.92835923490604,41.864829339072401],[-80.928733754595612,41.864681136091633],[-80.929196583488306,41.864538480601716],[-80.930731723525909,41.863967469644571],[-80.931150330490354,41.863819285284947],[-80.931356081912497,41.863742398229022],[-80.931980325407579,41.863621624732687],[-80.932002362579496,41.863632626345499],[-80.932237441169264,41.863621686501517],[-80.93384598413617,41.863209921191192],[-80.93441148314669,41.86302875349692],[-80.935549897493274,41.862710368174589],[-80.936681001346741,41.862463213101869],[-80.936894037289207,41.862441262969988],[-80.936989553421157,41.862468786786572],[-80.937275922986203,41.862611524626431],[-80.937320014556718,41.862617042953275],[-80.937606468034616,41.862551087101878],[-80.938906499420256,41.862408302961938],[-80.9390826978657,41.862353453519667],[-80.939251687947561,41.86227653277242],[-80.939743707289296,41.862183208499097],[-80.940089010759465,41.862183208710945],[-80.940838136884025,41.862221606069873],[-80.9413376082897,41.862276534509235],[-80.941932453442135,41.862386271687782],[-80.942453919153522,41.862369780595124],[-80.942740341760029,41.862331373391108],[-80.943298511458408,41.862226988087556],[-80.943555588413446,41.862128127201366],[-80.943900838470867,41.862051285909388],[-80.944106511683245,41.862040307338312],[-80.944348792471445,41.862051233191274],[-80.945134737529997,41.862007295957554],[-80.94572232579263,41.862012708560322],[-80.947272030107328,41.861941192468493],[-80.947910992662287,41.861886270247183],[-80.948410396050846,41.861880730609421],[-80.94887312013276,41.86194110397544],[-80.94910081001656,41.861968496153523],[-80.949321107163954,41.862050827510089],[-80.949490160708621,41.862182584570121],[-80.949695798598711,41.862369300245781],[-80.949872130096281,41.862440622743044],[-80.950209939677549,41.862473554879138],[-80.95044491204321,41.862435106140239],[-80.950878279712043,41.862292260163684],[-80.95163476792635,41.862165851402438],[-80.952303073984083,41.862182252653767],[-80.952523508698846,41.862248185099716],[-80.952670345035841,41.862292019684027],[-80.952795173586409,41.862281082325197],[-80.952868684499592,41.862259045200979],[-80.95316978380923,41.862077856484639],[-80.95343412633764,41.861907640698846],[-80.953786611417357,41.861638472427337],[-80.953933425628151,41.861545128317857],[-80.95470450905988,41.861204607988221],[-80.955042337396918,41.861034327267475],[-80.955740002418707,41.860743219883304],[-80.95603380514649,41.86063885078223],[-80.956812103261228,41.860287330410564],[-80.957289516333361,41.8601774423758],[-80.957620020136986,41.860133429904593],[-80.957840288733522,41.860083971999117],[-80.95843515130575,41.859996009165336],[-80.958692182671413,41.859919091422938],[-80.959265094524383,41.859864082144654],[-80.959661662906043,41.859748751410827],[-80.960249074467342,41.859622316521516],[-80.960469470135251,41.859556370734047],[-80.96100556154714,41.859419015854328],[-80.961732607906711,41.859281631895257],[-80.962834233810369,41.859319821539245],[-80.963047222693319,41.85934718124237],[-80.963245535599185,41.859336165924788],[-80.96349518458392,41.85930318935781],[-80.965338554248575,41.858973289612159],[-80.966139031381758,41.858923718223984],[-80.966263848658471,41.858918170391547],[-80.966491547643599,41.85892355082116],[-80.966682518314727,41.858896134620977],[-80.967093714819285,41.85887949894326],[-80.967563770505421,41.858731104903207],[-80.967784029139239,41.858676132806764],[-80.967952950456109,41.85864870755659],[-80.968099827302495,41.858615691691547],[-80.96840826718585,41.858571640057995],[-80.968518415022672,41.858505738322243],[-80.9688414420974,41.858439802067217],[-80.96917194310376,41.858362787960246],[-80.969803534093202,41.858477964920802],[-80.9702882905504,41.858543653046709],[-80.970435148609766,41.858543598109875],[-80.97121363560953,41.858576294471483],[-80.971580946979884,41.85860366822169],[-80.972036308814879,41.858663934397327],[-80.972403517158781,41.858652845307489],[-80.973196554658358,41.858471344610876],[-80.974063003014322,41.858180059445523],[-80.974408092862816,41.858048177524559],[-80.974892616518289,41.857800944226817],[-80.975127598993339,41.857652646903198],[-80.975773774585775,41.857438224280543],[-80.976831018262843,41.857152354767457],[-80.97802798146661,41.856904865739374],[-80.978652159862776,41.85683317906711],[-80.979555453303433,41.856788909848916],[-80.980392613737166,41.856728232103556],[-80.980465977390452,41.85673364614329],[-80.980598334414083,41.856843365844902],[-80.980884685718522,41.856854302265646],[-80.981149093079551,41.856920086004024],[-80.981332688312335,41.856919929651049],[-80.981567734937215,41.856886905060037],[-80.982478188179513,41.856677881318312],[-80.982845277816295,41.856611905423712],[-80.983381479882738,41.856628088778066],[-80.983454845477112,41.856628096996786],[-80.983822057985691,41.856551040031469],[-80.984137818281198,41.856512525290334],[-80.984534314572997,41.8563970107272],[-80.98457828564716,41.856397015267696],[-80.984805982439383,41.85635848979377],[-80.985033566235046,41.856292493419431],[-80.985217064237858,41.856204515925157],[-80.985488740102127,41.856133028977354],[-80.985569470277738,41.856072601619331],[-80.986171614033395,41.855907654657052],[-80.986986707118987,41.855885299774606],[-80.988249726272301,41.855758406884917],[-80.988844605040384,41.855730710347473],[-80.989343841277901,41.855659051884778],[-80.989637557872427,41.855587558218815],[-80.990195498418785,41.855323786604053],[-80.990342368995485,41.855219317400937],[-80.990841513957335,41.854966527681512],[-80.991237994946474,41.854840095296332],[-80.991583024790515,41.854774004371201],[-80.992016238012383,41.854696928807201],[-80.992596315553953,41.85452096445713],[-80.99285316639704,41.854421991652892],[-80.993345164726037,41.854344914660018],[-80.993470087417819,41.854355817936302],[-80.993741742869133,41.854339166080507],[-80.994006053491304,41.854295132844143],[-80.994182306767129,41.854218221267466],[-80.994681540097417,41.854069716206219],[-80.995034026774277,41.854064052808901],[-80.99515882865019,41.854080448828938],[-80.995511422737493,41.854201059628117],[-80.996010876329862,41.854244665091656],[-80.996510221706686,41.85416757773919],[-80.996752481619041,41.854172896438477],[-80.997156409033892,41.854183711554015],[-80.99801547444558,41.854051502568431],[-80.998243159651992,41.854034842033435],[-80.99874238560804,41.853902805310859],[-80.999160895936569,41.853787339210761],[-80.999491341338683,41.853721229319078],[-80.999799738929212,41.853704566189428],[-81.000003739078764,41.853715032334925],[-81.000215112936345,41.853660685629002],[-81.000406173402197,41.853633305159953],[-81.001419772649186,41.853403268299466],[-81.002264243149568,41.853403711595234],[-81.002352758036352,41.853392197824405],[-81.00235253647935,41.8532829291333],[-81.002338173777872,41.852898608381572],[-81.002341839827778,41.848742240814524],[-81.002392558900397,41.841368485705452],[-81.002372174855651,41.839512728809716],[-81.002317519397053,41.826906226362631],[-81.002348388781542,41.825297480768754],[-81.002420088936319,41.819098481970549],[-81.002520929647488,41.813250935401022],[-81.002538699401853,41.809940040202086],[-81.002688217175887,41.798920272301906],[-81.002821783204226,41.788998707000708],[-81.002849070232713,41.782761406525012],[-81.002911022606654,41.778896148215786],[-81.002999429636247,41.769792859647268],[-81.003141813280251,41.750009840788366],[-81.003121746562826,41.74786297763589],[-81.003029378192409,41.714771200855935],[-81.002957183255347,41.698502402819216],[-81.002934352075258,41.691523650478857],[-81.003007765033701,41.691304053780591],[-81.002986007922829,41.691100852862618],[-81.002956921522454,41.690914135264116],[-81.002891184610448,41.690705441232652],[-81.002935511805788,41.690332093223496],[-81.002966373855088,41.641943315349657],[-81.002954258494242,41.631329726629247],[-81.002945462579305,41.625009726507933],[-81.002901875419624,41.616668931166487],[-81.002872908810474,41.60828956410753],[-81.002880242572246,41.600140639942659],[-81.002828925195132,41.592090397418254],[-81.003012332183346,41.575188728508323],[-81.003030324375686,41.571471324194789],[-81.003067086567114,41.563168915146797],[-81.003173639194515,41.55041328511993],[-81.00320154154231,41.53523032090856],[-81.003260028300673,41.535202896736635],[-81.003317079816966,41.519360575524658],[-81.003300598482497,41.504836500807741],[-81.003325553180275,41.501475990453592],[-81.000003710202947,41.501512651729676],[-80.997916197279764,41.501513814084561],[-80.971767472475847,41.501404479635006],[-80.938182932972893,41.501284003492628],[-80.904635089221571,41.501108365507278],[-80.884957858175184,41.501018038371214],[-80.875003671368745,41.500941594218716],[-80.868328833668215,41.500868180153162],[-80.810575545039882,41.500498950852631],[-80.76320873200585,41.500053087040321],[-80.759726494787216,41.500015470298841],[-80.758987189951583,41.499974246308923],[-80.758118050061427,41.499968348293535],[-80.750003632254945,41.499854384185355],[-80.744934750699983,41.499835046962595],[-80.7385804463065,41.499761044171152],[-80.732496199402064,41.499686665665799],[-80.72655797191436,41.499617332246707],[-80.720692716221791,41.499547668812383],[-80.714527741063989,41.499472263703957],[-80.712964688590745,41.49943970507455],[-80.708574732980182,41.499402033007883],[-80.702388164433657,41.499326065553461],[-80.696421108820331,41.499255269282855],[-80.690475818189341,41.499173149270504],[-80.68467663085984,41.499107246845682],[-80.678490455193455,41.499019075360998],[-80.672735184658805,41.4989471088955],[-80.66651965367943,41.49887475129313],[-80.660435508780466,41.498796822217344],[-80.654424257271913,41.498702081895509],[-80.648449676336824,41.498618108065571],[-80.642475102957235,41.49853367449456],[-80.636332793919323,41.498454362739558],[-80.630351320921761,41.498369133518011],[-80.625003593489794,41.498294988617474],[-80.618991348175754,41.498281621538887],[-80.608051198811552,41.498330158968031],[-80.604859857715937,41.498369713438976],[-80.575831455107306,41.498721792912768],[-80.566417364360731,41.498821304597499],[-80.565752715646298,41.498832311686208],[-80.543959291169216,41.499099843068208],[-80.533967236131943,41.499273903667131],[-80.530351695102667,41.499311606890757],[-80.519358849835157,41.499434843338761],[-80.519357397873051,41.500016957909885],[-80.519352440285658,41.507177785715335],[-80.519425953045015,41.515969633672007],[-80.519443352041861,41.521680858710724],[-80.519462832898171,41.524690089089511],[-80.519496557989072,41.5287536046323],[-80.519513521876689,41.536160811971499],[-80.519540574769934,41.539274188386756],[-80.519555408286365,41.54991004901467],[-80.51956134070366,41.551875784628869],[-80.519577507281667,41.571022576695924],[-80.519582074813115,41.575129712253144],[-80.519579800641225,41.578413258972589],[-80.519536265589835,41.588818366994275],[-80.519521195290935,41.600348905922779],[-80.5195071235635,41.610659853626615],[-80.519505141202558,41.625017018453185],[-80.519457947058868,41.641274643877523],[-80.519455845344723,41.644574381199405],[-80.519451101179968,41.651887820500939],[-80.519467025840299,41.660793814127437],[-80.519450925230657,41.663006560789256],[-80.519456004952616,41.666279096972715],[-80.519447353262564,41.668184363149727],[-80.519468005404505,41.670122626902952],[-80.519449851393603,41.675305849746081],[-80.519446001014032,41.680939303156627],[-80.519581418551809,41.697290723897339],[-80.519541827134077,41.701672298816256],[-80.519536988282169,41.708826715837077],[-80.519474451215189,41.714608463360342],[-80.519408916647208,41.724568531737006],[-80.51939757514387,41.72984504227388],[-80.519331359009101,41.739156910043796],[-80.519406368429969,41.746657089749981],[-80.519424984101462,41.75001699453032],[-80.519444497952421,41.753613489056697],[-80.519470523562745,41.758088438562631],[-80.519509058497476,41.765220810901809],[-80.51949198182524,41.768119863843978],[-80.519547244041959,41.782686677039436],[-80.519592981144712,41.791016007577568],[-80.519566891767283,41.797132614954656],[-80.519556900108611,41.811649818581529],[-80.519554375648539,41.826117667181492],[-80.519529800916771,41.840612875093029],[-80.519582526717727,41.849496744784567],[-80.519586297988113,41.855075245018462],[-80.519576982359126,41.869598032632332],[-80.5195441161964,41.875017043930434],[-80.519549947726318,41.877361865990885],[-80.519567470096121,41.884082514913359],[-80.519532664454871,41.892142898783547],[-80.519531145148036,41.894438049584558],[-80.519513875739605,41.898320028202114],[-80.51950634956988,41.898616514718263],[-80.519513603519428,41.898726343462151],[-80.519471234239589,41.907011658440027],[-80.51948379757674,41.910157747990588],[-80.519496439255988,41.913100731262581],[-80.519444515409305,41.924614364816371],[-80.519427771459846,41.927551819801778],[-80.519404541419732,41.929248450664922],[-80.519460102148699,41.934041728043887],[-80.519579641773447,41.942090913922826],[-80.519593141416976,41.943875330191432],[-80.519581378797014,41.95035412413479],[-80.519556076073485,41.954971667201583],[-80.519562271561568,41.956618780414836],[-80.519541728462954,41.965140087826413],[-80.519546836639307,41.968374018633241],[-80.519566966380467,41.971119208361422],[-80.519570609166308,41.976329817064993],[-80.519591669104841,41.977581747625713],[-80.51959165945658,41.977584432988223]]]},"properties":{"NAME":"Ashtabula"}},{"type":"Feature","geometry":{"type":"MultiPolygon","coordinates":[[[[-81.712415873736788,41.503332328711082],[-81.713131489286027,41.503046686153475],[-81.712795320909322,41.502536117809683],[-81.712547041373639,41.502618522010593],[-81.712050506758459,41.502849217055726],[-81.712415873736788,41.503332328711082]]],[[[-81.500003871479322,41.625051931807938],[-81.500033854008322,41.625036586161364],[-81.500058298803836,41.625025412642231],[-81.500077222930116,41.625008155107665],[-81.500099014059927,41.62499719167986],[-81.500164908681953,41.624958791025833],[-81.500230803229087,41.624920390327524],[-81.500267401525733,41.624909428096387],[-81.500311338040433,41.624876506524693],[-81.500369909683755,41.624843592663318],[-81.500435793702664,41.624816173427888],[-81.500479724928383,41.624788742580293],[-81.500552946984669,41.624739363923752],[-81.50059688324842,41.6247064422232],[-81.500655459735071,41.624668037392148],[-81.500728666154714,41.624635131007793],[-81.500765269337634,41.62461867779588],[-81.500787232262766,41.624607707702182],[-81.500838480765793,41.624580280530886],[-81.500926337434478,41.624530909261168],[-81.500977596031362,41.624492500414391],[-81.501028849468881,41.624459582342958],[-81.501087425492287,41.624421177257211],[-81.501175276680314,41.624377296571559],[-81.50121921240077,41.624344374593555],[-81.501285110820888,41.624300482393231],[-81.501321718760778,41.624278538175524],[-81.501358316530215,41.624267575552345],[-81.501409564539173,41.624240148089413],[-81.501460817571044,41.624207229796284],[-81.501526700519705,41.624179809849515],[-81.501570635937298,41.624146887716094],[-81.501636513731782,41.624124958502712],[-81.501695089113511,41.624086553060891],[-81.50176097688805,41.624053642157087],[-81.501812214497704,41.624037196099792],[-81.501848812056224,41.624026233300931],[-81.501900054652126,41.624004296394297],[-81.501943984746106,41.623976864902218],[-81.501980582250667,41.623965902056085],[-81.502024502251132,41.623949452140053],[-81.502105029713235,41.623911057702479],[-81.502178234597196,41.623878150269391],[-81.502236804453048,41.623845235317205],[-81.502324649143773,41.623806844436899],[-81.502390536336705,41.62377393312152],[-81.50245641350206,41.623752003375856],[-81.502514978135551,41.623724579067151],[-81.502558902822742,41.623702638111361],[-81.502632107259998,41.623669730346464],[-81.502719956458662,41.623625848311974],[-81.502778525831033,41.623592933040676],[-81.502822460249476,41.623560010352861],[-81.502888342013804,41.623532589514539],[-81.502924949012126,41.623510644709121],[-81.503005465568179,41.623483231159362],[-81.503042062636169,41.623472267926594],[-81.503137213974398,41.623444861619319],[-81.503210417854689,41.623411953426107],[-81.503247024684001,41.623390008500323],[-81.503312906114814,41.62336258737804],[-81.503371465162431,41.623340653369176],[-81.503422711650032,41.623313224869491],[-81.503481280412856,41.623280309176387],[-81.503525224071893,41.623236404550489],[-81.50356914811799,41.623214463141203],[-81.503649664070707,41.623187049061187],[-81.503693578288448,41.623176089214702],[-81.503752151677361,41.623137682545419],[-81.503825354934563,41.623104773885402],[-81.503883923325517,41.623071857944176],[-81.503935164548437,41.623049919979081],[-81.50400105508605,41.623011516763043],[-81.504059623313609,41.622978600712017],[-81.504140148483131,41.622940204595913],[-81.504220683233811,41.622890826786787],[-81.504315857445832,41.622835965256144],[-81.504396387128708,41.622792078104673],[-81.50446227234886,41.622759165371463],[-81.504542782616042,41.622737241344176],[-81.504608677322807,41.622693346879323],[-81.504681879707277,41.622660437545697],[-81.504777048452425,41.622611066347154],[-81.504901472114312,41.622578181636342],[-81.505018587859482,41.622534311602315],[-81.505121054497721,41.622506906829486],[-81.505230852656965,41.622463033003392],[-81.505311362364679,41.622441108302503],[-81.505384559429842,41.622413689217019],[-81.505487035228853,41.622375302396428],[-81.50560414085389,41.622342413234364],[-81.505699294402078,41.622309513507048],[-81.505801755778478,41.622287598777014],[-81.505882265133494,41.622265673562076],[-81.505999361043749,41.622243765516473],[-81.506101831615211,41.622210868802235],[-81.506175028164904,41.622183449061275],[-81.506277493912748,41.622156042959332],[-81.506372646936285,41.622123142500051],[-81.506445833998953,41.622106704170257],[-81.506497073756179,41.622084764742425],[-81.506562957379202,41.622051850441707],[-81.50662882703152,41.622035408554993],[-81.506687383987853,41.622013472405456],[-81.506753258209784,41.621991539599655],[-81.50680449317629,41.6219750908066],[-81.506848406205094,41.621964129429749],[-81.506877684629046,41.621953161283507],[-81.506958193336033,41.621931235064281],[-81.507016754725882,41.621903807859674],[-81.507075316072971,41.621876380612576],[-81.50711191172023,41.621865415740032],[-81.507155833835355,41.621843472550516],[-81.507214385905272,41.621827026854888],[-81.507258303381988,41.621810574435962],[-81.507346142859618,41.621772178699977],[-81.507390069429775,41.621744744553794],[-81.507463269643665,41.621711832853478],[-81.507507191568749,41.621689889468968],[-81.507587722633758,41.621640508482436],[-81.507704849022502,41.621580162266504],[-81.507814653424632,41.621525303410692],[-81.507931783993683,41.621459466010116],[-81.508012305483149,41.6214210662338],[-81.508092822371566,41.621388157208209],[-81.50816602194854,41.621355244836913],[-81.508217265225838,41.621327813464461],[-81.508275830215084,41.621294894469251],[-81.508378316577037,41.621240031533183],[-81.508451529380338,41.621190646355757],[-81.508546693769048,41.621141270783312],[-81.508627214632241,41.621102870335527],[-81.508685779281322,41.621069951003896],[-81.508729691552475,41.621058988587357],[-81.508810212246047,41.621020587937281],[-81.508876093973413,41.620987671652777],[-81.508941971189671,41.62096024615574],[-81.509000531152338,41.620932817414406],[-81.509059086627133,41.620910879475417],[-81.509132276484962,41.62088894783772],[-81.509198157976684,41.620856031257659],[-81.509278660523819,41.620839593495916],[-81.509307947056229,41.620817642714549],[-81.509344550772127,41.620795695073099],[-81.509388471666227,41.620773750560772],[-81.509425070919789,41.620757293731181],[-81.509468996189497,41.620729858310916],[-81.509527564640507,41.620691447418245],[-81.509556855462122,41.620664005663357],[-81.509608089007614,41.620647554999657],[-81.509622732195879,41.620636579534896],[-81.509637370974758,41.620631094926885],[-81.509666652930306,41.620614634841097],[-81.509732538386842,41.620576226884886],[-81.509813071317481,41.620521352488666],[-81.509893595365767,41.620477459718188],[-81.509952167819279,41.620433557567345],[-81.51004000449862,41.620395158576805],[-81.510127845469782,41.620351268602768],[-81.510201038935321,41.620323844987972],[-81.510259602395976,41.620290924294785],[-81.510296218699111,41.620252503493084],[-81.510362094872207,41.620225076637958],[-81.510420653852307,41.620197646670448],[-81.510479221485198,41.62015923489426],[-81.510552423356401,41.620120829133043],[-81.510610973534043,41.62010438075427],[-81.510676858159172,41.620065971822036],[-81.51072809979236,41.620038538551896],[-81.510808627232208,41.619989153744555],[-81.510903788844416,41.619939774830549],[-81.51099163752906,41.619884901890202],[-81.511072151765063,41.619851989404665],[-81.511138031695168,41.61981907086809],[-81.5111965858665,41.619797131081604],[-81.511277095663075,41.619769709238852],[-81.511342975458788,41.619736790490791],[-81.511416176601244,41.619698383721591],[-81.511482052019417,41.619670955725795],[-81.51157721291905,41.619621575783526],[-81.511672373714362,41.619572195691447],[-81.511745578838585,41.61952829761664],[-81.511804136933478,41.619500866363282],[-81.511877333441319,41.619467949945893],[-81.51197248967253,41.619424060291095],[-81.511994449442156,41.61941308713218],[-81.512023730539198,41.619396625935963],[-81.512067650047854,41.619374679571884],[-81.512118886628173,41.619352736051688],[-81.512155480547307,41.619341768584874],[-81.512214038404508,41.619314336939304],[-81.51227991331605,41.619286908096683],[-81.512309194322285,41.619270446759728],[-81.512397028856171,41.61923204450904],[-81.512448273699462,41.619199118861772],[-81.512536103908801,41.619166207335425],[-81.51259466154697,41.619138775319378],[-81.512638584996807,41.619111337604537],[-81.512704459646727,41.619083908300247],[-81.512814249253864,41.619040022947296],[-81.512894757950846,41.619012599044176],[-81.51293866873219,41.619001633919225],[-81.512997221987717,41.618979692452939],[-81.513063096452527,41.618952262765866],[-81.513158243310301,41.618919353135432],[-81.513209479405248,41.618897408700583],[-81.5132826832739,41.618853508690997],[-81.513341236367964,41.618831566893526],[-81.513414431841923,41.61879864861536],[-81.51350225724812,41.618771226662304],[-81.51356812317583,41.618754778335365],[-81.513641310269847,41.61873284170013],[-81.513707184400076,41.618705411312568],[-81.513780375549231,41.618677983552878],[-81.51384625371881,41.618645062047328],[-81.513926770052748,41.618606654868792],[-81.514051200911197,41.618551790707997],[-81.514131717091345,41.618513383240476],[-81.514226863208549,41.618480471940117],[-81.514292732935701,41.618458531872939],[-81.514380561915573,41.61842561768718],[-81.514424484532483,41.618398178582375],[-81.51449035823741,41.618370747314401],[-81.514541597835162,41.618343310736961],[-81.514600150376566,41.6183213677106],[-81.514673332905204,41.618304920825913],[-81.51472457242086,41.618277484084253],[-81.514775799756677,41.618266520271746],[-81.514834344117801,41.618255559006741],[-81.514885567395453,41.618250086103984],[-81.514951432816687,41.618233636322479],[-81.514995351158262,41.618211687768458],[-81.515046582479741,41.618195232743453],[-81.515105130817304,41.618178780234302],[-81.515149045078559,41.618162322565205],[-81.515222235484586,41.618134893043987],[-81.51528810481048,41.618112951900848],[-81.515324697977803,41.618101982569947],[-81.515383242220324,41.61809102080678],[-81.515427152400093,41.61808005394537],[-81.515500338684248,41.618058115101107],[-81.515573528937637,41.618030685156256],[-81.5156686702271,41.618003262617897],[-81.515763807490472,41.617981330954272],[-81.515888212820855,41.617959409056944],[-81.516005305063132,41.617931993439441],[-81.516093117283603,41.61792104088569],[-81.516151657442606,41.617915569463833],[-81.516246778785089,41.61791560122392],[-81.516378489238789,41.617910153962875],[-81.516488248626175,41.617904699221839],[-81.516576064783166,41.617888255025882],[-81.51665655997229,41.617877299357026],[-81.51672974595273,41.617855359121933],[-81.516810245027145,41.617838912224656],[-81.516927340943198,41.617806003939592],[-81.517037111980031,41.617784075179664],[-81.517124928009807,41.617767630250761],[-81.517234702872969,41.617740210107435],[-81.517344473817516,41.617718280834261],[-81.517454244731127,41.61769635137842],[-81.517534747498459,41.617674412527634],[-81.517600612326504,41.617657960045683],[-81.517681107343989,41.617647003143553],[-81.517739651268471,41.617636039300237],[-81.517812833083525,41.617619588888374],[-81.517893324239267,41.617614122807872],[-81.517981128601733,41.61761414997094],[-81.518046981886528,41.617614170275395],[-81.518112831363538,41.617619681598093],[-81.518156733570137,41.61761969506437],[-81.518229900115188,41.617625208528992],[-81.518317689352315,41.617647199617686],[-81.518420120341403,41.617658212889438],[-81.518485969947477,41.617663723899078],[-81.518559151761607,41.617647272725179],[-81.518646975206323,41.617619843688836],[-81.518749421377137,41.617608892164014],[-81.518829908875659,41.617608916147312],[-81.518946974113689,41.617619933063274],[-81.519056726116872,41.617625456557853],[-81.519144530746502,41.617625482365696],[-81.519217701285285,41.617625503794876],[-81.519334770445084,41.617631029033888],[-81.519429899642233,41.617620074441113],[-81.519495768036819,41.617598129072739],[-81.519583591284601,41.617570698841533],[-81.519634832928304,41.617537766901826],[-81.519715346445878,41.61749935215876],[-81.519795856203189,41.617466428413884],[-81.519905634098095,41.617433512840726],[-81.519934913358469,41.617417047757542],[-81.520008094882442,41.617400595021529],[-81.520088593433172,41.617384144257379],[-81.520161778593248,41.617362200231526],[-81.520286186699678,41.617334779228145],[-81.520374005876221,41.617312839027868],[-81.520498410234211,41.617290908770819],[-81.520564274567604,41.617274453426781],[-81.520652082727054,41.61726898628072],[-81.520717943393947,41.617258021931519],[-81.520835019728977,41.617252562522488],[-81.520966733785386,41.617241615724829],[-81.521076496700388,41.617230662836931],[-81.521200893701348,41.617219713677386],[-81.521303346743281,41.617197776214773],[-81.521413113206293,41.617181331681302],[-81.521493622205398,41.617148405859844],[-81.521574131149933,41.617115479934093],[-81.521676598298214,41.617071577273713],[-81.52178638238847,41.617027676330082],[-81.521881525199845,41.616994753783104],[-81.521991305560107,41.616956343661279],[-81.522093768804254,41.616917931502286],[-81.52218158730409,41.616895989023078],[-81.522298677403384,41.616868562610847],[-81.522415767441217,41.616841136011118],[-81.522503585807343,41.616819193142391],[-81.522598717651647,41.616802743166268],[-81.522642626803673,41.616791771636784],[-81.522701173491157,41.616775312493395],[-81.522759723654218,41.616753362110877],[-81.522825590808537,41.616731413467242],[-81.522876823896112,41.616709461194816],[-81.522928049989872,41.616698491275983],[-81.522993913585395,41.616682033673953],[-81.523081735151166,41.616654598914472],[-81.52314759868942,41.616638141176516],[-81.52322810661957,41.616605213276713],[-81.52329395972005,41.616605229024778],[-81.523352506176835,41.616588769363091],[-81.523389094681391,41.616583286857754],[-81.523476912589729,41.616561342843966],[-81.523572050902374,41.616533909242726],[-81.523652558579968,41.616500980878911],[-81.523740379769961,41.616473545347631],[-81.523813566904366,41.616446106312772],[-81.523886757408491,41.616413175985691],[-81.523952630860592,41.616380243893268],[-81.524040458642006,41.616341825561591],[-81.524113645562835,41.616314386224616],[-81.524172191667176,41.61629792593066],[-81.524230741141935,41.616275974366296],[-81.524296607569312,41.616254024417437],[-81.524391738508768,41.616237572259195],[-81.524457601486134,41.616221113412834],[-81.524530771304384,41.616221129856527],[-81.524596630876459,41.616210162139907],[-81.524669804052081,41.616204687240604],[-81.524735663594839,41.61619371942259],[-81.52482346736241,41.616193738889173],[-81.524889326878537,41.616182770961665],[-81.524991771274088,41.616171811023399],[-81.525057624090095,41.616171825455368],[-81.525123483559597,41.616160857362594],[-81.525189343011206,41.616149889222889],[-81.525262522736654,41.616133431380227],[-81.525328385455992,41.61611697189884],[-81.525416202370749,41.616095025849248],[-81.525474754650077,41.616067582195633],[-81.525540623853914,41.616040140065031],[-81.525591849207871,41.616029168508206],[-81.525643081119838,41.616007214426276],[-81.525687002606261,41.615974276260253],[-81.525745554689593,41.615946832417727],[-81.525804110004017,41.615913897282795],[-81.525862665265635,41.61588096210599],[-81.525913900259084,41.615853516605988],[-81.525987086049639,41.615826075672651],[-81.526082232374421,41.615782165488163],[-81.526170055148839,41.615749236203683],[-81.526257874598713,41.615721798099379],[-81.526360331073519,41.615688871671388],[-81.52643351651426,41.615661430401971],[-81.526521335744221,41.615633992071729],[-81.526594524274557,41.615601059425096],[-81.526667709524006,41.615573617989867],[-81.526733574594502,41.615551666287502],[-81.526821403145419,41.615507753915175],[-81.526894585004939,41.615485803592009],[-81.526975090088115,41.615452872155949],[-81.527048281369289,41.615414447932856],[-81.527150749651739,41.61535955568587],[-81.527201990061997,41.615321126989819],[-81.52727518422094,41.615277211349586],[-81.527355695155819,41.61523329710878],[-81.527399612169532,41.615205849419212],[-81.527465486045671,41.615167423491016],[-81.527524039836337,41.615134487364074],[-81.5275972335549,41.615090571532953],[-81.527633833507835,41.615063122330682],[-81.527721654512078,41.615030191836283],[-81.527802158571788,41.614997259867039],[-81.527882659429423,41.614969819126067],[-81.527963163314155,41.614936887071025],[-81.528021710409021,41.614914933285874],[-81.528065623796266,41.61489297666175],[-81.528109530966219,41.614882002568351],[-81.528182711599499,41.614860051539203],[-81.528233941705011,41.614838096275321],[-81.528299805409929,41.614816143794705],[-81.528365669061444,41.614794191289725],[-81.5284315357232,41.614766747491856],[-81.528482765643389,41.61474479215935],[-81.528519358855064,41.61472832530427],[-81.528592542162784,41.614700882843152],[-81.528673048277739,41.614662459205441],[-81.528738917660746,41.614629524045299],[-81.528804786963761,41.614596588868203],[-81.528877972967877,41.614563655052059],[-81.528951161897695,41.614525229952186],[-81.529009714170257,41.614492293355084],[-81.529075580130424,41.614464849382486],[-81.529141446019779,41.614437405396252],[-81.529207311837766,41.614409961397328],[-81.52928049433639,41.614382518751185],[-81.529346357025148,41.614360565986154],[-81.529404899934036,41.614344103105395],[-81.52950002651076,41.61432764700654],[-81.529558569319548,41.614311184097375],[-81.529631739649744,41.614305706393878],[-81.529712226685675,41.614300230020326],[-81.529792701938192,41.614316718620579],[-81.52986586634529,41.614322223340558],[-81.529931714018517,41.614327726690831],[-81.529990242041038,41.61433871992454],[-81.530063409365837,41.61433873332853],[-81.530136579579192,41.614333255467699],[-81.530173171926307,41.614316788425725],[-81.530217080971042,41.614300322719636],[-81.530253681941304,41.614267381958122],[-81.530297590911943,41.614250916254448],[-81.530356150566845,41.614201505798569],[-81.530422029678363,41.614146605461116],[-81.530473272392101,41.614097193708737],[-81.530524520730765,41.614036799515524],[-81.530590396570872,41.613987390483516],[-81.530656272272623,41.613937981476866],[-81.530722159206974,41.613866607606532],[-81.530788043106639,41.613800725008829],[-81.53084659887233,41.613756805986519],[-81.53089784354448,41.61370190322048],[-81.530949082459273,41.613657982914965],[-81.531000318462588,41.613619553846767],[-81.531036918360996,41.613586613319207],[-81.531102781801351,41.613559169396865],[-81.531154017553945,41.613520740395643],[-81.531219886385969,41.613482314116979],[-81.531300396584584,41.613427416984109],[-81.531373584472121,41.613383500945453],[-81.53142481700614,41.613350563271055],[-81.531468735663722,41.613312133083866],[-81.531512651488896,41.613279194108891],[-81.531541936913627,41.613240761264471],[-81.531571222285095,41.613202328443741],[-81.531607818648212,41.61317487935942],[-81.531629784655195,41.613141936395792],[-81.531659067143309,41.613108994813146],[-81.53168834958484,41.613076053251291],[-81.531724951208275,41.613037621912092],[-81.531761552762916,41.61299919060378],[-81.531798156963646,41.612955268166623],[-81.531856707814995,41.612916841051273],[-81.531922575021596,41.612878415361713],[-81.531973803781923,41.612850969262233],[-81.532039670754116,41.61281254366871],[-81.532098210431428,41.61279608130743],[-81.532142122499167,41.612768633922734],[-81.532244563347746,41.612746688803647],[-81.532339692904443,41.612713760100149],[-81.53240555395007,41.612686317018905],[-81.532471414889017,41.612658873984344],[-81.532529961937584,41.612625938488009],[-81.532595830505628,41.612582022236325],[-81.53265437991854,41.61254359576008],[-81.532734880935067,41.61249968248962],[-81.532778789551543,41.612477726600915],[-81.532808067965448,41.612450276821875],[-81.532873928126492,41.612422834168036],[-81.532939793311428,41.612384409420542],[-81.532991025668764,41.612345981897413],[-81.533049579346851,41.612296573745283],[-81.533115449174133,41.612247167134065],[-81.53316668112943,41.612208739849059],[-81.533217915495143,41.612164821589367],[-81.533276463496321,41.61212639590768],[-81.533327690059735,41.612098950918302],[-81.533371600260935,41.612071504519868],[-81.533422826653336,41.612044059633703],[-81.533481374191041,41.612005634236425],[-81.533539916628342,41.611978190952101],[-81.533576512711093,41.61194525228521],[-81.533627741183466,41.611912316639319],[-81.533671650865472,41.611884870569831],[-81.533715560469673,41.611857424551232],[-81.533759469995658,41.611829978584375],[-81.533796063240729,41.611802531167335],[-81.533847291243418,41.611769595833231],[-81.533898519135192,41.611736660574707],[-81.533949742083252,41.611714707318654],[-81.533993648780125,41.611692752594124],[-81.534037555409782,41.611670797915302],[-81.53408877573402,41.611654335760718],[-81.534147314529761,41.611632384243428],[-81.534191218562626,41.611615920649015],[-81.534220492637616,41.611593963074874],[-81.534257089907371,41.611555534298638],[-81.534286368600618,41.611522594961755],[-81.534315649586162,41.611484164760107],[-81.53435956035149,41.611451228662013],[-81.534418107883539,41.611407313981616],[-81.534454700000481,41.611379867375199],[-81.53448397597127,41.611352419238386],[-81.534505935816952,41.611324969557067],[-81.534527900257373,41.611286538148605],[-81.534564499051399,41.611242619122216],[-81.534608411469065,41.611204192665575],[-81.534652326061618,41.611160275446508],[-81.534696240517178,41.611116358340496],[-81.534732836550944,41.611077930558437],[-81.534776741685391,41.611055976981582],[-81.534827971870669,41.611012061647074],[-81.53487187919481,41.610984617191278],[-81.534901149969272,41.610968151158445],[-81.534937736721133,41.610951686738275],[-81.535003591926355,41.610924247088384],[-81.535054812853588,41.610902295017929],[-81.535098715515147,41.610885832156882],[-81.535135304415718,41.610863876829526],[-81.53515725908963,41.610847409122051],[-81.535223120808439,41.610803496815826],[-81.535288980207937,41.610765075312706],[-81.535340209822806,41.610721159742162],[-81.535413382812536,41.610688230601042],[-81.535464607851168,41.610655296657711],[-81.535537778494813,41.610627858277127],[-81.535596319376339,41.610594925853675],[-81.535662171748399,41.61057297665652],[-81.535698764679168,41.610540039459693],[-81.535757305401447,41.610507106951751],[-81.535808532313368,41.610468682008232],[-81.53585975916522,41.610430257041152],[-81.535903670027082,41.610391830494059],[-81.53594758301341,41.610347913087367],[-81.535998809689389,41.610309488056295],[-81.536035400135418,41.610282041591141],[-81.536101260698089,41.610238128765978],[-81.536174437080248,41.610194217441347],[-81.536232977254599,41.610161284684033],[-81.536291515223098,41.61013384273852],[-81.53635005100044,41.610111891604639],[-81.536393957084684,41.610084446549443],[-81.536474442594908,41.610057009079824],[-81.536547616399375,41.610018588353306],[-81.536598840344709,41.609985653889808],[-81.536657378003312,41.609958211752733],[-81.536708599734368,41.609930768081341],[-81.536767139405015,41.609897835044691],[-81.53683299488803,41.609864903473579],[-81.536913486229452,41.609820993161449],[-81.536972025698986,41.609788060017777],[-81.5370159333918,41.60975512387666],[-81.537096424475735,41.6097112134333],[-81.537176917524292,41.60966181209001],[-81.537250092541939,41.609617900062766],[-81.537286684140753,41.609584962346929],[-81.537337913552847,41.609535555019242],[-81.537374507117661,41.609497126432373],[-81.537447685918693,41.609442232592002],[-81.537469643631397,41.609414782745951],[-81.537513552868134,41.609376355567811],[-81.537564777865697,41.609337929821137],[-81.537601371187193,41.609299501160159],[-81.53765990984455,41.609266567658239],[-81.537703816841699,41.609233631248365],[-81.5377696691625,41.60920618997082],[-81.537820889839068,41.60917874579237],[-81.537864792666284,41.609156791004295],[-81.537916011253671,41.60913483762485],[-81.537959912012539,41.609118373641948],[-81.53802576611173,41.60908544137218],[-81.538076988583697,41.609052506234875],[-81.538135528773168,41.609014081643522],[-81.538179431384421,41.608992126732787],[-81.538223337936003,41.608959190120579],[-81.538267240480991,41.608937235175723],[-81.538333096218906,41.608898811884117],[-81.538391638091269,41.608854896317759],[-81.538450179885032,41.608810980720925],[-81.538508721600223,41.608767065093865],[-81.538545314048108,41.608728636127054],[-81.538611173317534,41.608679230989026],[-81.538662399073019,41.608635313901772],[-81.53870630903107,41.608591395417314],[-81.538742903206312,41.608547475544157],[-81.538786809176003,41.608514538713059],[-81.538830715101454,41.608481601864888],[-81.538867307200917,41.608443172793748],[-81.538911211110687,41.608415726756689],[-81.538947793504761,41.608404751871241],[-81.538999014979609,41.608371816316243],[-81.539072183504601,41.608338884791863],[-81.539123404865279,41.608305949180668],[-81.53918194186754,41.60827301488991],[-81.539233165021642,41.608234588386836],[-81.539291703800075,41.608196163197213],[-81.539335611149241,41.608157735311337],[-81.539394149798696,41.608119310068858],[-81.539452686497512,41.60808637563845],[-81.539540498933064,41.608015010567442],[-81.539599041073544,41.607965603535028],[-81.539650263741734,41.607927176843873],[-81.539708805720636,41.607877769754957],[-81.539774663254505,41.607828363941358],[-81.539811250730224,41.607800916250717],[-81.53987710810928,41.607751510377803],[-81.539935646076728,41.607713084856599],[-81.539994185811807,41.607669168463154],[-81.540052725468271,41.60762525203954],[-81.540111266872785,41.607575844743728],[-81.540177121977081,41.607531929539597],[-81.540235661387669,41.607488013022071],[-81.540272248479425,41.607460565183359],[-81.540323468547228,41.607427629031555],[-81.54038932516292,41.607378222862785],[-81.540440543308094,41.607350777500457],[-81.540484445823594,41.60732333085582],[-81.540535669259057,41.607279412924655],[-81.540586887265263,41.607251967496573],[-81.54065273637967,41.60722452454371],[-81.540696636943579,41.607202568659275],[-81.54074785482193,41.607175123158711],[-81.540813700255924,41.607158661796149],[-81.540857604249425,41.607125724165982],[-81.540901506438388,41.607098277360755],[-81.540952727660766,41.607059850084603],[-81.540996628013161,41.607037894084542],[-81.54105516643007,41.606993977146878],[-81.541091749412047,41.606977510729116],[-81.541135653143584,41.606944572992234],[-81.541201503452527,41.606911638880213],[-81.541245407084361,41.606878701101252],[-81.541325895236369,41.60682380597104],[-81.541391748765761,41.606779890066349],[-81.541450284971447,41.606741463768394],[-81.541494188363387,41.606708525894106],[-81.541545407225129,41.606675589194367],[-81.541589312227316,41.606637160442261],[-81.541618584466832,41.606604220142913],[-81.541655170482244,41.606576771861945],[-81.541691756466889,41.606549323569254],[-81.541713711427121,41.606521872905155],[-81.541742983552425,41.606488932574102],[-81.541772252273717,41.606466973918579],[-81.541801522660109,41.606439524414178],[-81.541830791339535,41.606417565743747],[-81.541882008125157,41.606390119735437],[-81.541925909388766,41.606362672537621],[-81.541977124421209,41.606340717328166],[-81.542028344416366,41.60630228957168],[-81.542086876497407,41.606274844631635],[-81.542123458815837,41.606258377884096],[-81.542123467104446,41.606230923677771],[-81.542130789197174,41.606208961466436],[-81.542167374775715,41.606181513022491],[-81.542203961974494,41.606148573725676],[-81.542247866234831,41.606110144722301],[-81.54226982410502,41.606071712269859],[-81.542306416118208,41.606022300416555],[-81.542350323511229,41.605972889691586],[-81.542394225932298,41.605939951474014],[-81.542438128309072,41.605907013239765],[-81.542482030641551,41.605874074988769],[-81.542511298838534,41.605852116145478],[-81.542555202718816,41.605813687025389],[-81.542591787897351,41.605786238446939],[-81.542635693300852,41.605742318454951],[-81.54267959542274,41.6057093801289],[-81.542716185315129,41.605665458987332],[-81.542752773553175,41.605627028675393],[-81.542796675538469,41.605594090304884],[-81.542847896062455,41.605550171343715],[-81.542884482564261,41.605517231831406],[-81.542913752057501,41.605489782045083],[-81.54295765228116,41.605462334454664],[-81.54300887100969,41.605423906263326],[-81.543052772728956,41.6053909677956],[-81.543089359038134,41.605358028218653],[-81.543118626799256,41.605336069221629],[-81.543162529974765,41.605297639871083],[-81.543213748453226,41.605259211589193],[-81.543272283783367,41.605215293524907],[-81.543323505247074,41.605165883512356],[-81.543374726633303,41.605116473477239],[-81.543447892394198,41.605072557472639],[-81.543484481412889,41.605028636089159],[-81.543535702569514,41.604979225983129],[-81.543579608331029,41.604929814792982],[-81.543623510961666,41.604891385268267],[-81.543682045685671,41.604847466997334],[-81.54373326502747,41.604803547645197],[-81.543813748526262,41.604748650779896],[-81.543872282993945,41.60470473241304],[-81.543938128152661,41.604677287578006],[-81.543989344185277,41.60464434979432],[-81.544047878440821,41.604600431338859],[-81.544113727893063,41.604556513881668],[-81.544172261985864,41.604512595363467],[-81.544208844270813,41.604490637115092],[-81.544252747713969,41.604446716512335],[-81.544289332887303,41.604413776557671],[-81.54431128898662,41.604375343721713],[-81.544347879975987,41.604320440386708],[-81.544399101389388,41.604265539060684],[-81.544450324179522,41.604205146871635],[-81.54448690911768,41.604172206855317],[-81.5445161831625,41.604122793303844],[-81.544560087605205,41.604073381745252],[-81.544618623861155,41.604018481322626],[-81.54466252815611,41.603969069725778],[-81.544721062791908,41.60391966009238],[-81.544786911102378,41.603875742255795],[-81.544845442700421,41.60383731424087],[-81.544911289419417,41.603798887174129],[-81.544962504269265,41.603765948962838],[-81.54502835226134,41.603722030989466],[-81.545086884988052,41.603678112012915],[-81.545160046575518,41.603639685771007],[-81.545225894306512,41.603595767685896],[-81.545291741948688,41.603551849563431],[-81.545357586728656,41.603518913083569],[-81.545423432823,41.603480485726436],[-81.545474648539852,41.603442056449893],[-81.545540497229723,41.603392647347107],[-81.54560634581965,41.603343238207202],[-81.545657559959082,41.603310299690179],[-81.545708772689594,41.60328285199023],[-81.545738039990326,41.603255401495431],[-81.545803885593259,41.603216973923232],[-81.545898996963217,41.603156586618162],[-81.546001425932317,41.603085218465218],[-81.546118484879884,41.60301385202466],[-81.546213598289825,41.602942482785103],[-81.546286761000829,41.602893074156412],[-81.546381871448716,41.602832686458079],[-81.546440402461698,41.602788766803528],[-81.546484303253123,41.602744845365905],[-81.546557465536182,41.602695436568197],[-81.546623313927924,41.602640536017745],[-81.546689163483222,41.602580144591784],[-81.546762330498908,41.602508772312262],[-81.546828181054821,41.602442889970398],[-81.546901346507141,41.602377008443483],[-81.546967196789055,41.602311126024397],[-81.547054994469875,41.602234264418911],[-81.547135478175477,41.602151911073534],[-81.54720864422049,41.602080538518486],[-81.547289125093172,41.602009166745447],[-81.547376926853644,41.601910341548674],[-81.547472039686639,41.601827989617462],[-81.547537888835393,41.601762106881885],[-81.547596421699581,41.60170171414039],[-81.547640319782957,41.601663283112885],[-81.547698854842935,41.601591908645162],[-81.547764702338782,41.601531516622131],[-81.547823235964472,41.601465632931465],[-81.54788176829716,41.601405240049928],[-81.547954929178772,41.601350339549313],[-81.54801346244885,41.601284455765345],[-81.548086625397801,41.601218573508127],[-81.548123210279442,41.601169159849825],[-81.548189055804386,41.601114258429874],[-81.548254904647607,41.601042884460874],[-81.548313436198967,41.600982491367766],[-81.548364653910525,41.600916606648845],[-81.548408551009743,41.600878175338273],[-81.548459764038896,41.600834253928447],[-81.548518295212219,41.600773860735181],[-81.548576825160652,41.600718958350583],[-81.548628041286108,41.600658564356713],[-81.54869388697351,41.600598171820984],[-81.548730471045246,41.600548757978025],[-81.548774368779192,41.600504835695943],[-81.548818266453821,41.600460913397825],[-81.548876798049022,41.600395029192505],[-81.548920696667537,41.600345616019865],[-81.548986542847615,41.600279732486364],[-81.549037758246683,41.600219338318247],[-81.549088972477477,41.600164434965286],[-81.549154819371012,41.600093060502786],[-81.549206033403379,41.600038157100073],[-81.54925724734926,41.599983253675539],[-81.549301145400577,41.599933840364301],[-81.549345045488479,41.599873445363713],[-81.54938894235093,41.599829522857355],[-81.5494182107266,41.599780108109755],[-81.54946941804242,41.599758149615013],[-81.549542572621405,41.599719720650839],[-81.549608413418326,41.599675800122263],[-81.549674254126089,41.59963187955703],[-81.549747410476428,41.599582468793216],[-81.549798622591524,41.599533055974],[-81.549857148322502,41.599489134636435],[-81.549915674977754,41.599439722434091],[-81.549952253466657,41.599412271565591],[-81.54999614860931,41.599373839672651],[-81.550047357392955,41.599340899254884],[-81.550061992712543,41.599307955549264],[-81.550091257374703,41.599275013147931],[-81.550135153327147,41.599231090368463],[-81.550179049220247,41.599187167573021],[-81.55021562745533,41.599159716624094],[-81.550259522270977,41.599121284634926],[-81.550303416063826,41.599088343465297],[-81.550339994190395,41.599060892478221],[-81.550383885973247,41.599038932949881],[-81.550449722633132,41.599011484462032],[-81.550515560190121,41.59897854510173],[-81.550574083038711,41.598945605082584],[-81.550625293077474,41.598901682745556],[-81.550669191235258,41.598841287265451],[-81.550727716686822,41.598791874665991],[-81.550764295398238,41.598758932713736],[-81.550793559455968,41.598725990141986],[-81.550837454561062,41.598682067106061],[-81.550881349606755,41.598638144054277],[-81.550932559194536,41.59859422158668],[-81.550969139519751,41.598550297902868],[-81.551027663570252,41.598506375992336],[-81.551064242874887,41.598467943114443],[-81.551100822136121,41.598429510225557],[-81.551144716832482,41.598385587078234],[-81.551188610573163,41.598347154749398],[-81.551247135182621,41.598297741897603],[-81.551298343366582,41.598259310108887],[-81.551342236047404,41.598226368558301],[-81.551400759552251,41.598182446465849],[-81.551459281231047,41.598149506012916],[-81.551510487433902,41.598122055801326],[-81.551590951772937,41.598094607806431],[-81.551642158734239,41.598061666703714],[-81.551686050251817,41.598034215860004],[-81.551715316068851,41.59798480056434],[-81.551744580992249,41.597940876095457],[-81.5517884757665,41.597891461880131],[-81.551832371315683,41.597836556815452],[-81.551876265952501,41.597787142568613],[-81.551927475026815,41.597737728844415],[-81.551971370354323,41.597682823729969],[-81.552015264781133,41.5976334094333],[-81.55206647362796,41.597583995650609],[-81.55210305179591,41.597545562459338],[-81.552132315442208,41.597507128731806],[-81.552168894341179,41.597463204687585],[-81.552212788468637,41.59741379032004],[-81.552242051183157,41.597380847399705],[-81.55230057411579,41.597331434037159],[-81.552337152002309,41.597293000775757],[-81.552381045090613,41.597249077180777],[-81.552424938911244,41.597199662737104],[-81.552468832664928,41.597150248277707],[-81.552520040783861,41.597100834304477],[-81.552556618409952,41.597062400977421],[-81.552593195992628,41.597023967639338],[-81.55264440237012,41.596985535279146],[-81.552680982168042,41.596930629416889],[-81.552739502827976,41.596892197507977],[-81.552790709775181,41.596848274253226],[-81.552849231807443,41.596798860625945],[-81.552915067392121,41.596754938279979],[-81.552958958230064,41.596721996141049],[-81.553010164893465,41.596678072793253],[-81.553076000982671,41.596628659526885],[-81.553134521866298,41.596584736593201],[-81.553163785925406,41.596535320956143],[-81.553200362849566,41.596496887435805],[-81.553229625371074,41.596458453447113],[-81.55325888785795,41.596420019451486],[-81.55328815031001,41.596381585448995],[-81.5533247256419,41.596354133555195],[-81.553353986598381,41.596326681200402],[-81.553397876212401,41.596299229734242],[-81.553449082948447,41.59624981537003],[-81.553514917566488,41.596205892696815],[-81.553588064340005,41.596178442916894],[-81.553639268767355,41.596145500965775],[-81.553712414053606,41.596129032770712],[-81.553807500912654,41.596123547457537],[-81.553895275437043,41.59610158915752],[-81.553953791311756,41.596090610807678],[-81.554034250115279,41.596079633650938],[-81.554129338816281,41.596057675580077],[-81.554173226629899,41.59604120548623],[-81.55421711698132,41.596002772055748],[-81.554268322219315,41.595958848171861],[-81.554341471539303,41.595903943771489],[-81.554399991530346,41.595854529389541],[-81.554473141238574,41.59579413407981],[-81.55451703124379,41.59575570054097],[-81.554582865240079,41.595706286447289],[-81.554648699135612,41.595656872317697],[-81.554707218667787,41.595607457787516],[-81.554780366624357,41.59555804395081],[-81.554838884791565,41.595519611015192],[-81.55490471655547,41.595486669232876],[-81.554963234583823,41.595448236236486],[-81.555021751970642,41.595415294040244],[-81.555058326017956,41.595387841617139],[-81.555102214268686,41.595360389523414],[-81.555160732624913,41.595316465602032],[-81.555226566789486,41.59525606949979],[-81.555248516641512,41.59518468972594],[-81.555270463691429,41.595140764090523],[-81.555248526036948,41.595091345641741],[-81.555219274773307,41.59503643602563],[-81.555211965578351,41.594987018233859],[-81.555204655838352,41.594943091269748],[-81.555219289210157,41.594893674480218],[-81.555241236735625,41.594844258022164],[-81.555285126738468,41.594794842552844],[-81.555321701962853,41.594750917568902],[-81.555365591297871,41.59470699289966],[-81.555416794189853,41.594668559365566],[-81.555460683404164,41.594624634662324],[-81.555511887235198,41.594575219431491],[-81.555570405127554,41.5945258044922],[-81.555628923971511,41.594465407868547],[-81.55567281290341,41.594421483089612],[-81.555738644144114,41.594377559203686],[-81.55578253192644,41.594344616041177],[-81.555841048899794,41.594300691799738],[-81.555884936078627,41.594273239427793],[-81.555943452423534,41.594234805964383],[-81.555987340494255,41.594196371900026],[-81.556009285242567,41.594168918620696],[-81.556038544553957,41.5941359747939],[-81.556082432018741,41.594103031522998],[-81.556111691742601,41.594064596851602],[-81.556148265991055,41.594020671623191],[-81.556177526112521,41.593976746109234],[-81.556206785722551,41.593938311415705],[-81.556228731229325,41.593899876443558],[-81.556257990774199,41.593861441738305],[-81.556287249819349,41.593828497853288],[-81.556294566200648,41.593801043986176],[-81.556301883039239,41.593768099291594],[-81.556338455609108,41.593740646489387],[-81.556375028147826,41.593713193676159],[-81.556418916060466,41.593669268631977],[-81.556448174936463,41.593636324709259],[-81.556492062746969,41.593592399639121],[-81.556557892141541,41.593553966138117],[-81.55662372058508,41.593526514253959],[-81.556667606903716,41.59349906160012],[-81.556726121652048,41.593466118587472],[-81.556791950355887,41.593433175783893],[-81.556828522945722,41.593400232007461],[-81.556872410336283,41.593356306800509],[-81.556901668425922,41.593328853595906],[-81.556938240491036,41.59330140061283],[-81.556974812931358,41.593268456792813],[-81.557018699729909,41.593230022359634],[-81.557062586476093,41.593191587910752],[-81.557091845599302,41.593147662183632],[-81.557128418267226,41.593109227492405],[-81.557172305255463,41.593065302178942],[-81.557230820890197,41.59301039562051],[-81.557282021703628,41.592966470478125],[-81.55735516469322,41.592917055099157],[-81.557428307202628,41.592873130500912],[-81.55749413675241,41.592812733189419],[-81.557559965465401,41.592763317492519],[-81.557640421944456,41.592713902130768],[-81.557698936171349,41.592669976998017],[-81.557764764241938,41.592626052014545],[-81.55782327863848,41.592576635997489],[-81.557889106200108,41.592538201770822],[-81.557962248237132,41.592488786024894],[-81.558013448455043,41.592439369751311],[-81.55806464859441,41.592389953456568],[-81.558108534764244,41.592340536984864],[-81.558152420254189,41.592302102145567],[-81.558210934661446,41.592241704295766],[-81.558232878995668,41.592192287329276],[-81.558269449551673,41.592170324771189],[-81.558313334829563,41.592131889874793],[-81.55835721889963,41.59211541825686],[-81.558393789369489,41.592093455660958],[-81.558437674238647,41.592060511543153],[-81.558474244928718,41.592033058099624],[-81.558518129715551,41.592000113952793],[-81.558562014185981,41.591972660613337],[-81.558576643235114,41.591945206752889],[-81.55860589995747,41.591917753142639],[-81.558649784862254,41.591879318125663],[-81.558693669714643,41.591840883093049],[-81.558737554001624,41.591813429690475],[-81.558766810341453,41.59179146686472],[-81.558810694813744,41.591758522612835],[-81.558883834524821,41.591725578781528],[-81.558920404593152,41.591703616026557],[-81.558993544420204,41.591665181305594],[-81.559059370579178,41.591621255620666],[-81.559117882844163,41.591577329806654],[-81.559183708828257,41.591533404054253],[-81.559242221141901,41.591483987358558],[-81.559300733157102,41.59144006145678],[-81.559359245499536,41.591385153883643],[-81.559395816013549,41.591341227698535],[-81.559410444762946,41.591308282921091],[-81.559447014414033,41.591286320007455],[-81.559483584233121,41.591258866261349],[-81.559520154210901,41.591225921682778],[-81.559549410390858,41.59119297702658],[-81.559600608359332,41.591143560093727],[-81.559644492320928,41.591099633899816],[-81.559688376047077,41.591061198511618],[-81.559732259892499,41.591017272286692],[-81.559768830111494,41.59096785517194],[-81.559820027567937,41.590923928969659],[-81.559856597666425,41.590874511829618],[-81.559900481269636,41.59083058554576],[-81.559937051253328,41.590781168382549],[-81.55997362102957,41.590737242029455],[-81.560002877052597,41.590693315626531],[-81.560032132743203,41.590660370857961],[-81.560083329633102,41.590621935368155],[-81.560119898941466,41.590588990613398],[-81.560163782034962,41.590550555057391],[-81.560193037710718,41.590512119430954],[-81.560236920708022,41.590473683849169],[-81.560258862504227,41.590440739002233],[-81.560288118073146,41.590402303353898],[-81.560324687030317,41.590374849358909],[-81.560353942529929,41.590336413695418],[-81.560383198110841,41.590292487205268],[-81.560427080731998,41.590259542376451],[-81.560478276958264,41.590226597542646],[-81.560507532087229,41.590199143482764],[-81.560536787397496,41.590160707776818],[-81.560580669949331,41.590122272073643],[-81.560602611449525,41.590089327167497],[-81.560639180188645,41.590056382260137],[-81.560661121636343,41.590023437344009],[-81.56069769030799,41.589990492419425],[-81.560741572647316,41.58995205665952],[-81.560778141319673,41.589913620892048],[-81.560807396258113,41.58988067594273],[-81.560829337559596,41.589847730997683],[-81.56087321972268,41.5898092951915],[-81.560895160893409,41.58978184105414],[-81.56093172923805,41.589754386879733],[-81.560960983958253,41.589726932713489],[-81.560990238717906,41.589693987721645],[-81.561034120558219,41.589666533495837],[-81.561048747968755,41.589644570173554],[-81.561092629750235,41.589617115926693],[-81.561136511494155,41.589589661664043],[-81.561173079577316,41.589567698236038],[-81.561216961117566,41.589556716399038],[-81.56127546990821,41.589529262015098],[-81.561326665081225,41.589501807644325],[-81.561370546614114,41.589479844114223],[-81.561414428145156,41.589452389750242],[-81.561458309638681,41.589424935370246],[-81.561494877496273,41.589408462662234],[-81.561538758943016,41.589375517435371],[-81.56156069964949,41.589359044815915],[-81.561604581004559,41.589337081200625],[-81.561633835208582,41.589331590143871],[-81.561648462321202,41.589320608386586],[-81.561677716531364,41.589298644866773],[-81.561699657187717,41.589265699770252],[-81.561721597815335,41.589249227121982],[-81.561750851966295,41.589205300315776],[-81.561787419602211,41.589155882616062],[-81.561816673671643,41.589117446612171],[-81.561838614202756,41.589089992309219],[-81.561867868211507,41.58905155629374],[-81.561889808685834,41.589018611164938],[-81.561926376201157,41.589002138327437],[-81.561984884264106,41.588996646868047],[-81.562043392342318,41.588996646195774],[-81.562087273400778,41.588996645671941],[-81.562138467968865,41.588996645039565],[-81.562175035480763,41.588991153757526],[-81.562211602946604,41.588980171647556],[-81.562240856766508,41.588952717176085],[-81.562284737472424,41.588914280864074],[-81.562321304728187,41.588886826272301],[-81.562357871900403,41.588853880853563],[-81.562394439034989,41.588820935424032],[-81.562431006073567,41.58878249916777],[-81.56246757319164,41.588755044532661],[-81.562489513256878,41.58872209929887],[-81.562526080182238,41.588683663015061],[-81.562562647063714,41.588645226720523],[-81.562591900436146,41.58860679053543],[-81.562613840535207,41.588584826911685],[-81.562635780619232,41.588562863284096],[-81.562665033910349,41.588524427082163],[-81.562716227603659,41.58849148130917],[-81.562760107969339,41.588469517275321],[-81.562803988214526,41.588442062410152],[-81.562825928461436,41.588436571194443],[-81.562862495499445,41.588425588887375],[-81.56289906232783,41.588403624938941],[-81.562950255907211,41.588376169881585],[-81.562994136113659,41.588354205762094],[-81.563038016179632,41.588326750811781],[-81.563067269573722,41.588310277774376],[-81.563111149811533,41.588293804426797],[-81.56313308962568,41.588271840710583],[-81.563140402218565,41.588233404855295],[-81.563147714802668,41.588194968999744],[-81.56314771384433,41.588151042483446],[-81.563147712646298,41.588096134338059],[-81.563140398285768,41.58805220797511],[-81.563147710968735,41.588019262934289],[-81.563162336917472,41.587980826924586],[-81.563169649702672,41.587953372697335],[-81.563191589256775,41.587925918158547],[-81.563206215532475,41.587903954587645],[-81.563220841672063,41.587876500200714],[-81.563228154039948,41.587832573527258],[-81.563250093527628,41.587805118978821],[-81.563264719236031,41.587761192144157],[-81.563272031691156,41.587722756283206],[-81.563286657233917,41.587673338632108],[-81.563293969930513,41.587645884398889],[-81.563301282354715,41.587607448536716],[-81.563308594636325,41.587563521859934],[-81.563315907310979,41.587536067625862],[-81.563337847068198,41.587525085506506],[-81.563367099881177,41.587503121589009],[-81.563403666152908,41.587486648310502],[-81.563440232550818,41.587475665834809],[-81.563484112271226,41.587464683174595],[-81.563527991823932,41.58744820968414],[-81.56357918484224,41.58743722681205],[-81.563630377681633,41.587420753103935],[-81.563666943509759,41.587393298117213],[-81.56370350947401,41.587371333933106],[-81.563740075242578,41.587343878924543],[-81.563762014688677,41.587327405914159],[-81.563798580407081,41.587299950888102],[-81.563820519645617,41.58727798705403],[-81.56384245868972,41.587250532402891],[-81.563871710840587,41.58721758673768],[-81.563893649474522,41.587179150451462],[-81.563908274414004,41.587129732735285],[-81.563908273303724,41.587096787856794],[-81.56394483863977,41.587063841975763],[-81.563952151551405,41.58705286014785],[-81.563959464649969,41.58704736913252],[-81.563966777557241,41.587036387303854],[-81.563988716263907,41.587003441815213],[-81.564039908062497,41.5869704954969],[-81.564098413485951,41.586948530571625],[-81.564149606007064,41.586937547457353],[-81.564215425057554,41.586926563884575],[-81.564273930812988,41.586915580497049],[-81.564332436326879,41.586899106268028],[-81.564412882072261,41.586893612943349],[-81.564478700797665,41.58687713841006],[-81.564537206223278,41.586860664078877],[-81.564617651656121,41.586849679800807],[-81.564690783545842,41.586833204904345],[-81.564756601879409,41.58681123940373],[-81.564800480656217,41.586794765445902],[-81.564844359145368,41.58677280066069],[-81.564866298645555,41.586767309073196],[-81.564888238141947,41.586761817481587],[-81.56492480305451,41.586734362116552],[-81.56495405551081,41.58672337943851],[-81.564990621205794,41.58671239648632],[-81.565027186888202,41.586701413522803],[-81.565056439878092,41.58670141244103],[-81.565093005829084,41.586695920267651],[-81.565129572063157,41.586695918893433],[-81.565173451250757,41.586690426418414],[-81.565210017481434,41.586690425018681],[-81.565253897258131,41.586695914133962],[-81.565297777042147,41.586701403232269],[-81.565341656525973,41.586701401503468],[-81.565392849568781,41.586706890275565],[-81.565436728740465,41.586701397700502],[-81.565473294657878,41.586695905407034],[-81.565495233435954,41.586679432081773],[-81.565517172202661,41.586662958752662],[-81.565685380154392,41.586717859810818],[-81.565656128829957,41.586745315100195],[-81.565634190403202,41.586767279265125],[-81.56562687781215,41.586778261192286],[-81.565626878807436,41.586794733620927],[-81.565612253613963,41.586816697474092],[-81.565612255266416,41.586844151521866],[-81.565612256588352,41.586866114760141],[-81.565619571509671,41.586893568500393],[-81.565626886437158,41.586921022240034],[-81.565626887100493,41.586932003859111],[-81.565626888427303,41.586953967097152],[-81.565626890085682,41.586981421144671],[-81.565619577799907,41.586997893881403],[-81.565604951897782,41.587008876115725],[-81.565583013035322,41.587025349463772],[-81.565583013691125,41.587036331082885],[-81.565597641578108,41.58705829370863],[-81.565619581772197,41.587063783595688],[-81.565641522635701,41.587080255097327],[-81.565670776467016,41.587091235473814],[-81.565692716003966,41.587085743727727],[-81.565743908355842,41.587074759907416],[-81.565765846506821,41.587047304910918],[-81.565802411898645,41.587030830890427],[-81.565824350357943,41.587008866692727],[-81.565853601730637,41.586981411359616],[-81.565860913954538,41.586964938609476],[-81.565882852371203,41.586942974401666],[-81.565897477146152,41.586915519706778],[-81.565904789351222,41.586899046954322],[-81.565919414463366,41.586877083065986],[-81.565941352471313,41.586849628039339],[-81.565941351395651,41.586833155612716],[-81.56595597684003,41.586816682529246],[-81.565963287937365,41.586783737347119],[-81.565977913003081,41.586761773452388],[-81.56599253769582,41.58673431874734],[-81.566021788505466,41.586701372567241],[-81.566051039285071,41.586668426380541],[-81.5660656642943,41.586646462476004],[-81.566102227890738,41.586608025133216],[-81.566124164979499,41.586569588458609],[-81.56615341564617,41.586536642248454],[-81.566168040212133,41.586509187523937],[-81.566197290828569,41.586476241303863],[-81.566233854248679,41.586437803923381],[-81.56625579274241,41.586421330459913],[-81.566299669306517,41.586382892713139],[-81.566314294555795,41.5863664195887],[-81.566343545031728,41.586333473334633],[-81.566358169469694,41.586306018589006],[-81.566380107489991,41.586284054295653],[-81.566387419498568,41.586267581516957],[-81.566402043504439,41.586234635958505],[-81.566409354305335,41.58620169075482],[-81.566416665897492,41.586179727166737],[-81.566423977084611,41.586152272770271],[-81.566431287864617,41.586119327565576],[-81.566445911009836,41.586075400386996],[-81.566453222172257,41.586047945989272],[-81.566467846093744,41.586015000424354],[-81.566497096736327,41.585987544944679],[-81.566511719806002,41.58594361775944],[-81.566526344082362,41.585916162996114],[-81.566548281500403,41.585888707867397],[-81.566570218899557,41.585861252735029],[-81.566577530810619,41.585844779946513],[-81.566599468182233,41.585817324809149],[-81.56662871867789,41.585789869299582],[-81.566657968728194,41.585756922975555],[-81.566687218325626,41.58571848583744],[-81.566716467887844,41.585680048692623],[-81.566753029684051,41.585630629550579],[-81.566789591423756,41.585581210398161],[-81.566840779334015,41.585531790473404],[-81.56685540293752,41.585498844866599],[-81.566891964082274,41.585443934878299],[-81.566921213838711,41.585410988494303],[-81.566943150468987,41.58537804249152],[-81.566987025456157,41.585334113702437],[-81.56701627511336,41.585301167296649],[-81.567038211656964,41.585268221277801],[-81.567060149542641,41.585251747675393],[-81.567082086046682,41.585218801649098],[-81.567118647756317,41.585174873210406],[-81.567147896347905,41.585130945161453],[-81.567191771957269,41.585097997914481],[-81.567221021400897,41.58506505146174],[-81.567257583398984,41.585026613789552],[-81.567279519723968,41.584993667729861],[-81.567316081646027,41.584955230040876],[-81.567345330960293,41.584922283559621],[-81.567389205841494,41.584883845437226],[-81.567411143504842,41.584867371773235],[-81.567433082130833,41.584861879717245],[-81.567469647315946,41.58486187762464],[-81.567498900941644,41.584878348359659],[-81.567528155077241,41.584900309892653],[-81.567564722276472,41.584922270992102],[-81.567608603048583,41.584949722456464],[-81.567652483352205,41.584971683097706],[-81.567710989278623,41.584988152046357],[-81.567747554534478,41.584988149863818],[-81.567784119790218,41.584988147669677],[-81.567820683485991,41.584971673048443],[-81.567871872208912,41.584944215915968],[-81.56791574784495,41.584916759210131],[-81.567952309872254,41.584883812134187],[-81.56799618489724,41.584850864594749],[-81.568047371829849,41.584806934974239],[-81.568091246209889,41.584768496596318],[-81.568135121084111,41.584735549007505],[-81.568157057955446,41.584713584402763],[-81.568171682894686,41.584702601867065],[-81.56819362029411,41.584686128060369],[-81.568208244667559,41.584669654715967],[-81.568215556574472,41.584658672640991],[-81.568230181491145,41.584647690098436],[-81.568244805846348,41.584631216749827],[-81.568288681107319,41.584603759910848],[-81.568354494210965,41.58456532002473],[-81.568427620233663,41.584526879623638],[-81.568508058583248,41.584482947890081],[-81.568588496822301,41.584439016102941],[-81.568646997182739,41.584406067350798],[-81.568698183907031,41.584367628263543],[-81.56877862187001,41.584323696350253],[-81.568851747969106,41.584290746495689],[-81.568910247444578,41.584252306813411],[-81.568983374013698,41.584224847681611],[-81.569049186308732,41.584186407418017],[-81.569107686200169,41.584153458443105],[-81.569151560127906,41.584120510489626],[-81.569173495802829,41.584093054902198],[-81.569210056710446,41.584060107453652],[-81.569253930521313,41.584027159464007],[-81.569297803640239,41.583988720656514],[-81.569334363774189,41.583950282369337],[-81.569370923211125,41.58390635326959],[-81.569407482597768,41.583862424159449],[-81.569458667107696,41.583813003151803],[-81.569495228371579,41.583785546421851],[-81.569524475361447,41.583747108624856],[-81.569568347455146,41.583703178921176],[-81.569612220835964,41.583670230805296],[-81.569656094171563,41.583637282673777],[-81.569707280354535,41.583604333968623],[-81.56977309226221,41.583571384118208],[-81.569838904795205,41.583543925032963],[-81.569926655218168,41.583510973396976],[-81.569992467622612,41.583483514227112],[-81.570036342764084,41.583467038360638],[-81.570102153644356,41.583428597529206],[-81.570175277313353,41.583390156075012],[-81.57021915161755,41.583368189341357],[-81.570292275146784,41.583329747816272],[-81.570365397111203,41.583280324646822],[-81.570416582641698,41.583247375642159],[-81.570460453778622,41.583203445621535],[-81.570504327856369,41.583181478784645],[-81.570540888309012,41.58315402174226],[-81.570592074405511,41.583126563463821],[-81.570621321954434,41.583099107010284],[-81.570643256646733,41.583071651166243],[-81.570687127506815,41.583027721065882],[-81.570730999846148,41.582994772548879],[-81.570774872140234,41.58296182401623],[-81.570811430020527,41.582917894496291],[-81.570855300659105,41.582873964337139],[-81.570899169668706,41.582819052564744],[-81.570950351398949,41.582764140142906],[-81.57097959625375,41.582720211209654],[-81.571016153059929,41.582670790832665],[-81.571038085045899,41.582626862524982],[-81.57106732977708,41.582582933572368],[-81.5711038888426,41.582549985566651],[-81.571125822334281,41.58251703884163],[-81.571155069374058,41.582489582264721],[-81.571198939481334,41.582445651987321],[-81.571220872887963,41.582412705246277],[-81.571250118209576,41.582374267050781],[-81.571293988990462,41.58233582753882],[-81.571337858073974,41.582286406415236],[-81.571367102442252,41.582242477395148],[-81.571396348424841,41.582209529964409],[-81.571432905445292,41.582165600267743],[-81.571462150525562,41.58212716202415],[-81.571498709125848,41.582094213904149],[-81.571527956649845,41.582072248038742],[-81.571564516026498,41.58204479069704],[-81.571601072836614,41.58200086095195],[-81.571644943149153,41.581962421317414],[-81.571688812556175,41.58191849087018],[-81.571725369208181,41.581874561089357],[-81.57177655204913,41.581836120726948],[-81.571813108593403,41.581792190920893],[-81.571856978634571,41.581753751212133],[-81.571900850364656,41.581726293081701],[-81.571944720307613,41.581687853341847],[-81.571988591954678,41.581660395179966],[-81.572061715116234,41.581638424993763],[-81.572098274902316,41.581616458290625],[-81.572142144650783,41.581578018480236],[-81.572178704374551,41.58155605175309],[-81.572200636968645,41.581523104844813],[-81.572237193941206,41.581484665711635],[-81.572259124676862,41.581440737201156],[-81.57228105628576,41.5814022994834],[-81.572310298691818,41.581352879452872],[-81.572332227514877,41.581297969338735],[-81.572361468922196,41.581243058501336],[-81.572398022895015,41.581188146935595],[-81.57241995341667,41.581144218399714],[-81.572449196514029,41.581100289135144],[-81.572478441412883,41.581067341455551],[-81.572500373682857,41.581034394497934],[-81.572522305930121,41.581001447536757],[-81.572551550745757,41.580968499840552],[-81.572573482014548,41.580930062075339],[-81.572602727702545,41.580902605163018],[-81.572624657983994,41.580858676593834],[-81.572661215255721,41.580825728136631],[-81.572690458979281,41.58078728961361],[-81.572734329685815,41.580759831190086],[-81.572778198460625,41.58072139116063],[-81.572814754624105,41.580682951863487],[-81.572858625205313,41.580655493395646],[-81.572887868731556,41.580617054827172],[-81.572931737315471,41.580578614743779],[-81.572975602954372,41.580523702260969],[-81.573004845382883,41.580479772871335],[-81.573034088739973,41.580441334269807],[-81.573085267693926,41.580391911783138],[-81.573114510962071,41.580353473163349],[-81.573165689782996,41.580304050644131],[-81.573231494529622,41.580260117353603],[-81.573282676156566,41.580227167168438],[-81.573341167246241,41.580177743800789],[-81.57341428423706,41.58013380963208],[-81.573487401126968,41.580089875419482],[-81.57354589497173,41.580056924335082],[-81.573619012702281,41.580018480836614],[-81.573706752219039,41.579963563310841],[-81.573757933362103,41.579930612926091],[-81.57380911238036,41.579886680933932],[-81.5738383570569,41.579859223732036],[-81.573874913127483,41.579826274918176],[-81.5739260940733,41.579793324463466],[-81.573991895664804,41.579738409178425],[-81.574050386812402,41.579694476266852],[-81.574108876817519,41.579645052535163],[-81.574167367798736,41.579601119568089],[-81.574247794913802,41.579551693277317],[-81.574298974368006,41.579513251874758],[-81.574364775348698,41.579458336391198],[-81.574415955745508,41.579425385731881],[-81.574489067847963,41.579364978544568],[-81.57456218091265,41.579310062105577],[-81.574613358877556,41.579266129781111],[-81.574671843610602,41.579194742618313],[-81.574737645056715,41.579145317728262],[-81.574781509270863,41.579095895409104],[-81.574861931890851,41.579029996343387],[-81.574913106029683,41.578969591523766],[-81.574971596972119,41.578931148966817],[-81.575015460856875,41.578881726566415],[-81.575059324673433,41.578832304150779],[-81.575095879522578,41.57879935497845],[-81.575147055556798,41.578749931645056],[-81.575220167347723,41.578695014818479],[-81.575278655526631,41.578645590536098],[-81.575337144782793,41.578601657015909],[-81.575388319298185,41.578546742793726],[-81.575432182594042,41.578497320248445],[-81.575476047001757,41.578453388477591],[-81.575534534759853,41.578403964075214],[-81.575585710135314,41.578354540562444],[-81.575636886625318,41.578310607818111],[-81.575673442072926,41.578283149265729],[-81.575717306166425,41.578239217410498],[-81.575775794746434,41.578195283683478],[-81.575826972187642,41.578156841649651],[-81.575863527465003,41.578129383040917],[-81.575936642805004,41.578096428945599],[-81.576002447036487,41.578068966537018],[-81.576082874490282,41.578036011409445],[-81.576141363868956,41.577997568295444],[-81.576214477669751,41.577959123242756],[-81.576265654656368,41.577920681024686],[-81.576324141312014,41.577871256247249],[-81.57638262913521,41.577827322230021],[-81.576441116877675,41.577783388184962],[-81.5765142264422,41.577728470589626],[-81.576587335880518,41.577673552950735],[-81.576645820778026,41.577618637233947],[-81.576726244753914,41.57757470010435],[-81.576792039049096,41.577508801756984],[-81.576865147995306,41.577453883953332],[-81.576945568997516,41.577398965105779],[-81.577011365509222,41.577344048215707],[-81.577091784926736,41.577283638485895],[-81.577157582518424,41.577234212304241],[-81.57721606918075,41.577190277890992],[-81.577281869251721,41.57715183321482],[-81.57734035575254,41.577107898742177],[-81.577406152969431,41.577058472427318],[-81.577471950084117,41.577009046077208],[-81.577508503992533,41.57698158697864],[-81.57753774573824,41.576954128906451],[-81.577566986097835,41.576921180042035],[-81.577610847944982,41.576877247518127],[-81.577618153240692,41.576849792549879],[-81.577647392142524,41.576811352881933],[-81.577662005418645,41.576767424512219],[-81.577691242883915,41.576723494049531],[-81.577720480308599,41.576679563580385],[-81.577749717692768,41.576635633104857],[-81.577778955036223,41.576591702622828],[-81.577808195103316,41.576558753704028],[-81.577844748607532,41.576531294508086],[-81.577881303468644,41.576509326085947],[-81.577910544835731,41.576481867927932],[-81.577954410325745,41.576454407639503],[-81.577998275777944,41.57642694733525],[-81.578049453260036,41.576399485947277],[-81.578086009380797,41.576383008247909],[-81.578144494619139,41.576339073396291],[-81.578195669136377,41.576300630378277],[-81.578261464853398,41.57625120360953],[-81.578334575368373,41.576212757287756],[-81.57837112844669,41.576185297934593],[-81.578444235945682,41.576135869979296],[-81.578510032741889,41.576091933860454],[-81.578568520315315,41.576058980373247],[-81.578634322759925,41.576037007320267],[-81.578678194916719,41.576037000686576],[-81.57870012807696,41.57602601579719],[-81.578758618419442,41.576004043783286],[-81.578846352385725,41.575965594925769],[-81.578912153160076,41.575938130936095],[-81.578985264405588,41.575905175001736],[-81.579051062079003,41.575866729370652],[-81.579124170179469,41.575822791786969],[-81.579160719695807,41.575784350631714],[-81.579204581160454,41.575745908326539],[-81.579255751546398,41.575696483299097],[-81.579321545815304,41.575647055958271],[-81.579358095111061,41.575608614745398],[-81.57940195633509,41.575570172370554],[-81.57943850401503,41.575526240352559],[-81.579482362080142,41.575476816386207],[-81.57950428726555,41.575438377443383],[-81.579533525908488,41.57540542811914],[-81.579570078005389,41.575377968408077],[-81.579599319660133,41.575356000631388],[-81.579643186726358,41.575339521297224],[-81.5796943641691,41.575317549996406],[-81.579760162357076,41.575284594765108],[-81.579811336604863,41.575251641852219],[-81.579862509240158,41.575213198136922],[-81.579899062647286,41.575191229108071],[-81.579942923256169,41.575152786541224],[-81.579994098874252,41.575125324332454],[-81.580023349707105,41.575136301137825],[-81.580052598973907,41.575141787155069],[-81.580111092779489,41.575136286825732],[-81.580154959561426,41.575119807303508],[-81.580191509638311,41.575086856624786],[-81.58023537159049,41.575053904732492],[-81.580293850929351,41.574998987291352],[-81.580337712767857,41.574966035362628],[-81.580396195148538,41.574922099433209],[-81.5804546758377,41.574872672696202],[-81.580513156435956,41.574823245931533],[-81.58055701480049,41.574779312365337],[-81.580608184981088,41.574735377558071],[-81.580666666962628,41.574691441500406],[-81.580710525129987,41.574647507880229],[-81.580761693460957,41.574598082230366],[-81.580812866637658,41.5745651288969],[-81.580856727907815,41.574532176783315],[-81.580907900982268,41.574499223410015],[-81.580959072349216,41.574460779236226],[-81.581002940104497,41.574449790185383],[-81.581046812830337,41.574455273454362],[-81.581090688894605,41.574471738263867],[-81.581127253132635,41.574488204314804],[-81.581156498854384,41.574482708500021],[-81.581200366589911,41.574471719374806],[-81.581236920787106,41.57445524072017],[-81.581302717284103,41.574422284646673],[-81.581346579890052,41.574394823132835],[-81.581390440766782,41.574361870824951],[-81.581463545522226,41.574317931832987],[-81.581514721514296,41.574295959757038],[-81.58159513963821,41.574257510180722],[-81.581668247562959,41.574224552620095],[-81.581726736944717,41.574208069939012],[-81.581777911032646,41.574180606972909],[-81.581851017043277,41.574142158523209],[-81.581894879219362,41.574114696810312],[-81.581967988565665,41.574087229843968],[-81.582033786049877,41.574059764147364],[-81.582121517109968,41.574026803680084],[-81.582172692640313,41.57400483132259],[-81.582231181688854,41.573988348393463],[-81.582304292514308,41.57396637199718],[-81.582362777943231,41.573938907450007],[-81.582428575103293,41.57391144153565],[-81.582501683984987,41.573883974241653],[-81.582567482820679,41.573861999026796],[-81.58261134808707,41.573845518604571],[-81.582662523302105,41.573823546036913],[-81.582721010250694,41.573801572090417],[-81.582772187202494,41.573785090251533],[-81.582845297606625,41.573763113522141],[-81.58291109619816,41.573741138116915],[-81.582976894744149,41.573719162675211],[-81.583035379655115,41.573691697798679],[-81.583093870028691,41.573680705219381],[-81.583145044944132,41.573658732444436],[-81.58321815877018,41.573647737035301],[-81.583262023719755,41.573631256372941],[-81.583298580609849,41.573625758637789],[-81.583357076457162,41.57363123825224],[-81.583415570448778,41.5736312270624],[-81.583481381801036,41.573647686762506],[-81.583569134078004,41.573680614519667],[-81.58363495305268,41.57371903722921],[-81.583693454675995,41.573740988995645],[-81.583737334703613,41.573768434349375],[-81.583788530328263,41.573806859810375],[-81.583847037785688,41.573845283819949],[-81.583898233534697,41.5738837092306],[-81.583934803872324,41.57391664671227],[-81.583971374246659,41.573949584181818],[-81.584029885772097,41.573998989643677],[-81.584066456240151,41.574031927081819],[-81.584110342388954,41.574075844610817],[-81.584139601137963,41.57410878346969],[-81.584168859916318,41.574141722320775],[-81.584190804984388,41.57416917184085],[-81.584220063815309,41.574202110678151],[-81.584242010859086,41.574235050961732],[-81.584263955988774,41.574262500467071],[-81.584293212959537,41.574289948511037],[-81.584344409317524,41.574328373715495],[-81.584366352576765,41.574350332426675],[-81.584388297797034,41.57437778190711],[-81.584410243035663,41.574405231383089],[-81.584439498180757,41.574427188614692],[-81.584483378980835,41.574454633674179],[-81.584541891343093,41.57450403886476],[-81.58461502946335,41.574558931842823],[-81.584673538077695,41.57459735541741],[-81.584732048735859,41.574641269734528],[-81.584775929802319,41.574668714679014],[-81.584805171318834,41.57465223640321],[-81.584841722697163,41.574630265855191],[-81.584885579943659,41.574591821482628],[-81.584922129268065,41.574564360137622],[-81.584958676566302,41.574531408008916],[-81.585002535672288,41.574498454367507],[-81.585039082890972,41.574465502215034],[-81.585090247729909,41.574416074719906],[-81.585141414499674,41.574372137976198],[-81.585177961573734,41.574339185782748],[-81.585229132257197,41.5743062305473],[-81.585214506593132,41.574300742806159],[-81.58517793740927,41.574273296514122],[-81.585126740603442,41.574234871684958],[-81.585075545862949,41.574201937604826],[-81.585038974790422,41.574169000494642],[-81.58499509195012,41.574136064873507],[-81.58503163696146,41.574097621955019],[-81.585053566351277,41.574081145125781],[-81.58507549372429,41.574059177520141],[-81.58511203864272,41.574020734578085],[-81.585148581505052,41.573976800852989],[-81.585185124316737,41.573932867117371],[-81.58521435731906,41.57389442565804],[-81.58522896068385,41.573839514906751],[-81.585250877808093,41.573790093410096],[-81.585265481116011,41.573735182655497],[-81.585287394126311,41.573674779609355],[-81.585309311146659,41.573625358103925],[-81.585345853643375,41.573581424324018],[-81.585389705792608,41.573531998237371],[-81.585433557873472,41.573482572135426],[-81.585499347102143,41.573438632197906],[-81.58554319698662,41.57338371528585],[-81.58560167432357,41.573339776827325],[-81.585652839870917,41.573295839881887],[-81.585740561802368,41.573246404418818],[-81.585820978112011,41.57321344275649],[-81.585879463403259,41.573191467248421],[-81.585945258266889,41.573163999382068],[-81.586025680630698,41.573147509894085],[-81.586098795451633,41.573142003461157],[-81.586171912359973,41.573141987752997],[-81.586223096300316,41.573147467500426],[-81.58625966318921,41.573169422694725],[-81.586354732136556,41.573213328295424],[-81.587488361609743,41.573998257068752],[-81.587510296969313,41.573998252093944],[-81.58754685590165,41.573998243793447],[-81.587583412614762,41.573992744712726],[-81.587619971543575,41.573992736389265],[-81.587663837806346,41.573981744848822],[-81.587700390041562,41.573965264194584],[-81.587729623782607,41.573932312896602],[-81.587773487749331,41.573915830547328],[-81.587780781638429,41.573871902724576],[-81.587780763749919,41.573827976577462],[-81.587766120101918,41.573778563012091],[-81.587707601480673,41.573718177941004],[-81.58764176454558,41.573641322199741],[-81.587575929983828,41.573569957187388],[-81.587532041832588,41.573526041003021],[-81.587480830955712,41.573454672613593],[-81.587436938529876,41.573399774853463],[-81.5873784205493,41.573339389606467],[-81.587334532684395,41.573295473343045],[-81.587283328786327,41.573240577167596],[-81.587254062250452,41.573191166815562],[-81.587202862877334,41.573147252140572],[-81.587166291314219,41.573114315709986],[-81.58712972197003,41.57308687003647],[-81.587085836618868,41.573048444443231],[-81.587071198019061,41.573010012318527],[-81.587078496626049,41.572977066073598],[-81.587085801761233,41.572960592135985],[-81.587129656499968,41.572922146962263],[-81.587180825033201,41.572889190906082],[-81.587231989130686,41.572845253290474],[-81.587283153157486,41.572801315653557],[-81.587348933801223,41.572740902397214],[-81.587429339802995,41.572685976572643],[-81.587480503565274,41.572642038853537],[-81.587531669474231,41.572603591881538],[-81.58757552147604,41.572559655780402],[-81.587604756851434,41.572532195293832],[-81.58762668503563,41.57251571800056],[-81.587663234212854,41.572493746604586],[-81.587677841834321,41.572455307894863],[-81.587663207466804,41.572427857386053],[-81.587641259278897,41.572394917771433],[-81.587597376309617,41.572361983138507],[-81.587553491164712,41.572323557720097],[-81.587516924313803,41.572301602933393],[-81.587480353060045,41.572268666598177],[-81.587458405016832,41.572235726947028],[-81.587443773000189,41.572213767177161],[-81.587429138783705,41.572186316636881],[-81.58742912552627,41.572153372026342],[-81.58745836962467,41.572147874652714],[-81.587502232438936,41.572131392426257],[-81.587560711714033,41.572098434562612],[-81.587619190928578,41.572065476670716],[-81.587655735391422,41.572032523745683],[-81.587714210027841,41.571988584271807],[-81.587765373029853,41.57194464644143],[-81.58781653596111,41.571900708589645],[-81.587860389524906,41.571862263161478],[-81.587904240784965,41.571818326950137],[-81.587933480182215,41.57180184792503],[-81.587962721820105,41.571790859660339],[-81.58799927498265,41.5717798697031],[-81.588050451199663,41.571768876357943],[-81.588101634201664,41.571774355292561],[-81.588138198684007,41.571790819128715],[-81.588182076996802,41.571812772023435],[-81.588211332257401,41.571834728300111],[-81.588233275994241,41.571856686269754],[-81.588247905920284,41.571873155169563],[-81.588269856526949,41.57191158543359],[-81.588299118712911,41.571950013988634],[-81.588299132416594,41.571982958591576],[-81.588306459965551,41.57202139225668],[-81.588313789807657,41.57206531668848],[-81.588321112802362,41.572092768818251],[-81.588343058948936,41.57212021753282],[-81.588379621394623,41.572131190522235],[-81.588423493133732,41.572136671020225],[-81.588481985731548,41.57213665730243],[-81.588547782989423,41.572120169533967],[-81.588598952452941,41.572092703643904],[-81.588650124185918,41.572070728498808],[-81.588679356557691,41.572037776986974],[-81.588708584261767,41.57199384393514],[-81.588752432709256,41.571944416644513],[-81.588788967215677,41.571889500307762],[-81.588810887889053,41.57185655050079],[-81.588832820187491,41.571851054522043],[-81.588869377897566,41.57185104582566],[-81.588927884258922,41.571883976485218],[-81.588971774603905,41.571933382908021],[-81.589008346425516,41.571966318764353],[-81.589052232190141,41.57200474362287],[-81.589081492528905,41.572037681207121],[-81.589096115654698,41.572037677697956],[-81.589139968544814,41.571999231797371],[-81.58919112349686,41.571938821056669],[-81.58926422008399,41.571894877298803],[-81.589366572235775,41.571872889476346],[-81.589498184798373,41.571883839041732],[-81.589571302641062,41.571889311983952],[-81.589593256430334,41.571933232751057],[-81.589622514614931,41.571960679429893],[-81.589673719497625,41.572015574555749],[-81.5897102989302,41.572064982480967],[-81.5897395692527,41.572119882954972],[-81.589761528045912,41.572174785218301],[-81.58976885648238,41.572213218777549],[-81.589783498922955,41.572257141303119],[-81.58979082979063,41.572301065626],[-81.589783535064257,41.572339502781617],[-81.589768938359867,41.572399904796207],[-81.589754339220164,41.572454816044285],[-81.589732423629442,41.572498747556438],[-81.58970320119289,41.572553662390106],[-81.589681285532095,41.572597593893839],[-81.589666679072593,41.572636032836861],[-81.589659389025826,41.572685451517891],[-81.589652096569566,41.572729379433248],[-81.589695961611127,41.572718387146779],[-81.58973251259502,41.572701905875022],[-81.589769063560084,41.572685424592017],[-81.589805614506133,41.572668943297948],[-81.58984947706503,41.572652460189431],[-81.589907962860877,41.572635973451291],[-81.58995914184581,41.572630470024968],[-81.590003004338286,41.572613986859565],[-81.590083422500257,41.572592003828326],[-81.590141905740126,41.572570026209668],[-81.590185763257267,41.572542561447328],[-81.590229623183475,41.57252058743375],[-81.590280787339367,41.57248213928024],[-81.590331953889205,41.572449181869786],[-81.590375806322029,41.572410735509628],[-81.59041965623851,41.572366798369472],[-81.590463506094395,41.572322861213742],[-81.590492737651502,41.572289909258473],[-81.590536587403747,41.572245972076999],[-81.590573123038624,41.572196545964154],[-81.590602352001397,41.572158103219245],[-81.590624274320518,41.572130643847082],[-81.590653505705603,41.57209769185431],[-81.59069005111175,41.572070228763579],[-81.590719282434989,41.572037276755317],[-81.590755820299989,41.571993341353384],[-81.590799672162163,41.571954894842953],[-81.590858144564663,41.571910953822808],[-81.590916616886503,41.571867012774618],[-81.590967780101835,41.571828564334453],[-81.591033566321457,41.571790112120787],[-81.591070108867143,41.571757158152863],[-81.591106651374972,41.571724204173975],[-81.591157811833341,41.571680264890666],[-81.591179728688829,41.57164182389409],[-81.591179708453069,41.571597897788507],[-81.591157758753624,41.571564958862965],[-81.591128492521818,41.571521040288587],[-81.591099228851832,41.571482612469623],[-81.591062651202307,41.571438695757365],[-81.591026076118439,41.571400269796293],[-81.590989501077274,41.571361843823027],[-81.590938298099218,41.57131244005101],[-81.590879788734,41.571274019648449],[-81.590828590907819,41.571235597353116],[-81.590770079179791,41.571191686129822],[-81.590711570020773,41.571153265639715],[-81.590682311734554,41.571125819237622],[-81.590623797718848,41.571076417174297],[-81.590557972343973,41.571027016925711],[-81.590499460982755,41.57098310556124],[-81.590433635794966,41.570933705239717],[-81.59037512460003,41.570889793810458],[-81.590316615941148,41.570851373114785],[-81.590272735105401,41.570823930264098],[-81.590206915144975,41.570785511338187],[-81.590141090375141,41.570736110845516],[-81.590089890961508,41.570692197449134],[-81.590024066373061,41.57064279688781],[-81.589943619086284,41.570593399900531],[-81.589885110943683,41.570554978980859],[-81.589833909424414,41.570505574703205],[-81.589768087627405,41.57046166475677],[-81.589716888676463,41.570417751190291],[-81.589687635943804,41.57040128605766],[-81.589658383225768,41.570384820917546],[-81.589607186806731,41.570346398065844],[-81.589555990447451,41.570307975190879],[-81.589504794147956,41.570269552292565],[-81.589438970422222,41.570220151389137],[-81.589395090374452,41.570192708197105],[-81.589358521714232,41.570165263219955],[-81.589387755214517,41.570137802318271],[-81.589416983923115,41.570099359880068],[-81.589460830500045,41.5700499323572],[-81.589497360895862,41.569989525066624],[-81.589548516264401,41.569934604971643],[-81.589585048907637,41.569879688420862],[-81.589628892799439,41.569824770075201],[-81.58966543252464,41.569786325794773],[-81.589709273873183,41.5697259166569],[-81.58976042160495,41.569654524183079],[-81.589818880505803,41.569583129892692],[-81.589862723989313,41.569528211466121],[-81.589921182658188,41.569456817128426],[-81.589972332365278,41.569390915333372],[-81.590030788346482,41.569314030181353],[-81.590081937823939,41.56924812834216],[-81.590125780847117,41.569193209824633],[-81.590162312560139,41.569138293109368],[-81.590206155437428,41.569083374564165],[-81.590250000695264,41.569033946766972],[-81.590301149717916,41.568968044839487],[-81.590344992356847,41.568913126246045],[-81.590396146121861,41.56885820580608],[-81.590425363738348,41.56879780008439],[-81.590388792946968,41.568764864667784],[-81.590330283699544,41.568720953197328],[-81.590286401815121,41.568688019574644],[-81.59024983361158,41.568660574876048],[-81.590220576615437,41.568633128345724],[-81.590191319643623,41.568605681807739],[-81.59014743790523,41.568572748131146],[-81.590118180990501,41.568545301574311],[-81.59012548726291,41.568534318234384],[-81.590132776395947,41.568484899553113],[-81.590154695176565,41.568451949530036],[-81.590176611482207,41.568413508740328],[-81.590205841363584,41.568380556891228],[-81.590235071214522,41.568347605035299],[-81.590286229534712,41.568303666177592],[-81.590322770444516,41.568270712476867],[-81.590351995249264,41.568226779068347],[-81.5904031459755,41.568166367874845],[-81.590454301557031,41.568116938185241],[-81.590498140985474,41.568056528786983],[-81.590520056944811,41.568018087938945],[-81.590549283980266,41.567979645247618],[-81.590600436807847,41.567924724736145],[-81.590636964873369,41.567864317133285],[-81.590658878186503,41.567820385500077],[-81.590680796462067,41.567787435387068],[-81.590724640445657,41.567738007435103],[-81.590761170787289,41.567683090559278],[-81.590812320683227,41.567622679200475],[-81.590848853393297,41.567573253061205],[-81.590885383531514,41.567518336150094],[-81.590921913606067,41.567463419228645],[-81.59095845118037,41.567424974580682],[-81.590987670103601,41.56737005950535],[-81.591024200003147,41.56731514255506],[-81.591068043391218,41.567265714484179],[-81.591104580762689,41.567227269793854],[-81.591148424027224,41.567177841694686],[-81.59118495621712,41.567128415459209],[-81.591228804440505,41.567089968853409],[-81.591279961058945,41.567046029586962],[-81.591338423489631,41.566991106890043],[-81.591389579952732,41.566947167577823],[-81.591440731218242,41.566892246723512],[-81.591484571421887,41.566837327745695],[-81.59152841154949,41.566782408752609],[-81.591572251600894,41.566727489744338],[-81.591608783200058,41.566678063385865],[-81.591630695423191,41.566634131590057],[-81.591652615362506,41.566606672070222],[-81.591674532698576,41.566573721786867],[-81.591696450011639,41.566540771499774],[-81.591725680826457,41.566513310056955],[-81.59174028715924,41.566480361674166],[-81.591769512741891,41.566441918701926],[-81.591813362733518,41.566408962648694],[-81.591849901758792,41.566376008499468],[-81.591886443349154,41.566348545098741],[-81.591937604129967,41.566315587078513],[-81.591974145647825,41.566288123651262],[-81.592032632934547,41.56628810821816],[-81.592091114980065,41.566277111237284],[-81.592149597005275,41.566266114227268],[-81.592230011730862,41.566255111360093],[-81.592295799341485,41.566233130815682],[-81.592361584263315,41.566205659475813],[-81.592427369128444,41.566178188099478],[-81.592507770414599,41.566139731248953],[-81.592602785389687,41.566084798136394],[-81.592690483976369,41.566018885404013],[-81.592748952276892,41.565980434305395],[-81.592792798764748,41.565941987136],[-81.592858577799731,41.565903534005571],[-81.592902426858743,41.565870577554584],[-81.59294626509606,41.565815658056025],[-81.593004722259039,41.565755243802499],[-81.593063179310732,41.565694829521284],[-81.593121633541685,41.565628924454884],[-81.593165468708335,41.565568514122177],[-81.593209303791227,41.56550810377442],[-81.593253141511369,41.565453184168902],[-81.593289679243497,41.565420229586103],[-81.593340854926467,41.565420215511864],[-81.593428584667961,41.565420191332215],[-81.593538244097886,41.565414670257574],[-81.59361134670452,41.565403668474531],[-81.593677135720029,41.565387177922574],[-81.593757538020952,41.565354210987692],[-81.593845248267399,41.565315751198078],[-81.593932950070652,41.565260819074076],[-81.594006032934303,41.565211381750771],[-81.594079112892857,41.565156453626798],[-81.594159509098304,41.565112504907901],[-81.594239905193049,41.565068556134825],[-81.594320301177191,41.565024607307521],[-81.594400702689754,41.564991639937674],[-81.594481098466488,41.56494769100177],[-81.594546878291681,41.56491472769877],[-81.594590731470845,41.564892752143273],[-81.594641884007174,41.564848811456343],[-81.594700347214214,41.564804868651244],[-81.594758810340664,41.564760925817744],[-81.594795344046332,41.564722480021928],[-81.594853801314088,41.564667555632383],[-81.594912255616819,41.564607140459877],[-81.594956099855764,41.564568692505972],[-81.594992630460595,41.56452475589677],[-81.595036463094658,41.564464344894873],[-81.59507299070529,41.564414917507584],[-81.595116828950424,41.564365487987246],[-81.595146048640004,41.564321553455962],[-81.595175276950499,41.564294091181587],[-81.595211815916016,41.564266626771847],[-81.595241041280005,41.56423367372728],[-81.595299509304951,41.564200712143268],[-81.595357977269629,41.564167750530579],[-81.595423752930571,41.564129295993496],[-81.595504144001779,41.564079855619454],[-81.595569916562965,41.564035910247902],[-81.595635689033671,41.563991964840383],[-81.59571607683408,41.563937033570291],[-81.595759920126724,41.563898585326392],[-81.59579645567328,41.563865629985543],[-81.595847609498662,41.563827179544795],[-81.595891449687059,41.563783240500037],[-81.595935292768019,41.563744792192971],[-81.595993754071216,41.563700848763311],[-81.596037597033771,41.56366240041929],[-81.596081445874987,41.563634933565645],[-81.596132605283913,41.563607464510355],[-81.596205687526336,41.563563516604887],[-81.596271465037162,41.563530552355147],[-81.596329931887325,41.563497590267446],[-81.596403016861998,41.563459132993735],[-81.596461483579063,41.563426170841353],[-81.596534568393054,41.563387713486776],[-81.596593034977076,41.563354751269806],[-81.596651501500773,41.563321789024066],[-81.596695340788727,41.563277849687886],[-81.596746493602211,41.563239398864368],[-81.596812261414641,41.56318996205934],[-81.596885345747836,41.563151504489902],[-81.596965740542288,41.563113044637866],[-81.597016899154056,41.56308557520272],[-81.597089983245098,41.563047117507246],[-81.59714844923154,41.563014155017903],[-81.597199613810091,41.562997667007267],[-81.597236154228881,41.562975692733161],[-81.597316545519632,41.562931741891703],[-81.597367700759307,41.562898781553969],[-81.597411548505704,41.562871314211513],[-81.597440778260477,41.56284934214009],[-81.597491930282857,41.562810890997959],[-81.597535771733902,41.562772442107345],[-81.597594231050422,41.562728497895272],[-81.597645379788872,41.562684555933686],[-81.597703835850609,41.56263512091369],[-81.597776909693309,41.562580190535961],[-81.597835365565018,41.562530755448265],[-81.59790113806794,41.562492299538455],[-81.597944982195131,41.562459341241663],[-81.597996149262727,41.562448343634593],[-81.598054620518965,41.562426362195431],[-81.598135020001692,41.562398883044665],[-81.598200804777278,41.562382389973287],[-81.598281197840137,41.562343929217228],[-81.598346979365587,41.56232194531102],[-81.598398139933394,41.562299966022856],[-81.598493150514003,41.562256009712414],[-81.598558916005913,41.562206571924335],[-81.598624681399485,41.562157134098229],[-81.598690446694761,41.562107696234378],[-81.598763525512098,41.562063746735653],[-81.598807368921939,41.562030788110818],[-81.598865826733729,41.561986843251482],[-81.598924281263635,41.56193740760915],[-81.59899004611627,41.561887969572879],[-81.599063118059448,41.561833038377031],[-81.599121569086293,41.56177811187991],[-81.599187333633324,41.561728673729839],[-81.599238483768545,41.561690221809208],[-81.599296937758808,41.561640785975293],[-81.599326150156486,41.561591359654756],[-81.599355368989336,41.561552914833818],[-81.599369970293296,41.56151996553524],[-81.599399179343635,41.561465048439615],[-81.599413764391898,41.561404645362444],[-81.59943566625401,41.561355221399353],[-81.599442950641446,41.561311292970721],[-81.599457542114294,41.561261871393114],[-81.599464823232964,41.561212452206057],[-81.599494038575983,41.561168516588957],[-81.599523253880974,41.561124580963742],[-81.599545158829088,41.561080647728943],[-81.599596305004781,41.56103670488698],[-81.599647451112716,41.560992762022032],[-81.599742452438761,41.560937823167649],[-81.599800905397132,41.560888387067664],[-81.599873985410341,41.56084992761258],[-81.59994705876673,41.560800486599796],[-81.600027439002972,41.560745552356458],[-81.600093218340461,41.560723567459036],[-81.60017361488093,41.560696086894431],[-81.600239394118915,41.560674101914451],[-81.600305179942609,41.560663098409485],[-81.600356351842194,41.560663081278179],[-81.600407527065244,41.560668554880344],[-81.60045871228094,41.560690500727368],[-81.60052451808464,41.560712441633186],[-81.600575710050649,41.560745368938846],[-81.60061958510083,41.560767317175888],[-81.600685397731695,41.560800239499287],[-81.600736586497064,41.560827675976149],[-81.600824313329895,41.560833137022136],[-81.600882795649767,41.560833117179151],[-81.600933960941788,41.560822118282189],[-81.600999740042724,41.560800132874419],[-81.601065512339929,41.560767165919167],[-81.601145894969633,41.560717721664325],[-81.601226277478403,41.560668277353663],[-81.601313970131869,41.56061883047802],[-81.601394352393299,41.56056938605046],[-81.601467420867138,41.560514453330157],[-81.601533175554167,41.560454032330497],[-81.601606240361477,41.560393608765644],[-81.601686622128881,41.560344164133909],[-81.601759696982796,41.560300212739477],[-81.601825461514522,41.560256263840081],[-81.601876608965142,41.56021781074859],[-81.601935070022421,41.560184845843082],[-81.601978907141728,41.560146395253661],[-81.602030054417781,41.5601079420939],[-81.602088515300522,41.560074977110673],[-81.602139669391434,41.560047505415298],[-81.602205440362198,41.560014537812371],[-81.602256597833744,41.559992556822031],[-81.60232236520811,41.559954098396219],[-81.602380829293708,41.559926624022367],[-81.60241006306272,41.55991563220271],[-81.602461213400758,41.559882669608911],[-81.602512360189792,41.559844216235547],[-81.602563513923045,41.55981674435327],[-81.602621967264582,41.559772797587122],[-81.602665807219722,41.559739837492977],[-81.60270965064484,41.559712368139159],[-81.602746183873762,41.559684901367362],[-81.602811947131372,41.559640951906061],[-81.602863093528299,41.559602498376805],[-81.6029069438395,41.559586010462716],[-81.602958100740665,41.559564029163376],[-81.603031173876403,41.559520076965697],[-81.603096940324022,41.559481618099802],[-81.603155393012187,41.55943767106325],[-81.603228472988121,41.559404700256046],[-81.603272315954328,41.559377230689108],[-81.603338082117531,41.55933877168637],[-81.603381921424941,41.559305811320165],[-81.603411147605541,41.559283837733403],[-81.603469607060475,41.559250872053298],[-81.603513446243582,41.559217911637084],[-81.603549982445429,41.559195935368699],[-81.603608438164841,41.559157478860513],[-81.603652280807424,41.559130009149534],[-81.603681499633055,41.559097053978185],[-81.603732645099569,41.559058600063466],[-81.603761860254082,41.559020154113128],[-81.60380570274134,41.558992684343714],[-81.60382760774803,41.558954241040297],[-81.603856826409611,41.558921285823395],[-81.603871428512335,41.55889382669514],[-81.603886026993592,41.558860876806179],[-81.603893311788227,41.558822438826432],[-81.603893282907762,41.55877851275666],[-81.603900578522484,41.558756547051509],[-81.60391516973813,41.558712615639244],[-81.603922458114923,41.558679668414072],[-81.603937049300839,41.558635736997651],[-81.603958954119136,41.558597293664448],[-81.603980862529042,41.558564341085841],[-81.604010084565374,41.558536876585599],[-81.604053930253102,41.55851489747905],[-81.604097779537483,41.55849840911528],[-81.604134322405415,41.558487414179297],[-81.604170868893192,41.558481909991215],[-81.604214736305238,41.558492875380246],[-81.604295150217865,41.558498336525453],[-81.604390180543817,41.558498301455039],[-81.604448657088142,41.558492789075594],[-81.604543669086041,41.558465300084265],[-81.604609440931057,41.558437821877014],[-81.604689825399106,41.558399356676361],[-81.604784815056959,41.558338922933309],[-81.604857885608482,41.558294969582256],[-81.604923649760082,41.558256509678792],[-81.605025948986651,41.558196073003948],[-81.60512094175202,41.558141129744932],[-81.605194015574995,41.558102666941835],[-81.60528170181459,41.558053217061662],[-81.60534746547502,41.558014756918247],[-81.60540591909259,41.557976299501902],[-81.605478996304825,41.557943327279347],[-81.605530139824154,41.557904872568898],[-81.605595906940124,41.557871903044564],[-81.605661666478795,41.557827951963382],[-81.60571281356124,41.557794987932056],[-81.605771270533637,41.557762021091584],[-81.605829723677829,41.557723563461643],[-81.605873560661479,41.557690602149783],[-81.605910095223464,41.55766862513731],[-81.605924707530548,41.557657638025027],[-81.605975858129611,41.557630164637914],[-81.60607814782982,41.557558745515429],[-81.606143910527294,41.557520284920834],[-81.606216971653907,41.557465349193379],[-81.606275424273193,41.557426891338714],[-81.606355798895692,41.557377443465626],[-81.606428855868273,41.557317016843818],[-81.606494618117992,41.557278556050456],[-81.606574992393746,41.557229108025545],[-81.606655370385283,41.557185150705749],[-81.606728442241021,41.557146686937976],[-81.606772289929182,41.557130197568192],[-81.606816129894526,41.557102726660425],[-81.606896511425617,41.557064259934904],[-81.606969579141349,41.557020305255001],[-81.607028023187425,41.556970865499473],[-81.607101086837545,41.556921419975765],[-81.60716684053746,41.556871977280004],[-81.607247206036504,41.556811547267785],[-81.607298332081996,41.556751128731413],[-81.607371391389194,41.556696192275595],[-81.607444438869678,41.556624783489333],[-81.607510184202141,41.556564359074869],[-81.607561317639352,41.556514921943467],[-81.607619760794222,41.556465481887543],[-81.60768550580778,41.556405057372665],[-81.607758572262881,41.556361102195339],[-81.607824320977556,41.5563061683632],[-81.607882767687272,41.556262218936119],[-81.60795581019174,41.556185319062394],[-81.608006946949118,41.556141372494842],[-81.60806538943875,41.556091932213057],[-81.608131145544377,41.55604797973043],[-81.608182290001608,41.556015014609827],[-81.608255351722278,41.555965568357564],[-81.608328413332856,41.555916122059344],[-81.608401474833215,41.555866675715187],[-81.60848184594424,41.555817226369776],[-81.608584126105256,41.555740314272448],[-81.608657183216565,41.555685377004821],[-81.608722922494309,41.555619461136423],[-81.60879597534371,41.555559033018262],[-81.608861738461286,41.555526061647733],[-81.608942100759961,41.555465630458258],[-81.609015153236953,41.555405202202117],[-81.609080895912825,41.555344776892646],[-81.609153952169748,41.555289839311868],[-81.60921239304129,41.555240398450863],[-81.609285461228467,41.555201933076944],[-81.609351207510684,41.55514699837719],[-81.60940966029365,41.555114029706687],[-81.609468096749467,41.555059097953546],[-81.609519215337258,41.554993187664074],[-81.609577659746961,41.554949237382147],[-81.60962878630113,41.554894308570653],[-81.609679912770403,41.554839379736222],[-81.60973104324313,41.55478994164271],[-81.609774864040716,41.55474050656241],[-81.609833303958894,41.554691065387487],[-81.609884434201902,41.554641627225834],[-81.609942865738986,41.554581204467475],[-81.610162054181473,41.55444933454131],[-81.610191288317623,41.554443831534392],[-81.610257062007008,41.554427331668961],[-81.610330136948576,41.554399847168298],[-81.610417839231673,41.554383337999248],[-81.610483612801474,41.554366838006246],[-81.610564001288679,41.554344841043076],[-81.610637080170122,41.554322847114406],[-81.610702845284621,41.554295365469962],[-81.610753987081026,41.554262399219404],[-81.61080512882593,41.55422943294635],[-81.610834346089021,41.554201966722516],[-81.610878178212886,41.554169003519],[-81.610936608412217,41.554108580263033],[-81.610995059468337,41.55407561079813],[-81.611060811588231,41.55403165665993],[-81.611148487953159,41.553982202358334],[-81.611236164185286,41.553932747990892],[-81.611301915999618,41.553888793716887],[-81.611382278269502,41.5538338516062],[-81.611448034116606,41.553795388014144],[-81.611528408859598,41.553756918095736],[-81.611608787751223,41.553723938886399],[-81.611689162310995,41.553685468857516],[-81.611784147207914,41.553636010923597],[-81.611871835289534,41.553603028372166],[-81.611966819927531,41.5535535702898],[-81.61209834314208,41.553493114703997],[-81.612207942056529,41.553438159299198],[-81.612288315909581,41.55339968885847],[-81.612383304242883,41.553355721202244],[-81.61248558893476,41.553295277971145],[-81.61255133926656,41.553251322994186],[-81.612617093837159,41.553212858744573],[-81.612704767922267,41.55316340327569],[-81.612785132461084,41.553113950964821],[-81.61287280628602,41.553064495369874],[-81.612982399469686,41.553004048474833],[-81.613070068632723,41.552949101967613],[-81.613128513203122,41.552910640671449],[-81.613194271465559,41.552877666861662],[-81.613245410895871,41.552844699520364],[-81.613340389000484,41.552789749557896],[-81.613413443227344,41.552740300073097],[-81.613486497343771,41.552690850542547],[-81.6135595469447,41.552635910201737],[-81.613625291480801,41.552586463855981],[-81.61369104474953,41.552547999002392],[-81.613771412207484,41.552504036778153],[-81.613851770698503,41.552449092969496],[-81.613932137926412,41.552405130634853],[-81.613990572621702,41.552355687378409],[-81.61404169346261,41.552300756629826],[-81.614136661201314,41.552234824491208],[-81.614202404898805,41.552185377820585],[-81.61426814403363,41.552130440348137],[-81.614326573762909,41.552075506158296],[-81.614392312683762,41.552020568615745],[-81.614458055973628,41.551971121801138],[-81.614516498854101,41.551932659810923],[-81.614567627902787,41.551888710361219],[-81.614647998454615,41.551850238300062],[-81.61471375038046,41.551811772871666],[-81.61478681599614,41.551778794823491],[-81.614874491026171,41.55173482849353],[-81.614932937968021,41.551701857060493],[-81.614991389374055,41.551674376363202],[-81.61504983167444,41.551635914106804],[-81.615108273905832,41.551597451821223],[-81.615174025305166,41.551558986134467],[-81.615232462851282,41.551515033021907],[-81.615305518772303,41.551471073120254],[-81.615393193038003,41.551427106402059],[-81.615495490183619,41.551388623599422],[-81.61556124114361,41.551350157695339],[-81.615641605865591,41.551306194187404],[-81.615721970479115,41.551262230624374],[-81.615773102780977,41.551223771413326],[-81.61583154421686,41.551185308766968],[-81.615889971790367,41.551130373796468],[-81.615933785504325,41.551080936401753],[-81.615977599152558,41.551031498990497],[-81.616014103564041,41.550982064987352],[-81.616065221639857,41.550927133353021],[-81.616116348862789,41.550883183226539],[-81.616211307825466,41.550811758639291],[-81.616291666816522,41.550762303920514],[-81.61637202568572,41.550712849146528],[-81.616474325775329,41.550679856255854],[-81.616547393881007,41.550652367875436],[-81.616635080185418,41.550624872523798],[-81.616700839033584,41.550597387510578],[-81.616737375333571,41.550586388637896],[-81.616788525198203,41.550569892043896],[-81.616846974804488,41.550542410421237],[-81.616905414997277,41.550503947239328],[-81.616963845747563,41.550454502498241],[-81.617036899313135,41.55041054151728],[-81.617095334578252,41.550366587475715],[-81.617175682939589,41.550306150620933],[-81.617285243934006,41.55021824587417],[-81.617365601377557,41.550168790419406],[-81.617424031480681,41.550119345448856],[-81.61749707963007,41.550069893416229],[-81.617570137142621,41.550031422868294],[-81.617672402329475,41.549959993576458],[-81.617716232911945,41.549932518575567],[-81.617796589676502,41.549883062825614],[-81.617862337760783,41.549844595631114],[-81.617935390037303,41.54980063409073],[-81.618015741698855,41.54974568742562],[-81.618103397467848,41.549685246385927],[-81.618183748845752,41.549630299605781],[-81.618234878420779,41.549591839321103],[-81.618293307350214,41.549542393917626],[-81.618366354194521,41.549492941343885],[-81.618439400928011,41.549443488724663],[-81.618505157818433,41.54941600270039],[-81.618548973229679,41.549372055093272],[-81.618629323846619,41.549317108008161],[-81.618702370183769,41.549267655225378],[-81.618775406736361,41.549207220866919],[-81.618819226666915,41.549168763923994],[-81.618906885764531,41.549113813049516],[-81.618965318610591,41.549069858076734],[-81.619016437572796,41.549020415921362],[-81.619089478421614,41.548965472132672],[-81.619169837821914,41.548921506208124],[-81.619228275193208,41.548883041869679],[-81.619294026303123,41.548850064638749],[-81.619345164381116,41.548822585400842],[-81.619389003269248,41.54880609130575],[-81.619447464870746,41.548795080683441],[-81.619513230474709,41.548778575624574],[-81.619579000948761,41.548767561293445],[-81.619659374503627,41.548740067328161],[-81.619703203426965,41.548712591585563],[-81.619768954122137,41.548679614088236],[-81.619834699825319,41.548641145789325],[-81.619893136550616,41.548602681120109],[-81.61998078904054,41.548542238679296],[-81.620039220648735,41.548498283172684],[-81.620097667019195,41.548470799931259],[-81.620156118292002,41.548448807425508],[-81.620236486247961,41.548415822299994],[-81.620302226443599,41.548371862974655],[-81.620397197053677,41.548322398060662],[-81.620477539836571,41.548261958947016],[-81.620565191324999,41.548201516070534],[-81.620660156492207,41.54814656017939],[-81.620733194973241,41.548091615369593],[-81.62085007632551,41.548025666637777],[-81.620945030960016,41.547959728987422],[-81.621039985402248,41.547893791260478],[-81.6210984106838,41.547844344463044],[-81.621186066071687,41.547789391888323],[-81.621288323775602,41.547717959449322],[-81.621405188726115,41.547635537872452],[-81.621485539852486,41.547586079599228],[-81.621587791837698,41.547509156135654],[-81.62169006389945,41.547454195640711],[-81.621777723348771,41.547404733389484],[-81.621821560659072,41.547388238385821],[-81.62187998998985,41.547344281964946],[-81.621931120689226,41.547311310837195],[-81.621967628735703,41.547272856514923],[-81.622033335960225,41.547195951636233],[-81.622120964109072,41.54711354454345],[-81.622201288437694,41.547036631960012],[-81.622267020787476,41.546987180772632],[-81.622376600164159,41.546932215866981],[-81.62249346232727,41.546849793210257],[-81.622581120222605,41.546800330460485],[-81.622690683015549,41.546728893368552],[-81.622785633118269,41.546662954836421],[-81.622865986370087,41.546618987006411],[-81.622946334112228,41.54656952852546],[-81.623033984894874,41.546514575603283],[-81.623121624791736,41.54644864135151],[-81.623231205767766,41.546399167944685],[-81.623318855422454,41.546344215318925],[-81.623443047335385,41.546289243797553],[-81.623596462068576,41.546223275816601],[-81.62371333904413,41.546162817604554],[-81.62382291245315,41.546107853943298],[-81.623903267826762,41.546069377521896],[-81.623954400014426,41.546041897633835],[-81.624012840550492,41.546014413965651],[-81.624056674942665,41.545997919217434],[-81.624166252570973,41.545948446381061],[-81.624268510562445,41.545887996077433],[-81.624385390425317,41.545833028872245],[-81.624480339291011,41.545772582454234],[-81.624582596192411,41.545712132277082],[-81.624677544392952,41.545651685933933],[-81.624757881112529,41.545596737850701],[-81.624845531450063,41.545547276608168],[-81.624918587062936,41.545519785457877],[-81.624977037018184,41.545503283146886],[-81.625003906759474,41.545498397038045],[-81.625089120501841,41.545493106857933],[-81.625147603540341,41.545476665300832],[-81.625198789205996,41.545449238517335],[-81.625315804402462,41.545366939017036],[-81.625549877530744,41.545158414090004],[-81.625674221789041,41.545054155217834],[-81.625740050616898,41.54499928226916],[-81.625805873894507,41.544949899974874],[-81.625827842140012,41.544905985732683],[-81.625879043334692,41.544862086550133],[-81.626178854315157,41.544686538313933],[-81.626310445522762,41.544642680118542],[-81.626507832043131,41.544576892560741],[-81.626668655737561,41.544533048895055],[-81.626814873504784,41.54447821620186],[-81.626939171740048,41.544417881519436],[-81.627041539825669,41.544363026314961],[-81.627158555949578,41.544275234182322],[-81.627260950087049,41.544192925261513],[-81.627370662704863,41.544099638516272],[-81.627458424126715,41.5440337941682],[-81.627487656802828,41.544033808854891],[-81.627531474234104,41.544066775110892],[-81.631540309770358,41.547989149386098],[-81.631562221791711,41.548005632112776],[-81.631606064958007,41.548016634523307],[-81.632695008515626,41.548094018666831],[-81.63341122869376,41.548143767626676],[-81.63344046850321,41.548138290331664],[-81.633542860776984,41.548055976031321],[-81.633740308227729,41.547924288352277],[-81.63392312820362,41.547803575178776],[-81.635027319904054,41.547106747026284],[-81.635063885693015,41.547079309546262],[-81.635159014726028,41.546936592174418],[-81.638231890825523,41.542715522332884],[-81.638239224301216,41.542682580796551],[-81.63823194143437,41.542649633136264],[-81.638217341973885,41.542627663945389],[-81.638180801147698,41.542627648624681],[-81.637742294179546,41.542649426942333],[-81.637267237424481,41.542682169520717],[-81.637026054763069,41.542698538508795],[-81.636412137442107,41.54273670862873],[-81.636287889615815,41.542747636084194],[-81.636265973842612,41.542736644994207],[-81.63624408440046,41.542692709300859],[-81.636229511936378,41.542637795258258],[-81.636185706847542,41.542582868450609],[-81.636149183616538,41.542560889420351],[-81.636098026494636,41.542560867052664],[-81.635973761304328,41.542593757237555],[-81.634782268708761,41.542911693161166],[-81.634723798575536,41.542917157670686],[-81.634599536491137,41.542944555607917],[-81.634533749037914,41.542960998261542],[-81.634482596118985,41.542955484412055],[-81.634380294851738,41.542938965878704],[-81.634307226450844,41.542922460499497],[-81.634226840765962,41.542916933291352],[-81.634153772427183,41.542900427814729],[-81.634095320524722,41.542883928940135],[-81.634007635859064,41.542867416722139],[-81.633956501383423,41.542839939573099],[-81.63386157747604,41.542741062411771],[-81.633576802897451,41.542449921204692],[-81.633401564701117,41.542263154418549],[-81.633240920521871,41.542103847949669],[-81.63310219211111,41.541955532946517],[-81.63332886366257,41.541812877741648],[-81.634016157390889,41.541412366594692],[-81.634791188008847,41.5409514922355],[-81.635039641326173,41.54097356656748],[-81.635032450191602,41.540830803284251],[-81.635412629462337,41.540627813927152],[-81.636567820888075,41.539952955366658],[-81.636721172873834,41.540095781844755],[-81.636889132659732,41.540249595948971],[-81.637393583592868,41.539986255005687],[-81.638036251873217,41.540535604469525],[-81.637963134399882,41.54058499063013],[-81.637312431647487,41.540963577855024],[-81.636895681883189,41.541210483859601],[-81.636135288526404,41.541660397139701],[-81.636054873456715,41.541693306579504],[-81.636025636801875,41.541698784544572],[-81.635989100900801,41.54169327776173],[-81.635908738727395,41.541660297878487],[-81.635718862239656,41.541495491225142],[-81.635631125785238,41.541544869456395],[-81.635653027721958,41.541572332977879],[-81.635820997774914,41.541715167019795],[-81.635864819632857,41.541748130909703],[-81.635974409770512,41.541786614414164],[-81.636040178015705,41.541792134008325],[-81.636098651402236,41.541781178063495],[-81.636157133561156,41.541759240552587],[-81.636222932528028,41.541726324664786],[-81.636698178630269,41.541446501794525],[-81.638058086694841,41.540650919865946],[-81.639147466944223,41.539992480222892],[-81.640595055159139,41.539131014978729],[-81.640660881262676,41.539054170367564],[-81.641560649257372,41.537780665273154],[-81.641597242438564,41.537703808684959],[-81.641655750440975,41.537637942177462],[-81.641728865639422,41.537583062876131],[-81.641794653524173,41.537555634565834],[-81.641933556249271,41.537473326786419],[-81.64204322836035,41.53739100755125],[-81.642079805156101,41.537336113905106],[-81.642109078233631,41.537275726652297],[-81.642109113290829,41.537226309670764],[-81.642065314808761,41.53716040343928],[-81.641670983085092,41.536775896055801],[-81.641415402732761,41.536523220401136],[-81.641422718109013,41.536512241709183],[-81.642080627736277,41.536177560029955],[-81.643411044713659,41.535502700124894],[-81.643447554966016,41.535541149257426],[-81.64377614921726,41.535887190904468],[-81.64406094348233,41.536172816849955],[-81.644280021439542,41.536387037839411],[-81.644375040461426,41.536354128011766],[-81.644455448201867,41.536315721987393],[-81.644733277733749,41.536096192088245],[-81.644813717920982,41.536008368817605],[-81.644828365703788,41.53595895711743],[-81.644842998812948,41.535931508525053],[-81.644886872451053,41.535887598179364],[-81.644916116634235,41.535865645643028],[-81.644959968259116,41.535854679935511],[-81.645018427340517,41.535854701040243],[-81.645054960621323,41.535860204993412],[-81.645098812217782,41.535849239233571],[-81.645149985728963,41.535816312974561],[-81.645442425420583,41.53559678661253],[-81.645647117631839,41.535465080828708],[-81.645734834407378,41.535421185731984],[-81.645924896528314,41.535311437385189],[-81.646085718085246,41.535218150787827],[-81.646239246048168,41.53510289829201],[-81.646495128279014,41.534905319563777],[-81.646634022675087,41.534817515347235],[-81.646787524202466,41.534740697574151],[-81.646955664236771,41.534625449172601],[-81.646992221331431,41.534592517064787],[-81.648299442488849,41.535855838425299],[-81.648839883338923,41.536361168407517],[-81.648912967667528,41.536344720016878],[-81.650031362563439,41.535735604392109],[-81.649753770156138,41.535587264874188],[-81.649578445870333,41.535499356175684],[-81.649490800229984,41.535427947839565],[-81.649432348115454,41.535416947426462],[-81.64935195765085,41.535433393779911],[-81.649235014040215,41.535477282112431],[-81.649154623446933,41.53549372832979],[-81.649045016656189,41.535488201852552],[-81.648942730467425,41.535460714552769],[-81.64881123829413,41.535394782131156],[-81.648672445740075,41.53531786559649],[-81.648519072380026,41.535186036281551],[-81.648219641587488,41.534911397899371],[-81.648066290469714,41.534746623289202],[-81.648080928686753,41.534708192725851],[-81.64824174891406,41.534609412366336],[-81.649762124738402,41.533813745749214],[-81.650142224787388,41.53359423555645],[-81.650427301289255,41.533424111313451],[-81.650566187010213,41.533336302394204],[-81.651070535995643,41.533056429415936],[-81.651706428547371,41.532738158769703],[-81.651808772878283,41.532655828049748],[-81.651947651956718,41.532573508258139],[-81.652086524585513,41.532502169863854],[-81.652276548830571,41.532425355808222],[-81.65248119861127,41.532326582654584],[-81.652642008979612,41.532222305411175],[-81.652817417806489,41.532145486153631],[-81.653051302492628,41.532030248240815],[-81.653226710290923,41.531953428367196],[-81.653292496195661,41.531909521194734],[-81.6533144463708,41.531854619723525],[-81.653285242237317,41.531810684989196],[-81.653226816405606,41.531755760192986],[-81.653161074913243,41.531717305587854],[-81.653080719702686,41.531678846681437],[-81.653022288236926,41.531634903345193],[-81.652978482506541,41.531569001123891],[-81.652971217200715,41.53149212801862],[-81.653007796092027,41.531409776956714],[-81.653058979718836,41.531343902500687],[-81.653139378827788,41.531299999674381],[-81.653241701322742,41.531250612377676],[-81.653424393074928,41.531212229805803],[-81.653614379782724,41.531195812182361],[-81.653862835580725,41.531151957013421],[-81.654118586373997,41.531130066518408],[-81.654279339593387,41.531124621107139],[-81.654527774778771,41.531119200008909],[-81.654644672801638,41.531141195752632],[-81.654746951592955,41.531174168890146],[-81.654871139790913,41.531229111132525],[-81.654907679624429,41.531218139661625],[-81.655689739009944,41.530762617949811],[-81.655646331304197,41.529895062173829],[-81.655610220537554,41.529049471243646],[-81.656552949645899,41.528681839517255],[-81.656626017815938,41.528676367871135],[-81.656706371315252,41.528714824383208],[-81.656750173585664,41.528791706833275],[-81.656808562688639,41.528923500932635],[-81.656866970493084,41.529016859490866],[-81.656925388996569,41.529088254870942],[-81.656918029754848,41.52919806870139],[-81.656910662591898,41.529324354885077],[-81.656925252158743,41.529373775743537],[-81.656954462907123,41.529406728024753],[-81.656998292211441,41.529428702503964],[-81.657064051940367,41.529428719478041],[-81.657129816896031,41.529417754843841],[-81.657217512154432,41.529384832655531],[-81.657575611764457,41.529225691168143],[-81.65815295285131,41.528967769123668],[-81.658423343945984,41.528863511072331],[-81.658489118059123,41.528830582530453],[-81.65962180131703,41.528451991053181],[-81.659906798408954,41.528353223808082],[-81.660052961682538,41.528276386842322],[-81.660206428744004,41.528205042168437],[-81.660381805576392,41.52815566547239],[-81.660484117320266,41.528106271829039],[-81.660586435852935,41.528040405736554],[-81.660696079094052,41.527930614918454],[-81.660761940802715,41.527683544406969],[-81.660769313960927,41.527524313229044],[-81.660725546925804,41.52735408888514],[-81.660674441422856,41.527260733887161],[-81.660550276979933,41.52715638063723],[-81.660426091965576,41.527101444345114],[-81.660323809864153,41.527084948484557],[-81.660221523117059,41.52707943411113],[-81.6601338326183,41.527112358555293],[-81.660053443672609,41.527156266209232],[-81.660031505635231,41.527200187419609],[-81.660046092389337,41.527260589489558],[-81.660089911816513,41.527304525979162],[-81.660170258570702,41.527359452487389],[-81.660184847846054,41.527414363747795],[-81.660184810221409,41.527502216353113],[-81.660126325933305,41.527579073847505],[-81.660038596872695,41.527699850819403],[-81.659965504079807,41.527765723256842],[-81.659812023498418,41.527870012343918],[-81.659614710811681,41.527957818523809],[-81.659402794299481,41.528023657746331],[-81.65905936069187,41.528089464981129],[-81.65883284498068,41.528122354928158],[-81.658504055659307,41.528116783845533],[-81.658306790631968,41.528094772073963],[-81.658146063188596,41.528061787483864],[-81.658131462873939,41.528034329910419],[-81.658116867631534,41.527995890759222],[-81.658153422725221,41.527946482757791],[-81.658211889575796,41.52791355254935],[-81.658270353848792,41.527886113099655],[-81.658372654292378,41.527864175234868],[-81.658474959661874,41.527831255704797],[-81.658526112306404,41.527814795906224],[-81.658540740165463,41.527781854764392],[-81.658511551820268,41.527699485769254],[-81.658460409265672,41.527693982408898],[-81.658372714480137,41.527732396321859],[-81.658263102770562,41.527765313953132],[-81.658190033280761,41.527776277407327],[-81.658131581716148,41.527776262876721],[-81.658080444195974,41.527759777773767],[-81.658051233634595,41.527726825754904],[-81.658058562889849,41.527677410482617],[-81.658095117848561,41.527628002494843],[-81.65815358443858,41.527595072313545],[-81.658175518863018,41.527562133030898],[-81.658175534013381,41.527529188299283],[-81.658365538487743,41.52744687351997],[-81.658526311884714,41.527375532838228],[-81.658709004090227,41.527304197284487],[-81.65889900718966,41.52722188163839],[-81.658994012235297,41.527172487516282],[-81.659118254830418,41.527095646402927],[-81.659264423490271,41.527002338035167],[-81.65936672942486,41.52696392693543],[-81.6595640369828,41.526881611949655],[-81.659732135436755,41.526760854235086],[-81.659834445459111,41.526711461147613],[-81.659980602694603,41.526640115040244],[-81.660134063547645,41.526574261233527],[-81.660250992591429,41.526508398799336],[-81.660353297122668,41.526469986836958],[-81.660440977300638,41.526459025384995],[-81.660514044866275,41.526448060528352],[-81.660601708770344,41.526475534482437],[-81.660682066452509,41.526503006710776],[-81.660777027598698,41.526552445348116],[-81.660886594632757,41.526618359567642],[-81.660981546975577,41.526689761190283],[-81.661061902813444,41.526722723941567],[-81.661171493102231,41.526733730000196],[-81.661383371960923,41.526744758615877],[-81.661566023355036,41.526761271223037],[-81.661668309687514,41.526766784421888],[-81.661755945707768,41.526865637748237],[-81.662172228167591,41.527315972329347],[-81.662318381948197,41.527250114105392],[-81.663385306501127,41.526739693287134],[-81.663670302244853,41.526607972153862],[-81.663743334638497,41.526690348669156],[-81.663904008603907,41.526866086043171],[-81.663918615187853,41.526882561318793],[-81.663918582724548,41.526970413910931],[-81.663933183253619,41.527003361544658],[-81.663969708936406,41.52701984117801],[-81.66401354907569,41.527014359103468],[-81.664079312292401,41.526997899780717],[-81.664152385840424,41.526970460289682],[-81.664210848640167,41.526937527090418],[-81.664386230708075,41.526855199677769],[-81.664510462115175,41.52678933443601],[-81.664561614291287,41.526767381215258],[-81.664576250604256,41.526701494603138],[-81.664590888858427,41.526630117200739],[-81.66458362395548,41.526514809252063],[-81.664539823724169,41.526410475788467],[-81.664474090957697,41.526344573553757],[-81.664437589350939,41.526262204618234],[-81.664357266236621,41.526135900792774],[-81.664328081116182,41.52602607930325],[-81.664298924054165,41.525839386759863],[-81.664255236813332,41.525427568960531],[-81.664160566062051,41.524581968524338],[-81.664255563011963,41.524532570126624],[-81.665980094565938,41.5236433884372],[-81.666637742476013,41.523303077195202],[-81.66706878133192,41.523336097214226],[-81.667083482806746,41.523056069336839],[-81.667499982412764,41.522852981181757],[-81.667901871011679,41.522638907539282],[-81.667909033551808,41.523105626096552],[-81.667916265304825,41.523347222139172],[-81.667886903227114,41.523797462164097],[-81.667901491578775,41.523874335652316],[-81.667974475865933,41.524121433286417],[-81.668054743359562,41.524445403103222],[-81.668310181320024,41.525356915688995],[-81.668229798674957,41.525406319735708],[-81.667900965704646,41.525587461798942],[-81.667776738519905,41.525658821424301],[-81.667710970872875,41.52569724597091],[-81.667557513289978,41.525785072840215],[-81.666395610190577,41.526438275196448],[-81.662442032060412,41.52867225403574],[-81.662485854117463,41.528716189590945],[-81.662653836384337,41.528891930103356],[-81.665217506536564,41.531577432242692],[-81.665239425259614,41.531582927136107],[-81.66527596346404,41.531571952429296],[-81.673146441229889,41.527213483533423],[-81.676237334522753,41.525500690608908],[-81.676230031238546,41.52548421757232],[-81.676208117554893,41.525456761592118],[-81.675368080807857,41.52454520913907],[-81.67536808391975,41.524528736783282],[-81.675375393086867,41.52451226516915],[-81.67794002824165,41.523095874706314],[-81.677932725613417,41.523073910978546],[-81.677903506154479,41.52304645471289],[-81.677114624086187,41.522096482660793],[-81.677114625860526,41.522085501083701],[-81.677304590766468,41.521992174018884],[-81.679540291196005,41.52087771306892],[-81.680314728403189,41.520515369643171],[-81.680986878471359,41.520158506415974],[-81.681279113537215,41.520021252033878],[-81.681805130075617,41.519812627834192],[-81.682630685501394,41.519367909590784],[-81.68271835457881,41.519318495933611],[-81.682944830386802,41.519219670330571],[-81.683164002233823,41.519087899288401],[-81.683682702487047,41.518824358470759],[-81.685436019767693,41.518050197839067],[-81.686875168586354,41.51744073391913],[-81.688000168311433,41.516891653289115],[-81.689599973023235,41.516144884819106],[-81.690600745971054,41.515700106497569],[-81.691133999162759,41.515469476838256],[-81.692163964946872,41.514953303781468],[-81.692909038007912,41.514601859470389],[-81.693018604134352,41.514519492233681],[-81.693142776727711,41.5144041793978],[-81.693310773920032,41.514244937820187],[-81.693434939653599,41.514069225930569],[-81.693500670952531,41.513942934178139],[-81.693573705184775,41.513800169607045],[-81.693712465146021,41.513487186737386],[-81.693748979040379,41.513388350406196],[-81.693763570267052,41.513207153343885],[-81.693748940890188,41.513009485500426],[-81.693690491123647,41.512888691201091],[-81.693580907697452,41.512756918037063],[-81.693464020587228,41.512630635943786],[-81.6932594760261,41.512482395042724],[-81.693157205858626,41.512427492243141],[-81.692375566543959,41.511894921361424],[-81.692258686821901,41.511812564383789],[-81.692236764682747,41.511702749323497],[-81.692236749973816,41.511510571337084],[-81.692214832164353,41.511455664259579],[-81.692178305333968,41.511400757785388],[-81.692119867866637,41.511384287802258],[-81.692076038263082,41.511351344794626],[-81.69201759284833,41.511225058751613],[-81.692002979833035,41.511170151332671],[-81.691995659773156,41.510956010393144],[-81.691966437500682,41.510895612745855],[-81.691761901702151,41.510741878252901],[-81.691542760540429,41.510626579525656],[-81.691498931763931,41.51059363628567],[-81.691484318286228,41.510522256378557],[-81.691491619876899,41.510478329700923],[-81.691564658335821,41.51039047424036],[-81.691652302451516,41.510258691772108],[-81.69198096584816,41.509780979297261],[-81.692119732841775,41.509572323159212],[-81.692441109786401,41.509407585439924],[-81.692506845392373,41.509369146920207],[-81.692886704361285,41.509780939738505],[-81.693156990964624,41.510066448294822],[-81.693763223818991,41.509764422298687],[-81.693975038879913,41.509660085170545],[-81.694464491291711,41.51022011804087],[-81.69439145342038,41.510275030505724],[-81.694194245826424,41.510379367519761],[-81.693799828137443,41.51058254973686],[-81.693682963716569,41.51064844578061],[-81.694150506003794,41.511192008541897],[-81.694508473030439,41.511603796921179],[-81.694712989704854,41.511510440534167],[-81.694018971512591,41.510681371769145],[-81.693938614100148,41.510599014346681],[-81.694610582273924,41.510247563004739],[-81.694822396254466,41.510132242739793],[-81.69521680719086,41.509923566232672],[-81.696670596364783,41.511438919247588],[-81.698460045816574,41.51051630736486],[-81.69718154585432,41.509055869765653],[-81.697057350908182,41.508907628540598],[-81.697349493893185,41.508737388855778],[-81.697605121363424,41.508611078085799],[-81.697714675555773,41.508556160324474],[-81.697911920788655,41.508748320659123],[-81.698993153459099,41.509884813089045],[-81.699051602417043,41.50996167840416],[-81.699073516516265,41.509967166989867],[-81.701534782464464,41.508599682481865],[-81.703543158941415,41.507495767839288],[-81.703645400635423,41.507435354660366],[-81.702695619128704,41.506386740533586],[-81.702323023671539,41.50598596033268],[-81.702293797780555,41.505942037641589],[-81.70241794340302,41.505854168656711],[-81.702907240014753,41.505590545266735],[-81.703016781796634,41.505524640819011],[-81.703053299717482,41.505519145070956],[-81.704390284151486,41.506941075085791],[-81.70444873540562,41.507012446932059],[-81.705266672178894,41.506606003704121],[-81.705295881921145,41.50658403595925],[-81.705135136343031,41.506375410146561],[-81.704711369874985,41.505870320244888],[-81.704251072186466,41.505293853477333],[-81.704002669168219,41.505013858178252],[-81.704163333922551,41.504942454462267],[-81.704367813698909,41.504843590047045],[-81.704506572205645,41.504794152301258],[-81.704623414759737,41.504728245226801],[-81.704754919822122,41.504865495790433],[-81.704886426963029,41.505008237002791],[-81.705047154504868,41.505167446020174],[-81.705142134626243,41.505277247642042],[-81.705653558089892,41.505820757908936],[-81.705909275531567,41.506100748341581],[-81.705960418973618,41.506155648193875],[-81.706530034673861,41.505853560854071],[-81.7072675999989,41.505447118491688],[-81.707450165684762,41.505353744930297],[-81.707391712570285,41.505282374645731],[-81.706946020693778,41.504766315365885],[-81.706324980207242,41.504025160189286],[-81.706281143482883,41.503975750093744],[-81.706266526307616,41.503942807756133],[-81.706281122013436,41.503904370129845],[-81.706324922233236,41.503832983425937],[-81.706405243667604,41.503772572665518],[-81.706485569907855,41.503728634225645],[-81.706536688354618,41.503706663328813],[-81.706573208002823,41.503712148445246],[-81.707018882442355,41.504206246307142],[-81.70738419851574,41.504623484831995],[-81.707508409140118,41.504771714913076],[-81.707822583862338,41.505123071255021],[-81.708195010795848,41.504930833720941],[-81.708121944292486,41.504842994074501],[-81.709202684337555,41.504260800581285],[-81.709867178216683,41.503898305253713],[-81.711057412627795,41.503277659702526],[-81.711129811409549,41.501641432606895],[-81.711195538486407,41.501635930845268],[-81.711232052572115,41.501630434007879],[-81.711283162430178,41.501597481403607],[-81.711319659331835,41.501548059297072],[-81.711334244352031,41.501493150249068],[-81.711363433645602,41.501432748056168],[-81.711443732458207,41.501339393200993],[-81.711567839412169,41.501218577511416],[-81.711735754103756,41.501070300872385],[-81.711910984323509,41.500954966720521],[-81.712086220524483,41.500856104328044],[-81.712297965215157,41.500740763296314],[-81.712473211408181,41.500669353710514],[-81.712633859956625,41.500619909157919],[-81.712838326932356,41.500570456534177],[-81.712998981765452,41.500537483536881],[-81.713166934957357,41.500493527679005],[-81.713437110508693,41.500400136771283],[-81.71363425913195,41.500317740209255],[-81.71379489191024,41.500235350155577],[-81.713846011083959,41.500229849901359],[-81.713919027740303,41.500196892138071],[-81.714101573793585,41.500125478871787],[-81.714196162769625,41.500066161385639],[-81.714206253292915,41.500024183175697],[-81.714292405592104,41.499941090214662],[-81.714650175466033,41.499792661498219],[-81.715117499620689,41.499660748907324],[-81.715752716205799,41.49950138983283],[-81.716022852444638,41.499413404951085],[-81.716329523397789,41.499281504709721],[-81.716840626761226,41.499166063669328],[-81.71700126936544,41.499111100559233],[-81.7170962638953,41.499056189585055],[-81.717066969840715,41.499006743582022],[-81.716182945117026,41.498007717159688],[-81.717161331831988,41.497551748205431],[-81.717175951703638,41.497639566936876],[-81.71725627685106,41.497699950815033],[-81.717723573143999,41.497480117014497],[-81.71778928295889,41.497529513573852],[-81.718307602600163,41.497232884865731],[-81.718431762526336,41.497172474995971],[-81.718585032716533,41.497133949340849],[-81.718745676072047,41.49715590567093],[-81.718877151801948,41.497205247492452],[-81.718972092673098,41.497265628168904],[-81.719118254274363,41.497430260088606],[-81.719176721307946,41.49751807252197],[-81.719410459553529,41.497737636954938],[-81.720564252504104,41.497764673825181],[-81.720797985678828,41.497885426473069],[-81.721914981790846,41.497324958385811],[-81.725506713184004,41.495379944565926],[-81.72580597611443,41.495220595655525],[-81.725915229764311,41.494649471714318],[-81.726579566993706,41.49431431984933],[-81.72653593574033,41.49475361084761],[-81.726594392784875,41.49475359920212],[-81.726703940592486,41.494759027072845],[-81.726711113970424,41.49469313836471],[-81.727258844244744,41.494676411117545],[-81.72730981646454,41.494412894378605],[-81.728142241849298,41.494478388243046],[-81.728390431391318,41.494423393066548],[-81.727601097157276,41.493127957733918],[-81.732740464184744,41.491269891309251],[-81.733939220154127,41.493130676783387],[-81.734202264632145,41.493267882737442],[-81.73920299522824,41.491568922379599],[-81.739421922333648,41.491458972557709],[-81.739794013188444,41.491101954169118],[-81.739866822259032,41.490772446779822],[-81.739735405532514,41.490750506004311],[-81.739581988224458,41.49067925684335],[-81.739399257728337,41.490547577389457],[-81.739275130959101,41.490481723698366],[-81.739158178432504,41.490382947023619],[-81.739026620700784,41.490157892055024],[-81.738967613682902,41.48938923017181],[-81.738982045406928,41.489235472976134],[-81.73904771348748,41.489153083329903],[-81.739346963402966,41.488933357415952],[-81.739821368064781,41.488653052594323],[-81.740470922137419,41.488301358504138],[-81.740792074245675,41.488196871415688],[-81.741018381563563,41.488147310404003],[-81.741281290272298,41.488114266035225],[-81.741945750774391,41.488168877743902],[-81.741916371824516,41.487965683278205],[-81.741916285379574,41.487905335058144],[-81.741981996454683,41.487795471622952],[-81.742113290274673,41.487691038670548],[-81.742828706279127,41.487465550618978],[-81.743317798564888,41.487382939507107],[-81.743617072183611,41.487251025831867],[-81.744705035580495,41.48720659341933],[-81.745143154293118,41.487233745722577],[-81.745398794095095,41.487277573741785],[-81.745654297674889,41.487288435509811],[-81.745814943821784,41.487321260065855],[-81.746012095991276,41.487299173043013],[-81.746954262465536,41.487534808175248],[-81.747385169386746,41.487611451205858],[-81.747750321463158,41.487699059343619],[-81.747954832178721,41.487764923416229],[-81.748743567694689,41.487885261027529],[-81.748977307487223,41.487951023345616],[-81.749138066835968,41.488066260732495],[-81.749218399207152,41.488093660046175],[-81.749415548130571,41.488060579312837],[-81.749554203824758,41.488065980650411],[-81.75000394059407,41.488231986398603],[-81.750314206671518,41.488285556644669],[-81.750481995005401,41.488417499119258],[-81.75060596795997,41.488593232371187],[-81.750817670055312,41.488648236216058],[-81.751219238467584,41.48870335119063],[-81.751511424475936,41.488643076037192],[-81.751613604529638,41.488643129185519],[-81.752314465245149,41.488786268254259],[-81.752759864259346,41.488819475201062],[-81.753373005306472,41.489083339871172],[-81.753511736146905,41.489105310453184],[-81.754074021973778,41.489094604237764],[-81.754271148253281,41.489111237914685],[-81.755680184517317,41.489375465614351],[-81.755935817005948,41.489375591127761],[-81.756271668888573,41.489403202729065],[-81.756571025262971,41.489485726993252],[-81.756826514023601,41.489535211932797],[-81.757695419059417,41.489541129113761],[-81.758673902639671,41.489585595028892],[-81.759002513111895,41.489618654629368],[-81.759477008370382,41.489701285439104],[-81.759608453030594,41.489745277356441],[-81.759893156680519,41.489926521802772],[-81.760177803138035,41.490031025236263],[-81.760462535304143,41.490091572813924],[-81.760572032946996,41.490102562123148],[-81.76072550733474,41.490053274603135],[-81.760864272691677,41.490036869781711],[-81.76118549774246,41.49004250327684],[-81.761784137968419,41.490169078400015],[-81.762353652161636,41.490273596158389],[-81.762587355959269,41.490334116860971],[-81.762667588301682,41.490372589478326],[-81.762762416428998,41.490460505061129],[-81.762784328004031,41.490520888575411],[-81.762769563687897,41.490702118872939],[-81.762791455523342,41.490811861620372],[-81.762857083137959,41.490861328939658],[-81.76304694569906,41.490921867465204],[-81.763119926495619,41.490954803232682],[-81.763156221480983,41.491240360399956],[-81.763214578771141,41.491333740279686],[-81.763338646631397,41.49143254187976],[-81.763535735401717,41.491536987106237],[-81.764338837162029,41.49175146787497],[-81.765441321880871,41.491977121146505],[-81.765952388417801,41.492070665479488],[-81.766127733127661,41.492098240923568],[-81.766354062055598,41.492070896742653],[-81.766945677609812,41.491944855312376],[-81.767040581165276,41.491906489148207],[-81.767121033616093,41.491851555354835],[-81.767157558050499,41.491769259991656],[-81.767237936573238,41.491697933948622],[-81.76787328739195,41.491522515043762],[-81.768004756088374,41.491517053207453],[-81.768559692329148,41.491572203152685],[-81.769428522806322,41.491792176079692],[-81.771399955826951,41.492204801774506],[-81.773174163963844,41.492611867385513],[-81.773699926251211,41.49271087851789],[-81.774189131927599,41.492848409822784],[-81.774378966153307,41.492985675712767],[-81.774502808053441,41.493315226901821],[-81.774531995231257,41.493392042239833],[-81.77463426033512,41.493469002675894],[-81.77475831547298,41.493474483435577],[-81.775087049583405,41.49342519306883],[-81.775437448451456,41.493474834058873],[-81.77564197440023,41.493447444383172],[-81.775919531465448,41.493376155564228],[-81.776167783489385,41.493348834739592],[-81.776408771857191,41.493365335286335],[-81.776803138706626,41.49347529662839],[-81.776956479438979,41.493475356597415],[-81.777095179381263,41.493393101018846],[-81.777182805467319,41.493387653792013],[-81.777708516779668,41.493711731486613],[-81.777825354548966,41.493744728586059],[-81.77812473725686,41.493695446764917],[-81.778285354973335,41.493722927526228],[-81.778372856237596,41.493937157814933],[-81.778438514202804,41.494057952431973],[-81.778723247015435,41.494255735322632],[-81.778891140860196,41.494420431603452],[-81.779088286738443,41.494546833243945],[-81.779533547275918,41.494903865210532],[-81.779789061924092,41.495052212898422],[-81.780029967891494,41.49515111969356],[-81.78021983405597,41.495189660723582],[-81.780453522718489,41.495206201646347],[-81.780599612862872,41.495200720862918],[-81.780942935565889,41.495069084242061],[-81.781103599248468,41.495080077949993],[-81.781220446911817,41.495063713656776],[-81.781322711894646,41.494970347916869],[-81.781410339611412,41.494964897311739],[-81.781497867545895,41.495030871931938],[-81.781651069833259,41.495387779623321],[-81.781731441591219,41.495536035154721],[-81.78188467795394,41.495706319609774],[-81.782037960575408,41.495810672965519],[-81.78219131489837,41.495871161931312],[-81.782724315659976,41.495981073343827],[-81.783089500451851,41.495953762632844],[-81.783929332336058,41.496025398641478],[-81.785937601942578,41.49585037709074],[-81.78624435986076,41.495855962333209],[-81.786755523610225,41.495932941272173],[-81.788092015384578,41.495823557924773],[-81.788595964533002,41.495730340252379],[-81.788654373628887,41.495735798417776],[-81.788763859635921,41.495774325872567],[-81.788990166560922,41.495972024756341],[-81.789194626668404,41.495939111278581],[-81.789260438266169,41.495972080222721],[-81.789340744310778,41.495955591988952],[-81.789859311943076,41.495527471366735],[-81.79005654139101,41.495461637434119],[-81.790429038376729,41.495395868752695],[-81.790662740455943,41.495373918496817],[-81.790874508444205,41.49539048745212],[-81.791027817978559,41.495505813278776],[-81.791151947113761,41.495566214282078],[-81.791458678152324,41.495599246273798],[-81.791896733705769,41.495791526520932],[-81.792210752898654,41.495714706664316],[-81.792356842177782,41.495709202156483],[-81.792700036413777,41.495775214592427],[-81.793028701586067,41.495769716605984],[-81.793138214114393,41.49578076423014],[-81.793284230996335,41.495857674777483],[-81.793824549521531,41.49605536509123],[-81.793977919415909,41.496165280918738],[-81.794167799397016,41.496253147307343],[-81.79437223414314,41.496522232051568],[-81.794496277343072,41.496604606276591],[-81.794620397021959,41.496654012709598],[-81.794751915953441,41.496681479923616],[-81.794795588432166,41.497411768304346],[-81.797556031209311,41.497494481875179],[-81.797840818910018,41.497505480018553],[-81.797943063654373,41.497499997635281],[-81.799834727802761,41.496017749782631],[-81.79987852920236,41.495984838369182],[-81.799951629197736,41.495957398158254],[-81.800090372799659,41.495968324236003],[-81.800316778253062,41.496083668567039],[-81.800440903328649,41.49600678249989],[-81.801061606638555,41.49601786947062],[-81.801200356731073,41.495990422172177],[-81.801375677844248,41.495858683462487],[-81.801558221849959,41.495836695788142],[-81.801718942312576,41.495842242591486],[-81.803208694287932,41.495825826936397],[-81.803697978961637,41.495798453412668],[-81.803887758712492,41.495809469132951],[-81.804077650361975,41.495897317854414],[-81.804209171318689,41.49592477317055],[-81.804428234275562,41.495930269078613],[-81.805289971009785,41.495776613434835],[-81.806166315624878,41.495661311160163],[-81.806224710285534,41.495655858166174],[-81.806611776352597,41.495771146261305],[-81.806947678727369,41.495760145896782],[-81.807736390760496,41.495765695998102],[-81.808408196761505,41.495705315680794],[-81.809810320090918,41.495425329251333],[-81.810898440391071,41.495375967745176],[-81.812044869385858,41.495458325075298],[-81.812548848731041,41.495485756085969],[-81.814038545747039,41.495332015781315],[-81.814710373737611,41.495255114494249],[-81.816338856244741,41.494925616132321],[-81.816689346176176,41.494865212555197],[-81.820084963401257,41.493986445166243],[-81.821136487143391,41.493783217514618],[-81.821406614882761,41.493706348122664],[-81.823224908422077,41.493244967019905],[-81.823611838334784,41.493206439898579],[-81.823991607168637,41.493047171652513],[-81.825064908182569,41.492777996356551],[-81.825174431016265,41.492761538310411],[-81.825459293382551,41.492723105799833],[-81.826408466231072,41.492481379772144],[-81.827671699954635,41.492190188653488],[-81.828591675270587,41.491811198912863],[-81.828956830608618,41.491728763186693],[-81.829132116500844,41.491712278061151],[-81.830475657158445,41.491717545535209],[-81.831132801015357,41.491602099872061],[-81.831505243610124,41.491415385913143],[-81.831665851305374,41.491365945159778],[-81.83200170516173,41.491343881581983],[-81.832388655977368,41.491261457236376],[-81.83376133761827,41.490756016824818],[-81.834776237024485,41.490431864766684],[-81.83536760197002,41.490289037194238],[-81.835783838513095,41.490212062120733],[-81.836178067804966,41.490184516042014],[-81.836360617492033,41.490211922376602],[-81.836594303201878,41.490294262085037],[-81.838989929647795,41.491748692030789],[-81.839055627808406,41.491715695123865],[-81.838916842336047,41.491616907779715],[-81.83604658558437,41.489805715253311],[-81.835915120817106,41.489745329350448],[-81.836287498946717,41.489816574460981],[-81.838274008905685,41.490755091106124],[-81.838485705016708,41.490711120717336],[-81.838573310428814,41.490732999542743],[-81.838733955750385,41.49067805202862],[-81.839120774632306,41.490326549080294],[-81.839339787385896,41.49022766828692],[-81.839449396584911,41.490200205023918],[-81.839872833882794,41.490200080442207],[-81.840967942726095,41.489859328894397],[-81.841172397500472,41.489700111236253],[-81.841362127202487,41.489606664931941],[-81.8416395599737,41.489524284616898],[-81.841727201967871,41.489474821776845],[-81.841953463201421,41.489260587771],[-81.8424571471337,41.488991443371511],[-81.842814815567792,41.488843077234129],[-81.844223860337706,41.488551595843333],[-81.844742149137346,41.488375739081675],[-81.84561091807474,41.488117400588855],[-81.846048947857824,41.487941588796211],[-81.846771595132466,41.487546056387473],[-81.846902970692383,41.487507525444002],[-81.847165880906985,41.487507474551812],[-81.847311794189466,41.487490903624177],[-81.847494318079541,41.487424971927346],[-81.848706017479955,41.486809634557595],[-81.849100202482518,41.486523975620393],[-81.849567290741135,41.486364598088656],[-81.850019865522555,41.486139302587112],[-81.850501723741601,41.486029261811268],[-81.850844833598629,41.485952315019688],[-81.851392330668673,41.485759906693062],[-81.852443543379067,41.4855179035386],[-81.85336326370755,41.485259485780396],[-81.854392524013875,41.484896750439702],[-81.854961897383077,41.484720825938581],[-81.85527579487588,41.48465480275263],[-81.855524008466205,41.484676639922945],[-81.855684574410972,41.484654634678101],[-81.855859799705186,41.484572170762803],[-81.856078717115622,41.484423807076638],[-81.85624656411791,41.484335903233195],[-81.856611577037668,41.48425886623658],[-81.857560663411533,41.484159626832081],[-81.858035097012674,41.484060600136544],[-81.858582587197532,41.483879238222563],[-81.859371004720813,41.483703184746105],[-81.859728658889424,41.48363159836881],[-81.860371103201032,41.483548958058932],[-81.860728829956884,41.483482952973553],[-81.861261601056455,41.483285026577271],[-81.861517188712597,41.483257436743976],[-81.861823674339632,41.483174969716913],[-81.862050012963792,41.48313642945277],[-81.862108362708597,41.483119867928799],[-81.862232590321554,41.483130824230663],[-81.862312842562531,41.483185706444679],[-81.862349425191255,41.483235062019865],[-81.862429725019496,41.483284449342449],[-81.862532034768051,41.48329538996925],[-81.862648736869573,41.483262446619861],[-81.862787443923253,41.483163494009709],[-81.862926082663037,41.483086609768961],[-81.863145067467755,41.483053527392876],[-81.86453948021574,41.482965029952517],[-81.867094859834495,41.482930811389018],[-81.867751855889622,41.482897567319547],[-81.868452742341333,41.482886236683335],[-81.869372735036393,41.482940620526513],[-81.869942314548666,41.482962342000981],[-81.870738135540989,41.483027744924399],[-81.871037573254569,41.483027638226602],[-81.871490134524095,41.482950527858897],[-81.871942879802106,41.483021676493571],[-81.872548795727511,41.4830103244648],[-81.873081949132057,41.483119861143052],[-81.874060280402944,41.483119365240775],[-81.874250152181645,41.483130172144413],[-81.874388845607342,41.483102726036854],[-81.874476474683675,41.483108094757128],[-81.874659086651491,41.483184890549133],[-81.874826976187961,41.483217751776067],[-81.87500397862722,41.4832123206969],[-81.875895872572983,41.483218251860585],[-81.876144037953608,41.483234917779882],[-81.876290067810274,41.483289830879762],[-81.876815616703539,41.483366983669733],[-81.877239148040388,41.48333979802684],[-81.877450883272601,41.483372862291226],[-81.877779388885926,41.483493757030786],[-81.878122426168318,41.483581844149796],[-81.878363394925117,41.483570909330624],[-81.878575202293902,41.483538129014136],[-81.878794171052746,41.483565641934852],[-81.878932852994694,41.483626102926259],[-81.880195873491786,41.483807954187185],[-81.880816431773994,41.483797269124516],[-81.880955168003169,41.483808368718897],[-81.882006323065184,41.484132787253749],[-81.883480999822908,41.484462964214202],[-81.884108839687045,41.484529132713753],[-81.884809739185513,41.484523943326948],[-81.885211266149739,41.484595534987101],[-81.88582464924815,41.48462875233173],[-81.886153170407354,41.484678293849754],[-81.886532807504665,41.484804723341718],[-81.886693334100087,41.484832314333786],[-81.887102281029684,41.484788554108441],[-81.887328674162205,41.48478861778095],[-81.889255855760808,41.485322072492337],[-81.890314606335878,41.4854158893394],[-81.890854920868421,41.485421638995348],[-81.89113236203238,41.485405272151382],[-81.89145371803977,41.485306602899726],[-81.891650946616124,41.485284728166008],[-81.892074352013424,41.485378201821845],[-81.892877363544144,41.485707973823573],[-81.893271604872467,41.485779511564843],[-81.893483314928616,41.485774095599005],[-81.893665898274392,41.485697388576774],[-81.893746272475155,41.485653444836814],[-81.89386312455602,41.485631556908267],[-81.894016395204204,41.485653612119947],[-81.894264645978652,41.485736001341067],[-81.894534765755921,41.485884422558428],[-81.895199011906485,41.486104286327546],[-81.895790409045304,41.486252744183346],[-81.896622689293636,41.486522100851552],[-81.897192140842648,41.486659553370231],[-81.897440422205918,41.48666519681143],[-81.897622963085553,41.486637752946038],[-81.89822910880153,41.486473272945211],[-81.898718450227307,41.486369141688208],[-81.899185818950912,41.486330929680811],[-81.899507050115531,41.486336543111712],[-81.899755373001355,41.486336596934926],[-81.901624494071811,41.486600834249799],[-81.902340014307427,41.486688935944613],[-81.902748841468608,41.486765912736836],[-81.903953591484793,41.487018889409342],[-81.905326043486667,41.487529942331008],[-81.905859003361243,41.487694834380193],[-81.906333636158749,41.487782809409154],[-81.906567283073684,41.48782133036449],[-81.907202596579566,41.487843459865843],[-81.908896472211993,41.488096492334058],[-81.909465971331116,41.488200995949263],[-81.909831103442727,41.488244956437079],[-81.910283811731887,41.488272551521518],[-81.911181881909314,41.488393543830284],[-81.912058089411033,41.488476055612843],[-81.912291778890321,41.488509063482624],[-81.912868567085823,41.488646448796523],[-81.913445288064352,41.488761853094296],[-81.914934810393703,41.48893791972683],[-81.915665048098845,41.489091725723931],[-81.916548413703268,41.489349965485843],[-81.916950080087872,41.489410449654009],[-81.917607173322011,41.489481957709025],[-81.919096719282734,41.489564474214255],[-81.919695576179748,41.489592028762111],[-81.919936538267152,41.489630547114771],[-81.920564459338067,41.489773340420356],[-81.920849146005622,41.48981186759093],[-81.921659697460456,41.489883296461855],[-81.923076262742512,41.489861499839016],[-81.924113152017298,41.489784815958949],[-81.924237373861004,41.489784809718948],[-81.92459509735076,41.489812292833172],[-81.924843411074548,41.489845247499048],[-81.924850718700441,41.489845278877205],[-81.925237635429966,41.489988091103505],[-81.925405559889427,41.490053937189643],[-81.92553702220151,41.490141784081672],[-81.925653783563888,41.490383416097799],[-81.925697575708838,41.490421886148454],[-81.925770658574052,41.490388961836004],[-81.925814442349036,41.490191256580594],[-81.925872920619057,41.490125392286664],[-81.926048161835666,41.490032016975448],[-81.926289195906236,41.489982699015791],[-81.927216501602047,41.489949834498141],[-81.928465125454139,41.490054167775838],[-81.929523920013764,41.490186051727285],[-81.930005866626274,41.490229989811738],[-81.930495053142522,41.490394747443858],[-81.930794396222808,41.490460694705405],[-81.931181410471552,41.490592407282591],[-81.931466228361927,41.490806642936526],[-81.931583014305133,41.490856049857342],[-81.932152664848829,41.490850539132175],[-81.932576136209462,41.490817655920111],[-81.932970445798603,41.490839592625633],[-81.933350176414152,41.490889028830864],[-81.933539993700933,41.49096045053016],[-81.933693387892461,41.491064774262178],[-81.933875879935059,41.491234976562488],[-81.933992714964077,41.491245918817427],[-81.934686374695758,41.491125175106113],[-81.934971167265701,41.491086743160558],[-81.935131889514793,41.491075710001041],[-81.935321755000274,41.49110866653578],[-81.935518919863611,41.491191014418924],[-81.935643046075938,41.491317371418546],[-81.936154201059495,41.491317360406697],[-81.937008542176656,41.491465610204514],[-81.937183799420168,41.491465625161148],[-81.937928534139672,41.491273377266928],[-81.93819879039431,41.491240460189957],[-81.938344817187328,41.491240441298167],[-81.939133425927324,41.491481987834653],[-81.939498588083552,41.491558905311102],[-81.939732183065473,41.491575374423761],[-81.940338297303555,41.491564391349762],[-81.940732601505459,41.491751048095466],[-81.94111237710608,41.49187729205785],[-81.941346051260595,41.491932219127506],[-81.942441356299014,41.492091339113379],[-81.942930671235061,41.492195693080525],[-81.944931586538459,41.492706137280862],[-81.945033811396769,41.492750065470169],[-81.945230993652146,41.492898331287122],[-81.945450059070737,41.492969673437543],[-81.945712891165286,41.492986160514192],[-81.946107257089281,41.492953106094603],[-81.946362902734094,41.493051979007355],[-81.946735269912438,41.493161781566037],[-81.946998144184164,41.493304460010044],[-81.947231908987504,41.493381352554913],[-81.94778692614166,41.4934306500164],[-81.947845347462163,41.493452597717067],[-81.947881891482098,41.493600920174323],[-81.947933006562891,41.493688682522134],[-81.948013352548898,41.493743597132813],[-81.948290886984694,41.493864353813983],[-81.948904256869042,41.494029001328776],[-81.949437362457729,41.494127832269093],[-81.950174973201086,41.49435837389602],[-81.950751934279637,41.494539435262496],[-81.95194237870723,41.495022487802302],[-81.952329424722222,41.495159713531812],[-81.953030513396911,41.495357210993838],[-81.953322641341643,41.495483509263387],[-81.953665945984824,41.495790883438588],[-81.953760956133365,41.495856751695243],[-81.954469370010742,41.496087327475756],[-81.954776076613896,41.496218996619533],[-81.955944744334033,41.496888651099027],[-81.956273421232737,41.497047879323794],[-81.957536911396531,41.497525327762418],[-81.95814309529969,41.497964453712079],[-81.95836225360955,41.498211511045618],[-81.958464592297148,41.498376219309932],[-81.958479191426377,41.498513463260075],[-81.958384417137083,41.498683683313999],[-81.958377045794734,41.49877706290647],[-81.958494062570381,41.499068025178545],[-81.958713239436719,41.499397410879759],[-81.958859389999262,41.499567609408622],[-81.959034654092989,41.499737835840129],[-81.959173402092361,41.499820181809525],[-81.959436351230494,41.499924463546975],[-81.959606208688086,41.500022809428735],[-81.959858308873322,41.500177349734365],[-81.960172474561915,41.500462781019273],[-81.960355117245712,41.500693376378322],[-81.960457331943957,41.500759266141863],[-81.96061801541633,41.500825116171804],[-81.9607860820513,41.500863520985874],[-81.961509106301904,41.500819355236551],[-81.961640588378955,41.500846806056593],[-81.961815828872673,41.500989546923016],[-81.9620349874412,41.501071838162346],[-81.96255353218254,41.501192508861813],[-81.962743546868282,41.501313235624302],[-81.962853145575366,41.501675591182241],[-81.963057883964737,41.502054441769253],[-81.963167390071987,41.502191697969209],[-81.963364639645292,41.502323352219143],[-81.963656906695917,41.502455107695106],[-81.964029404816827,41.502559344557682],[-81.964810921167611,41.502668873291761],[-81.965015459608736,41.502701829672262],[-81.965577905190315,41.502921289403318],[-81.966403491375814,41.503464602116637],[-81.967046367879192,41.503749941879512],[-81.96741160190065,41.503953041889602],[-81.967565089184887,41.50407379861786],[-81.967740366286421,41.504265891614793],[-81.967901231640099,41.504600787136312],[-81.967974410728075,41.50488075656196],[-81.968040218636588,41.504963070588829],[-81.968157115003692,41.505056392379473],[-81.968361601944778,41.50514969400713],[-81.968595353686752,41.505204555313476],[-81.969070149758025,41.505264762748936],[-81.969091423746505,41.503787781489763],[-81.969091157483831,41.503117887596296],[-81.9691259977795,41.500020604588038],[-81.969134190644056,41.499230410953317],[-81.969226331182497,41.493723212820363],[-81.96943760334814,41.477811033740103],[-81.969451572473275,41.476570219801204],[-81.969480418713673,41.47596620238857],[-81.96948742499535,41.475351289677597],[-81.96949393435969,41.473907238245914],[-81.969493210917378,41.472331377279808],[-81.96952939618356,41.471826200362997],[-81.969527547386789,41.468213385401377],[-81.969555307713819,41.465583312266894],[-81.969708321493428,41.450961717081974],[-81.969715245942538,41.45013260581014],[-81.969735524142351,41.447162112897999],[-81.969967331724916,41.430036771838211],[-81.969973583421975,41.428021644315585],[-81.970023082299065,41.424908402548574],[-81.97012201639329,41.418830267376073],[-81.970185561479539,41.414843978161969],[-81.970242172402408,41.411428823591663],[-81.970256425640542,41.410802857605901],[-81.970298756915312,41.407947641079815],[-81.970425782397498,41.399689679427389],[-81.970503179045835,41.39430320530699],[-81.970531715075822,41.39321611104986],[-81.970538753135287,41.392661546687002],[-81.970567785735483,41.392386932095242],[-81.970553122072587,41.392205823966641],[-81.970651915820909,41.386720590134864],[-81.97077863146167,41.379374084537496],[-81.970827079434315,41.375020128806618],[-81.971149544128238,41.357093749989197],[-81.971156300422479,41.356171312216681],[-81.971212574489115,41.352498018768756],[-81.97122647225622,41.351251625391676],[-81.970614413274703,41.351251817150704],[-81.969331998182895,41.351241227145657],[-81.968049585999111,41.351236113778953],[-81.966774460210033,41.351230984315983],[-81.965339035651226,41.351231374321507],[-81.963910894832807,41.351226254116348],[-81.962475467505769,41.351221118175651],[-81.961316926298082,41.351221391624222],[-81.960151096391712,41.351216164434447],[-81.958985266446788,41.351210925559869],[-81.957826722884363,41.35120567352687],[-81.956697323223381,41.351194913632312],[-81.955575210134057,41.351184141417363],[-81.954453097186502,41.351173358337945],[-81.953323697949642,41.351162565567478],[-81.951931987447736,41.351151801464553],[-81.950540277033667,41.351141020607628],[-81.950168667941711,41.3511355805975],[-81.949148565571193,41.351124732229302],[-81.947749568999939,41.351113918637978],[-81.946459868954179,41.35110307688209],[-81.945177454627512,41.351086729249495],[-81.943887754858622,41.351075858656728],[-81.942598055167792,41.351064973583789],[-81.94130835507525,41.351048583246978],[-81.940011369203532,41.351037669504585],[-81.938721669831224,41.351026740814071],[-81.937424684087929,41.351015797756844],[-81.936134984839441,41.351004839884837],[-81.934801566962165,41.350999358277051],[-81.933468149084348,41.350988370294012],[-81.932134730958865,41.350982857488582],[-81.930896037173184,41.350966350664415],[-81.929657343159832,41.350955321127728],[-81.928418649804598,41.350938787277066],[-81.92718724245411,41.350927731172519],[-81.92594854871912,41.350916661123598],[-81.924841011028391,41.350905588959328],[-81.92470985503968,41.350905577517771],[-81.923471160403636,41.350899971149971],[-81.922494778789343,41.350888888873442],[-81.922232466729398,41.350888860392452],[-81.92099377310825,41.350877736037873],[-81.9197550782185,41.3508720888887],[-81.918450805121338,41.350866418743976],[-81.917139245389194,41.350860732356907],[-81.915827685470688,41.350855030671731],[-81.914523411821193,41.350849314972329],[-81.913146273419102,41.350843570258185],[-81.91177642125966,41.350837810105979],[-81.91039928242796,41.350832031634305],[-81.909073148617509,41.350826247798224],[-81.90774701461757,41.350820448232383],[-81.906420882864438,41.35080914208546],[-81.90509474860022,41.350803311017927],[-81.903965351426137,41.35079202714941],[-81.902835954335814,41.350780731832558],[-81.90171384379903,41.35076942719413],[-81.900584443957285,41.350763599877787],[-81.899506055368079,41.35075228838857],[-81.899163596650979,41.350752184645813],[-81.897750072050883,41.350746272749703],[-81.896329296557056,41.350740366185221],[-81.895017836629009,41.350734493657235],[-81.893699109226318,41.350728617005743],[-81.893225535534953,41.350728477413249],[-81.892380392177643,41.350728226019903],[-81.891061686745743,41.350722334852797],[-81.889670132372927,41.350710917262411],[-81.888271293002987,41.350699480793594],[-81.886872450356051,41.350688024884342],[-81.885582883475422,41.350682077965956],[-81.884293308443773,41.350676110831316],[-81.883003723379218,41.35067012212685],[-81.881706840880383,41.350664107768274],[-81.880373519706325,41.350652562692623],[-81.879032894296216,41.350646479969292],[-81.877692258454374,41.350634879777004],[-81.87705836168756,41.35063457858147],[-81.877065880153765,41.350343546485711],[-81.877127208687142,41.346505180839237],[-81.877172615353942,41.344352615965342],[-81.877233860639194,41.340585617445875],[-81.877287239232558,41.337581920001384],[-81.877333862360658,41.33398520644792],[-81.877379310614259,41.331893115406814],[-81.877402255883396,41.330608223491112],[-81.877402321896113,41.330531349435077],[-81.877424847603805,41.329751640678616],[-81.87751637238101,41.32512287498529],[-81.877615564920035,41.320087810250598],[-81.877692245945738,41.315788511949627],[-81.877753576798,41.31236225354867],[-81.877824755141518,41.306069771587808],[-81.877864875099675,41.301929680571206],[-81.877888541284179,41.299898070867968],[-81.877912390021066,41.297663297546997],[-81.877938049369476,41.293462823231152],[-81.877977898032157,41.28980604312131],[-81.878009560991927,41.28716507689952],[-81.878042831714623,41.282915405744504],[-81.878097895098861,41.278737140372932],[-81.878137975892969,41.2749816293789],[-81.877570301069639,41.274986842579594],[-81.876303949086079,41.274991698765426],[-81.875003961577207,41.275013063862325],[-81.87365287775026,41.275048223485349],[-81.872313764667695,41.275076437731606],[-81.870974653870732,41.275104558823813],[-81.869642758008027,41.275127306917163],[-81.868303655138448,41.275155511602875],[-81.866971837406737,41.275183656689748],[-81.865632739812852,41.275211851710765],[-81.86427909885856,41.275223574018547],[-81.862918177417498,41.275235342114037],[-81.861564490986183,41.275252448524583],[-81.86021085226065,41.275264134378226],[-81.858849882777122,41.275281352432131],[-81.857496238540634,41.27529290743427],[-81.856135308945227,41.275304580622993],[-81.854781608189867,41.27532166309264],[-81.854723366896152,41.275305163170103],[-81.854002923789238,41.275321988069727],[-81.852925750373487,41.275322360319663],[-81.851841288357022,41.275322758779943],[-81.851593829919508,41.275344860368016],[-81.850458519941071,41.275356226909651],[-81.850305693291517,41.275356274629985],[-81.849024718224385,41.275367618715407],[-81.847736460250616,41.27537900243518],[-81.846455556534366,41.275395902773845],[-81.845167416939915,41.275407257382959],[-81.843806347916328,41.275429581408964],[-81.842445447145508,41.275446483681755],[-81.841084376290638,41.275468776040874],[-81.839723423833107,41.275491051676049],[-81.838362470378954,41.27551331144759],[-81.837001397686535,41.275535646279749],[-81.835647724726599,41.275557821416911],[-81.83428669938192,41.275574629406648],[-81.832925741987395,41.275596825667897],[-81.831564664178217,41.275619006858548],[-81.830203704720887,41.275641171238014],[-81.828842745365691,41.275663409725752],[-81.827481714408918,41.275680047893339],[-81.826120751943307,41.27570216434183],[-81.825349231165347,41.275713283879263],[-81.825152772972388,41.27571874591753],[-81.824759669044141,41.275724265640619],[-81.823398705612931,41.27574644013297],[-81.822037739995054,41.275768508521061],[-81.820683988177919,41.275785104721606],[-81.819323020569328,41.275807141082126],[-81.818245857883397,41.275829125916168],[-81.817168695502374,41.27585119074439],[-81.816091531177165,41.275873155419298],[-81.815021649728052,41.275895148508816],[-81.813908000384885,41.275911676112329],[-81.812794469766331,41.275928192070857],[-81.811688221073069,41.275944645867938],[-81.810574637696433,41.275966635418051],[-81.809315575469043,41.275994050934599],[-81.807954479037676,41.276015953427262],[-81.806586218315999,41.276037889923039],[-81.805217955402611,41.276059719974654],[-81.803849625137516,41.276076129399172],[-81.802481361270353,41.27609801673696],[-81.80115670572286,41.276141833543896],[-81.799853867858104,41.27616359431206],[-81.799803004460514,41.276163587391402],[-81.798441901188298,41.276185466568478],[-81.797088197738731,41.276207188159056],[-81.795858190715265,41.276229029461092],[-81.79463546534204,41.276250807201144],[-81.793405456328372,41.276272621985143],[-81.792175445220707,41.276294333391405],[-81.79095265059091,41.276310577193378],[-81.78972263865117,41.276332352119425],[-81.788660007887628,41.276343058705493],[-81.787590093953199,41.276353805159097],[-81.786185465465977,41.276380969716087],[-81.785297460199089,41.276397298331418],[-81.784780716113886,41.276408117704918],[-81.783965518285811,41.276402410880024],[-81.783150386085126,41.276402192537958],[-81.781760297053694,41.276407314308884],[-81.780370154496353,41.276418004267178],[-81.778979944821373,41.276423092757703],[-81.777582570172058,41.276428122495496],[-81.776738205763905,41.276449854435434],[-81.775894014442798,41.276466084126618],[-81.774911374482855,41.276476753490236],[-81.774547511823869,41.276482083626362],[-81.773928853359834,41.276487413540451],[-81.772946212320065,41.276498065855009],[-81.771752671791461,41.276514073638282],[-81.770566253832399,41.276524595749819],[-81.769372754871213,41.276540540215848],[-81.768186370886411,41.27655100615668],[-81.766992899519522,41.276566990857866],[-81.765886645270911,41.276577426900566],[-81.764787742519459,41.276593384586839],[-81.763557745516053,41.276598206311675],[-81.762327869688846,41.27660310308125],[-81.761097992070674,41.276607987861198],[-81.760377486484856,41.276618547591319],[-81.759649696772783,41.276629151749901],[-81.758310578073278,41.276655899148352],[-81.756971386251578,41.276677143893544],[-81.75563224540042,41.276703877158063],[-81.75435140563161,41.27671410045069],[-81.753077775535843,41.276718957562686],[-81.751796791493888,41.276729173637577],[-81.750894272402135,41.276717739778967],[-81.750003923141648,41.276711688322216],[-81.7488877946532,41.276722908681485],[-81.747788763710474,41.276723500434997],[-81.746471490889149,41.276724246818127],[-81.745161393693081,41.27672493824921],[-81.743844145421235,41.276725667761745],[-81.742599622308774,41.276737266581996],[-81.741355108540489,41.276748946872161],[-81.740110600492642,41.276760527700205],[-81.738946270274965,41.276777615042867],[-81.737789042567442,41.27678915140303],[-81.736624714552633,41.276806217690996],[-81.735540244860516,41.276801227390514],[-81.734455829063876,41.276790729921437],[-81.733073060359416,41.276802311990139],[-81.731690276902739,41.276813960158272],[-81.73030752856306,41.276819995863157],[-81.728931978014131,41.276831540285492],[-81.72754910865352,41.276843006953186],[-81.726166160484141,41.276848953757089],[-81.725460210458465,41.276854759541528],[-81.724783273481236,41.276860468202862],[-81.723400384630821,41.276871875714768],[-81.722017553770016,41.276877771179969],[-81.720634664328855,41.276889235019524],[-81.719251773047418,41.276900591904351],[-81.717868820714983,41.276906437468703],[-81.716493211784609,41.276917805288576],[-81.715110318090098,41.276929111585076],[-81.71372736370013,41.276934906544447],[-81.712344469427904,41.276946269110759],[-81.711238223948229,41.276946446767631],[-81.709935386242009,41.276952240575952],[-81.708639770993969,41.276963469705812],[-81.707336932107083,41.276969233585284],[-81.705932243743291,41.276974976737002],[-81.70492056248689,41.276975143009032],[-81.704534778673931,41.276975163410832],[-81.703130030288207,41.276975377317058],[-81.702853497186879,41.276986434699246],[-81.702023664067568,41.276975555657827],[-81.701572452251824,41.276953625484516],[-81.700458862820241,41.27694824766558],[-81.700160360967772,41.276948262388132],[-81.699148677009248,41.276959366680941],[-81.697838551350458,41.276964975355405],[-81.696535767557549,41.276976109329759],[-81.695211010006673,41.276998170496732],[-81.693879087703039,41.2770202593601],[-81.692554389165494,41.277036794297835],[-81.691477207624061,41.277053268516859],[-81.690407309338482,41.277069778902074],[-81.689337290968467,41.2770862799144],[-81.688456704212925,41.277097314385991],[-81.687575996724149,41.277108252667411],[-81.686156670666762,41.277119242721611],[-81.684963012294176,41.277130223871509],[-81.684737401321172,41.277135709513523],[-81.683318073728699,41.277146664114788],[-81.681884121263295,41.27715210272207],[-81.680457627840852,41.277162973985654],[-81.67903095834032,41.277168423679171],[-81.67776452453316,41.277173813243031],[-81.676498090378615,41.277179188735673],[-81.675340845235709,41.277190035203134],[-81.674853147146905,41.277195506715394],[-81.674183480212022,41.277200870634289],[-81.673026290545891,41.277217188117184],[-81.671679736560108,41.277222527982595],[-81.670398670215363,41.277233325887693],[-81.670340402116082,41.277233304768892],[-81.668993903468461,41.277244107489359],[-81.667625609266935,41.277260335378784],[-81.666264542400157,41.277271100374975],[-81.664896071638708,41.277281801874942],[-81.663862586647909,41.277287133510086],[-81.66282898114919,41.277292366452293],[-81.661795440258587,41.277292184986955],[-81.661446078483451,41.277281040551117],[-81.660121427967553,41.277291793759765],[-81.658789436856466,41.277296898731613],[-81.657457501558582,41.277307572855882],[-81.656132793861474,41.277312695587405],[-81.654800738400681,41.277323339679455],[-81.653476149575397,41.277328431209476],[-81.652144093384138,41.2773390446335],[-81.650812155284697,41.277349551949413],[-81.649552998488701,41.277354679096362],[-81.649487446295709,41.277354598417922],[-81.648155508417545,41.277365165211719],[-81.64682351546378,41.277370221957156],[-81.645498836405906,41.277380705601566],[-81.644166787904268,41.277385704559322],[-81.642834658362176,41.27738509080099],[-81.641495345417539,41.277384581618726],[-81.640163300551052,41.277383919539588],[-81.640039469612148,41.277383881594531],[-81.639653711905595,41.277378260147387],[-81.638823908876958,41.277377872834649],[-81.637957682113637,41.277377408411198],[-81.637491849029232,41.27737717294135],[-81.636159669343201,41.277376548028506],[-81.634820326564522,41.277375858183369],[-81.633488219927656,41.27736971119726],[-81.63207610348168,41.277374528837505],[-81.630663877745135,41.277379245636034],[-81.62931732820131,41.277395035734706],[-81.627977955126426,41.277410777923691],[-81.627002575513359,41.277404719490882],[-81.626034421426169,41.277404202631537],[-81.625051852400972,41.277431144650812],[-81.625003884812131,41.27743106535447],[-81.623310967156428,41.277464620347963],[-81.621898783254764,41.277470832501614],[-81.62049391839264,41.277482576157809],[-81.619081872361676,41.277494254557297],[-81.61766964211985,41.277500514764377],[-81.616264734646805,41.277512215793372],[-81.614852533028525,41.277523850707851],[-81.613447729569103,41.277535520102532],[-81.612035469389667,41.277541627621204],[-81.610623263604325,41.277553302021673],[-81.609218468458252,41.277564827996912],[-81.607806234591791,41.277570968520848],[-81.606394071318405,41.277582491823665],[-81.604989220595968,41.277594043455423],[-81.603802793594042,41.277605414999499],[-81.602616387876154,41.277616859841622],[-81.601422766931208,41.277622744982388],[-81.600673036105917,41.277623058293266],[-81.600454647863558,41.277623117241767],[-81.599923304211728,41.277623276596799],[-81.598569542514639,41.277640145620829],[-81.597208446960437,41.277651631881618],[-81.595854513299756,41.277662974711504],[-81.594500698731323,41.277674390908395],[-81.59314693191341,41.277691195502157],[-81.591785830973024,41.277702526901905],[-81.590985160525094,41.277708262964339],[-81.590432013105897,41.277713894745716],[-81.589471221523411,41.27771963086164],[-81.588510428705661,41.27772526879901],[-81.587542282770954,41.277736521066267],[-81.586348652152964,41.277742248276198],[-81.585154901575592,41.277747963587686],[-81.583953867135222,41.277753703346356],[-81.582643745704416,41.277764937064326],[-81.581333623472318,41.277776155723089],[-81.580016097731075,41.277787396628895],[-81.578705973167374,41.277798495016278],[-81.577395800293658,41.277804173852751],[-81.576085675189205,41.277815332214118],[-81.575153893542705,41.27782098258313],[-81.574768146650868,41.27782651249391],[-81.573458020185726,41.277837640683806],[-81.572053252724658,41.277854178522766],[-81.57064836573764,41.277870789745997],[-81.569287251265351,41.277881852571369],[-81.567926136180944,41.277892899180344],[-81.566623314932443,41.277893013357534],[-81.565400374102836,41.277892990644965],[-81.565596978457876,41.277997327249246],[-81.565808057717817,41.278063218730715],[-81.566011815626212,41.278359747992987],[-81.566041015894783,41.278464096035208],[-81.566011844592751,41.278667277461849],[-81.565815316413264,41.278821017456892],[-81.565546021418101,41.278969259464041],[-81.565269468202303,41.279079072754435],[-81.565021936845937,41.279106590926233],[-81.564781740208119,41.279084619227007],[-81.564461548119382,41.278980256692151],[-81.564264995219318,41.278826554619492],[-81.563944691260673,41.278667333087427],[-81.563486111675218,41.278563015058232],[-81.563144058696039,41.278595946098598],[-81.562816513750647,41.278733206723864],[-81.562547134405946,41.278941885077089],[-81.562445195520979,41.279057143734484],[-81.562343404716628,41.279342740905186],[-81.562336107671882,41.279661205690424],[-81.562394318815024,41.279974215982485],[-81.562539918677658,41.280243291135747],[-81.562896500434064,41.280649605936553],[-81.563369652724688,41.281072374158029],[-81.563813755302405,41.281407365617355],[-81.564039431129245,41.28151714737357],[-81.564286908759101,41.281676455321978],[-81.564643564995137,41.281978452824774],[-81.564891144954544,41.282384755396414],[-81.564971180013444,41.282637394382533],[-81.564898400112668,41.283060131625895],[-81.564810992972653,41.283323771106318],[-81.564599956281484,41.283708092086542],[-81.564607279238018,41.283823447271395],[-81.564745521555864,41.284026617806894],[-81.564898388843531,41.284125405023254],[-81.565116818747796,41.284196846549243],[-81.565917543976212,41.284257229555813],[-81.566194182553787,41.284251725712224],[-81.566405307685073,41.284279152110685],[-81.566580012460378,41.2842791031415],[-81.566958484466113,41.284366958455841],[-81.567395370413934,41.284581085499084],[-81.56755545495102,41.284712892541243],[-81.567817583895263,41.285113712172326],[-81.568014175139055,41.285668349016234],[-81.568028804664721,41.28601976469222],[-81.567948710734044,41.286382186941822],[-81.567919618210297,41.286442593245567],[-81.567875951704337,41.286640261585134],[-81.567562999854502,41.287266231757975],[-81.567366377611307,41.287452943623023],[-81.567089745294197,41.287557266812719],[-81.566805832057113,41.287579293082374],[-81.566514734468697,41.287502447388277],[-81.566187079598933,41.287271835936437],[-81.565954095935822,41.287162004349746],[-81.565597397222902,41.286997291563729],[-81.565539170989311,41.286947854064564],[-81.565277100628805,41.286816094647783],[-81.564927644270924,41.28661837532789],[-81.564832977896373,41.286497593633982],[-81.564803906170965,41.286255964508555],[-81.565029491421257,41.285910035542905],[-81.565080530394667,41.285597031088543],[-81.564942158560839,41.285476283829027],[-81.564592753276642,41.285339006147119],[-81.564418047913762,41.285311578017748],[-81.563908418580212,41.285344522070446],[-81.563668284058139,41.285443343570186],[-81.563559078070128,41.285547649096188],[-81.563478957742817,41.28570144563917],[-81.5634644310868,41.285997966403031],[-81.563588169042049,41.286277956496704],[-81.563682783153496,41.286420718731961],[-81.563923029921924,41.286695273679243],[-81.564483665546689,41.287189491379301],[-81.564934954239604,41.287535432619215],[-81.565357212739926,41.287755043880438],[-81.565611999121586,41.287941787001373],[-81.565750391270797,41.288216297957561],[-81.565728571576727,41.288413948157995],[-81.56554654302326,41.288825782338009],[-81.565546614253421,41.289193754167698],[-81.565590291234244,41.289314515513134],[-81.565706723430324,41.289424380122554],[-81.56609990074567,41.28970439424522],[-81.566609473680373,41.289978879848697],[-81.566791501795848,41.289995369013148],[-81.567745190245972,41.289934910816157],[-81.568189216820045,41.28988002398895],[-81.568538631983117,41.289890999984529],[-81.569041005892117,41.289967787199245],[-81.569252101911616,41.290044661746293],[-81.5695725209995,41.290127030334503],[-81.569980145546907,41.290280759120215],[-81.570489810435745,41.290577206176394],[-81.57064272546603,41.29071994386689],[-81.57081018864136,41.29092863700776],[-81.570904874129241,41.291214167795395],[-81.570912186500649,41.291505176270292],[-81.570810364996305,41.291812669893702],[-81.570089635298075,41.292625419605805],[-81.569958619561262,41.292845049995883],[-81.569973213766417,41.293108638466393],[-81.570097040655654,41.29328439963858],[-81.570264507886733,41.293410671377856],[-81.570533922442479,41.293531393230687],[-81.570963400534211,41.29353142573899],[-81.571691458532612,41.293558799400607],[-81.571895378905779,41.293646604200994],[-81.572011804434482,41.293739977935957],[-81.572099233319562,41.293877273971063],[-81.572128380679985,41.294069447383364],[-81.572070226396178,41.294398884394951],[-81.57185181323193,41.294662459282428],[-81.57165530018122,41.29482170380907],[-81.5714659542395,41.295035950567517],[-81.571291250306331,41.295326961564761],[-81.571240326589759,41.295513677405523],[-81.571305854252131,41.295810161868076],[-81.571509856320006,41.296029842291865],[-81.571669926674303,41.296101200588247],[-81.571815639478373,41.296128581448407],[-81.572019446099617,41.29610667059054],[-81.572325274733899,41.296101096907719],[-81.572412632557615,41.296161465729476],[-81.572594611401243,41.2962932467344],[-81.572667544326237,41.296397645564234],[-81.572740390504478,41.296738051216956],[-81.57268214058216,41.29702911536436],[-81.572536661229918,41.29758913822662],[-81.572587650351267,41.297902178618351],[-81.572784283764946,41.298193145685545],[-81.57296636637318,41.298363389192268],[-81.573097448462775,41.298533616095128],[-81.573352333600653,41.298983821643176],[-81.57341789511095,41.299214457040613],[-81.573403396802149,41.299714196194252],[-81.57332335610856,41.299917362179372],[-81.573257885734051,41.30009307160033],[-81.573126841371661,41.300296221195673],[-81.57308308059433,41.300373096095626],[-81.573039515414777,41.300554281209543],[-81.573112337876438,41.300741012247535],[-81.573243397283449,41.300839806602326],[-81.573440005619972,41.300867292220317],[-81.574211794117062,41.300587173262073],[-81.57457580903457,41.300526715546646],[-81.57466321951641,41.300537719196008],[-81.574903443140528,41.300499227048704],[-81.575114668695718,41.30050465756112],[-81.575158291664124,41.300521194247153],[-81.57542043254432,41.300625456408063],[-81.575638933875595,41.300779209293026],[-81.575821004629944,41.30093287377175],[-81.576039532842628,41.301361185792182],[-81.576090459637584,41.301569823546124],[-81.576083247199989,41.301849914476648],[-81.575915915407009,41.30227268067167],[-81.575799468873711,41.302437476788143],[-81.575690279876852,41.302558278059465],[-81.575420846134762,41.302766986549038],[-81.575311674925473,41.302821939806563],[-81.575158759567131,41.302860356899792],[-81.575129662010028,41.302865816934521],[-81.574925810063107,41.302843955293639],[-81.574634515451322,41.302739657405645],[-81.574386837994098,41.302541999712403],[-81.574102846156705,41.302289394408909],[-81.573877134980179,41.302239985740037],[-81.573636856401023,41.302272981195657],[-81.573411082960206,41.302393820746659],[-81.573199986564831,41.302717804412794],[-81.573207304098091,41.302871532388309],[-81.573316535240764,41.303014303681486],[-81.573469484951232,41.303157037230697],[-81.573622457654736,41.303261396915893],[-81.574183140018548,41.303437047481118],[-81.574554510916968,41.303464469997536],[-81.574853013372717,41.303436946894308],[-81.575158902780387,41.303475323736109],[-81.57520983679035,41.303480834260121],[-81.575457485924005,41.303552199905631],[-81.575741503538737,41.303711390034479],[-81.575901728582593,41.303920021559122],[-81.575981838661491,41.304254983840281],[-81.576149421210502,41.304430699454748],[-81.576418774277229,41.304578881604073],[-81.576986804359862,41.304705118443991],[-81.577452892645965,41.304798444719154],[-81.577780594554611,41.304979569959727],[-81.57838507765014,41.305594474075448],[-81.578778411253154,41.30575364772973],[-81.579186159435082,41.305786547208847],[-81.5792517136437,41.305770093230109],[-81.579907081882155,41.305748056781873],[-81.580540584446098,41.305698472695056],[-81.58089011057109,41.305725894700963],[-81.581720172466035,41.305736745565014],[-81.582178933301762,41.305797030683287],[-81.58246297199986,41.305928820023496],[-81.582543163244836,41.306000206908358],[-81.582739837217247,41.306274672004278],[-81.582798044174609,41.30631860592878],[-81.583031176656974,41.306461370976223],[-81.584261879047332,41.306818057124296],[-81.584589588010658,41.307010152357002],[-81.584779020928536,41.307328609107351],[-81.584975794734277,41.307773318568735],[-81.5852454498323,41.30815216987633],[-81.585558675675685,41.308487020616568],[-81.58560971053025,41.308596837119758],[-81.5855951051592,41.308767070096692],[-81.585486047675275,41.309008675538799],[-81.585253082160747,41.309233886157095],[-81.585027306560676,41.309354748621487],[-81.584677888368731,41.309475608272635],[-81.58442306020423,41.309607426570089],[-81.584146468535323,41.310085256934101],[-81.583782720971087,41.311172550719981],[-81.583841139280111,41.31162832276231],[-81.583892229562096,41.311891813958134],[-81.584001485065102,41.312193833910698],[-81.584234679167494,41.312622145533993],[-81.584271173007807,41.31277581465374],[-81.584220289922882,41.313259074741303],[-81.584111198947866,41.313511668501754],[-81.58392917135555,41.313703919201529],[-81.583878312931574,41.31386866080318],[-81.583856483041146,41.313912549759095],[-81.583718109835999,41.314231048999829],[-81.583645421142762,41.314439769453983],[-81.583572738273347,41.314796669098982],[-81.583594691787141,41.315115165735598],[-81.583733086674911,41.315455591455823],[-81.583966234237309,41.315730139208661],[-81.584345025865318,41.316032051595954],[-81.584694770456878,41.316251598324392],[-81.585088172171638,41.316570008416264],[-81.585816592884782,41.317129924335376],[-81.586443149405184,41.317733862512569],[-81.586989696129081,41.318354239204574],[-81.587208320419336,41.318738569703285],[-81.587383151835041,41.318875767825702],[-81.587594496821751,41.319100875983516],[-81.587805808542242,41.319375346891626],[-81.587842226370057,41.319638910547091],[-81.587776861780625,41.319864080146147],[-81.587704097624794,41.320209992552726],[-81.58764608182193,41.320748146954323],[-81.587456924826981,41.321385156113941],[-81.587296845802769,41.32184095893642],[-81.587136892331614,41.322417555889949],[-81.587246388987325,41.323048986891941],[-81.587421357869204,41.323559648829807],[-81.587596225847477,41.323779267927186],[-81.587778396403266,41.323960386015912],[-81.58841233864888,41.324525811136176],[-81.58902435210031,41.325003428513121],[-81.589206514109023,41.32512968666024],[-81.589541655552452,41.325365687080577],[-81.589927847638933,41.325684116724425],[-81.590401460141763,41.325996962185144],[-81.590860515156365,41.326430675377743],[-81.591159350402279,41.326759998341785],[-81.591334248864882,41.327007085341386],[-81.591764446143557,41.328000869522278],[-81.591866719690429,41.328593869152925],[-81.591866930970738,41.3289342736946],[-81.591823529150702,41.329631702284694],[-81.591816411194188,41.329994123517096],[-81.591721831049369,41.330318080607853],[-81.59158347900177,41.330466429942497],[-81.591416045313679,41.330702574611287],[-81.591416177669529,41.330955153165988],[-81.591343512305471,41.331284582104054],[-81.591205166741304,41.331460404744483],[-81.591074032302146,41.331548273883463],[-81.590972096393685,41.331614194043347],[-81.590833721760887,41.331707594841006],[-81.590688106320414,41.331806437315116],[-81.590491490382121,41.331987692524045],[-81.590396924708529,41.332234811594745],[-81.590302358247214,41.332707035860302],[-81.590251494611792,41.332844395623717],[-81.590236891450587,41.332921217080298],[-81.590193325776781,41.333086013220004],[-81.590084090326144,41.333283664204927],[-81.589858503017993,41.333777908071639],[-81.589421669796579,41.334409521465972],[-81.589261495556485,41.334524830781909],[-81.588751769720446,41.335052143829692],[-81.588657103452405,41.335156487995448],[-81.588504162071786,41.335332201621377],[-81.588307716656018,41.335826473288265],[-81.588125688806798,41.336183391926859],[-81.588060133691002,41.336375593096697],[-81.588031412441282,41.337155365374421],[-81.588082577438939,41.337622068600275],[-81.588039000908324,41.337946031667705],[-81.587973483273458,41.338275511441871],[-81.58801746853149,41.338874035423856],[-81.588214383772353,41.339467003931539],[-81.588178204842848,41.339829482535634],[-81.588221936336652,41.340120481298968],[-81.588243953403321,41.340455458971341],[-81.588200498718592,41.34087274211371],[-81.58812036928046,41.341185722094004],[-81.587952958062615,41.341548240260636],[-81.587923993634789,41.34182276569242],[-81.587960447816428,41.342075338327433],[-81.5881718909082,41.342448712458186],[-81.588521819376709,41.342843987958254],[-81.589031993135876,41.343354463099196],[-81.589257939831214,41.343519140455946],[-81.589396434009046,41.343568604984981],[-81.589724387598793,41.343672857341097],[-81.590460204243286,41.343716557165052],[-81.590715255741884,41.343689036159446],[-81.590919280178923,41.343688980041073],[-81.591735190117276,41.3436284006414],[-81.592121434796923,41.34368865871469],[-81.592966646894951,41.343748894563497],[-81.593396448019348,41.343682814797958],[-81.593534914360021,41.343649853108033],[-81.59371699661844,41.343655309794926],[-81.593986617717093,41.343600322628667],[-81.594474612657791,41.343440978024674],[-81.594627689369077,41.343424423835998],[-81.594795300188991,41.343468326781739],[-81.595509513910159,41.344000688910825],[-81.596034445517475,41.344549700286507],[-81.596362467198176,41.344895522570823],[-81.596617720807785,41.345230371209212],[-81.597033461680041,41.346202139386961],[-81.59715034759887,41.346619495081981],[-81.597092166377735,41.34691047850518],[-81.596844687165742,41.347283963925733],[-81.596698946742066,41.347371824750688],[-81.596436765647866,41.347470737698131],[-81.59619623461802,41.347492791500606],[-81.595810133460773,41.347438041071413],[-81.595358207922175,41.347295353331162],[-81.594942873757432,41.34724606574045],[-81.594687960333431,41.347290079632238],[-81.594221632921801,41.347482371632736],[-81.593806361050596,41.34759783215263],[-81.593631600845853,41.347702232875392],[-81.593449518112834,41.347790096726527],[-81.593318365189475,41.347905441854316],[-81.593049067497489,41.348432704190152],[-81.592954440308134,41.348806114132785],[-81.593144200524534,41.349366142005088],[-81.593370139122058,41.349552790329469],[-81.593581543871551,41.34961313382837],[-81.593916755264786,41.349656984684032],[-81.594244705458308,41.349717266213652],[-81.59487145926083,41.350062991676445],[-81.595279602960943,41.350200142755739],[-81.595476367626958,41.350227589934732],[-81.595833454380823,41.350205475092842],[-81.596073830505077,41.350073617943885],[-81.596372430170348,41.349798955436746],[-81.597355793712836,41.349271585853622],[-81.597523377999224,41.349271526960329],[-81.597756653116008,41.349370302610915],[-81.597880548958088,41.349507478567155],[-81.597953482051793,41.349600870957197],[-81.598026464818446,41.349699667718824],[-81.598237951719952,41.350199312320193],[-81.598230821773996,41.3503475275716],[-81.598223622152659,41.350605638255445],[-81.598223646268252,41.350660495589118],[-81.59823121641756,41.351121745307182],[-81.597203807467494,41.35112212457976],[-81.596416783921015,41.35112233062614],[-81.59579746888528,41.351122474271413],[-81.59439106136179,41.351128391821916],[-81.59298477291965,41.351134291431656],[-81.592788016712504,41.351134313662172],[-81.592336221573575,41.351139971529484],[-81.591279664697467,41.351129277767001],[-81.590448980879074,41.35111300245277],[-81.589618297410922,41.351096721097754],[-81.588321206583572,41.351069576079979],[-81.587745563968824,41.351047744172604],[-81.586667134013837,41.351037029321361],[-81.586470357095379,41.351048030271492],[-81.586011262231168,41.351026136488009],[-81.585574071542567,41.351020793878384],[-81.584612259573632,41.351004512309551],[-81.583213137339783,41.350982781547017],[-81.582229500420297,41.350971995137783],[-81.581245793094212,41.350966695372385],[-81.580385924183105,41.350961303589997],[-81.580065303120335,41.350944903387614],[-81.579285621315663,41.350950539302247],[-81.578505938527016,41.350956079833068],[-81.57749306440283,41.350950714171525],[-81.576487434030724,41.35093989863234],[-81.575664024694504,41.350934559125406],[-81.575168620564071,41.350929107423759],[-81.574840614641516,41.350929123629264],[-81.574578305330149,41.350923676733117],[-81.573536335963468,41.350912746358574],[-81.572224719097392,41.35089098605723],[-81.570971340376119,41.35088558643826],[-81.569710789888887,41.35088020860919],[-81.568457483019557,41.350869286456998],[-81.567138526897992,41.350869303075868],[-81.56581964333698,41.350863899546049],[-81.564726634445208,41.350852959824849],[-81.563633578403397,41.350836515219825],[-81.562540642322332,41.350820059652136],[-81.561134284448556,41.350803589782693],[-81.559735218439059,41.350787067315139],[-81.55869325717704,41.350748618837095],[-81.557658515745402,41.350715620726902],[-81.55633959314288,41.350677140493225],[-81.555487040799775,41.350688101354834],[-81.554627242597746,41.350704495464896],[-81.55327185678388,41.350693449277721],[-81.551909298615257,41.350682331495726],[-81.550743423072561,41.350676742891324],[-81.549839808211232,41.350671151861796],[-81.549577547558584,41.3506711425443],[-81.548404379949361,41.350665475106624],[-81.547529978184173,41.350665401830994],[-81.546648210631588,41.350670761569312],[-81.54543867695287,41.350676136098258],[-81.54454237112293,41.350686953328854],[-81.543667922904362,41.350681356436375],[-81.542793593511817,41.350675662322558],[-81.541372583588213,41.350664516046535],[-81.53995169264735,41.350653261768308],[-81.538574506372512,41.350636471168009],[-81.53719732126703,41.350619754349708],[-81.537124524058953,41.35061973363559],[-81.535783677477383,41.350602920672443],[-81.534362863002656,41.350586193209956],[-81.533153222393395,41.350563876828062],[-81.531943657926575,41.350536142914699],[-81.530734019349808,41.350513891536927],[-81.530275033287836,41.350502765123842],[-81.528977970486565,41.350474953099329],[-81.527673691591289,41.350441574965956],[-81.526376630578554,41.350413734087518],[-81.525188901166942,41.350380425809639],[-81.524511242948108,41.350363788694679],[-81.524008464731992,41.350347162366525],[-81.523104881423677,41.350330374478375],[-81.521676767210835,41.350313436283621],[-81.520241189181917,41.350290929701643],[-81.518820232180531,41.350273924364295],[-81.517508648206658,41.350256950295282],[-81.517384763595771,41.350251472144826],[-81.515949215162195,41.350234407071021],[-81.514521033875297,41.350211886460208],[-81.513092776023967,41.350194843080473],[-81.511657346353203,41.350177723615744],[-81.510229048665153,41.350155149773464],[-81.508800796639974,41.350138052503269],[-81.507365332961101,41.350115384264093],[-81.505937088715896,41.350098250971946],[-81.504508926262048,41.350075604684122],[-81.503073399284332,41.350058377370381],[-81.50164528893842,41.350041189834101],[-81.500003852199669,41.349974300674269],[-81.499265725510909,41.349925103893106],[-81.49791041540982,41.349903854280555],[-81.496562360558357,41.349877150667233],[-81.495207060426154,41.349855865140604],[-81.493851645704652,41.349834562203171],[-81.492496314050513,41.349807746285791],[-81.491141028145805,41.349786407446977],[-81.489836744591273,41.349759520218704],[-81.489239250055334,41.349748811771072],[-81.489078959762367,41.349748860253811],[-81.488539677538327,41.349738171631408],[-81.487235399884298,41.349711253265433],[-81.485931164744116,41.349689814532489],[-81.484634181549566,41.349662925989051],[-81.483329827344278,41.349641459121635],[-81.482025550758834,41.349614483527716],[-81.480808688889496,41.349592985937676],[-81.479591823385874,41.349571477626945],[-81.478374952966092,41.349549959180948],[-81.476983160448327,41.349523030354945],[-81.475591398071359,41.349501494056938],[-81.475496727886863,41.349501524819537],[-81.474199714940553,41.349474536701848],[-81.472815124948411,41.349453027993285],[-81.471423363442412,41.34943144175945],[-81.470031683531289,41.349404433520128],[-81.468639923989869,41.349382813317582],[-81.467248126744252,41.349355771605786],[-81.465863661111584,41.349334178027505],[-81.464471904457696,41.349312506996277],[-81.463080110439066,41.349285414469897],[-81.461688355743149,41.349263709520599],[-81.461382355980192,41.349247370785328],[-81.460296683435061,41.349236582608704],[-81.458904930684554,41.349214843766077],[-81.45752043230118,41.349187654481284],[-81.456128682105543,41.349165971932599],[-81.454736932178221,41.349144182382879],[-81.453345145656272,41.349116971377278],[-81.451953398245422,41.349095238071378],[-81.450568904488009,41.349067874645016],[-81.450168194968356,41.349062505650757],[-81.449410404247558,41.349051593220814],[-81.44825178439244,41.349035210480622],[-81.446874622743692,41.349013358756942],[-81.445497424479385,41.348985995889876],[-81.444120265230879,41.348964201190796],[-81.442743068965711,41.348936805285724],[-81.441365910856064,41.34891488748724],[-81.439988753551376,41.348892953187374],[-81.439019633456468,41.348881968616958],[-81.438057805490899,41.348871038224786],[-81.436724361968771,41.348843583974947],[-81.435390956032492,41.348821608893481],[-81.434057550838645,41.348799618370371],[-81.433809761448302,41.348799651156796],[-81.432629274439961,41.348783103256565],[-81.431441579879078,41.348761075511106],[-81.430261177825997,41.348739098366956],[-81.429080811907198,41.348722513682638],[-81.427856662302233,41.348700494751434],[-81.426632429105581,41.348683867820185],[-81.425415607720964,41.34866729060856],[-81.424839990866161,41.348656263973162],[-81.424191459831462,41.348645232811052],[-81.422967347555826,41.348628566585134],[-81.421903492416902,41.34860643622671],[-81.420832347160513,41.348584412796079],[-81.419761201877591,41.348562289367074],[-81.418690162784742,41.348556639878481],[-81.418347668968693,41.348551038605436],[-81.416926844977553,41.348539796971345],[-81.41550586724658,41.348523133782095],[-81.414085043687209,41.348511857269841],[-81.412671476821018,41.348495042578726],[-81.411250534695867,41.348483821806276],[-81.409829711654837,41.34847249311261],[-81.408416145640061,41.348455626523709],[-81.406995203975058,41.348444353599376],[-81.406820294483595,41.348438756334957],[-81.405574347262515,41.348427478150604],[-81.404160697168393,41.34841614483102],[-81.402739874866384,41.348404729305848],[-81.401486602376949,41.348387848047437],[-81.400233330206518,41.348370953263547],[-81.399511889028119,41.348359767182217],[-81.398980058901856,41.348354135032672],[-81.397726787357954,41.348337213205646],[-81.396473429774716,41.348325772189725],[-81.395059898647872,41.348314320793008],[-81.393639041201851,41.348297286230078],[-81.392218096381072,41.34828572439865],[-81.391780967303276,41.348285585243097],[-81.391801318369176,41.350344748801454],[-81.391989626329391,41.373390592627707],[-81.392010262046796,41.375016013485926],[-81.392001821766485,41.376658021414627],[-81.392074834042319,41.396646303454482],[-81.392074062779216,41.397761070524304],[-81.392058045107788,41.399688512466724],[-81.392050305209011,41.40021569480178],[-81.392042090025015,41.401544598519003],[-81.392033210551205,41.403741056660373],[-81.392001406388687,41.407354213625602],[-81.391971014131329,41.409204686078454],[-81.391940139031036,41.411631745508409],[-81.391908995384654,41.414432176715252],[-81.391908155260992,41.41564570191521],[-81.391899991842067,41.416974551099635],[-81.391876661790349,41.419044698632412],[-81.391875501667926,41.420801841917054],[-81.391851171421251,41.424277650248449],[-81.390727756310795,41.424288134148398],[-81.389611608163904,41.424293177898761],[-81.388488040167005,41.42429823591948],[-81.387371891326069,41.424303258069983],[-81.386087994425168,41.424313696353771],[-81.384796764079638,41.424318560128746],[-81.383512746390963,41.424328970293722],[-81.38222881553493,41.424333871239746],[-81.381017796284397,41.424344191541742],[-81.37981407740152,41.424354655284425],[-81.378603176766873,41.424364950029279],[-81.377399456847314,41.424375388775566],[-81.376195735903082,41.424385724995474],[-81.375003819822552,41.424411931408386],[-81.374504840963027,41.424434308501773],[-81.374519474189185,41.424544065139344],[-81.374815830748275,41.429123442375143],[-81.37500410514312,41.432240454529804],[-81.375009203690368,41.432324860327604],[-81.375488115663998,41.439848194090992],[-81.375819107975289,41.444911159489621],[-81.375935825019667,41.444911228619027],[-81.377256702023089,41.444911860066213],[-81.378577459861077,41.444912567000046],[-81.37989836947861,41.444918753140023],[-81.381219126902081,41.444919340009271],[-81.38254000453982,41.444920001549185],[-81.383860794834874,41.444926143055326],[-81.38518167197455,41.444926684473877],[-81.385422430879515,41.444910385289717],[-81.386655800178616,41.444910932691826],[-81.387881747044219,41.44491140190997],[-81.389107694374445,41.444911948234164],[-81.390333641624892,41.444912481582065],[-81.391574159993283,41.444907457690967],[-81.391558584423663,41.446477910323402],[-81.391536420651519,41.446873242670719],[-81.391519455296944,41.450123898241642],[-81.39151117296376,41.451573528952615],[-81.391503225356487,41.452501524452025],[-81.391486920332795,41.455065786509451],[-81.391486763778701,41.455159196273911],[-81.391370070833474,41.46555907209347],[-81.391362212463761,41.466382753998893],[-81.391347239092752,41.466959291368994],[-81.391309369779776,41.469040362566339],[-81.391256250594751,41.472181272449497],[-81.391285085426134,41.472785236748699],[-81.391284552030342,41.473696829872814],[-81.391277116286403,41.473949344917877],[-81.391261712436318,41.475344082869668],[-81.391245819650592,41.477573495749589],[-81.391260370730677,41.477661362683854],[-81.391245642707375,41.477837067002334],[-81.391229671351724,41.480363023200454],[-81.391192100003749,41.482142118717526],[-81.391160656003194,41.485958494365889],[-81.39106814731943,41.494013903957494],[-81.391082447719739,41.494337860751614],[-81.391074979286302,41.494568482360975],[-81.391014629277649,41.49752805369009],[-81.390991865225374,41.498840445945667],[-81.390969468279124,41.500015608095843],[-81.390940138042325,41.500559511645946],[-81.390818195618237,41.519625118621803],[-81.390853031662417,41.522486205280714],[-81.39106904905897,41.569736796119379],[-81.412842478112339,41.569721453853894],[-81.413120321851792,41.569694056637779],[-81.417748432021099,41.569744332631899],[-81.420227002198004,41.569744714229664],[-81.433855468437201,41.569839192246995],[-81.437562355901392,41.569844709102824],[-81.439434077710231,41.569844676515771],[-81.446219076751021,41.569915683727956],[-81.447388905862312,41.569932051295545],[-81.488259773169943,41.570091174750424],[-81.488214204703567,41.586322099024962],[-81.488208374115246,41.588188972630824],[-81.488763040585496,41.623767452891173],[-81.488844452611175,41.625013588216092],[-81.488834965662036,41.631459840071749],[-81.488908027898745,41.63142134017906],[-81.48903242305289,41.631344432195121],[-81.48943471487074,41.63102576289549],[-81.48970530052722,41.630833481364583],[-81.489873590976416,41.630751071261074],[-81.490473381485117,41.630371928967499],[-81.490641549492508,41.630289517636555],[-81.490692796492439,41.630240029785199],[-81.491065753097686,41.629965341113291],[-81.491109723316811,41.62993786171603],[-81.491746044644231,41.629597104662274],[-81.491877760324073,41.629536643884485],[-81.492265364078094,41.629294943616408],[-81.492638390685499,41.629031145876034],[-81.492704286608671,41.628998167411211],[-81.492762734221728,41.628948737390907],[-81.493325922023672,41.628591617475706],[-81.493772101846616,41.628366232674033],[-81.494269544801341,41.628157379133363],[-81.494657249870016,41.627915577644707],[-81.494913111312599,41.62770127374538],[-81.49534471189699,41.62747044967562],[-81.495856835889526,41.627283502604797],[-81.495915285681193,41.627250553964849],[-81.496383427594381,41.627058119247629],[-81.496917377463035,41.626728396420219],[-81.497860720750197,41.626030570267559],[-81.498065544592748,41.625909705337001],[-81.498372671949511,41.625761284480539],[-81.498679910952305,41.625596378822124],[-81.499111441255621,41.625360044911979],[-81.49961613726812,41.625178606336291],[-81.49966007239415,41.625178595522733],[-81.499908789286721,41.625068615320174],[-81.500003871479322,41.625051931807938]]],[[[-81.643812318574334,41.536425300656617],[-81.643783115039255,41.536386854366732],[-81.643257343474787,41.535859543134748],[-81.641883045292303,41.536572819669921],[-81.642452614294427,41.537160552339614],[-81.643812318574334,41.536425300656617]]]]},"properties":{"NAME":"Cuyahoga"}},{"type":"Feature","geometry":{"type":"MultiPolygon","coordinates":[[[[-82.544011657777247,41.404726835311095],[-82.544536558948792,41.405023336355192],[-82.544915666690656,41.405210102001682],[-82.54528014811936,41.405380309199636],[-82.545644751035582,41.405550513591791],[-82.545929087673088,41.405660365452206],[-82.546235255590688,41.405737316580989],[-82.546519726483893,41.405792220376092],[-82.546993609214852,41.405863671942441],[-82.547314418479431,41.405902142070545],[-82.547482153539093,41.405907632063773],[-82.547868598696908,41.405924140477218],[-82.54831337108071,41.405913200805919],[-82.548677937506071,41.405874876043931],[-82.549006068828092,41.405803533452016],[-82.549283213592133,41.405721167088331],[-82.549604047620235,41.405589481827512],[-82.549844757965403,41.405474187687354],[-82.550129068040022,41.405325969180716],[-82.550428124754646,41.40513386563002],[-82.550697857912638,41.404936211763435],[-82.550924012074034,41.404722120961232],[-82.551142803367398,41.404475162149645],[-82.551332402159176,41.404228146254802],[-82.551463673417061,41.404008488380711],[-82.551536622169664,41.403816368802914],[-82.551624206391693,41.403525421434246],[-82.551697115557531,41.403135591252813],[-82.551711706470272,41.402954437039682],[-82.551675260088999,41.40273487942796],[-82.551609687762806,41.402427442764058],[-82.551522267431722,41.402141918343368],[-82.551427586398489,41.401933324357785],[-82.551303574517348,41.40171368651685],[-82.551208916792248,41.401576430138327],[-82.551026594030517,41.401268946076904],[-82.550960996047849,41.40118660272072],[-82.550771445846323,41.401032880858352],[-82.55034860796205,41.400686933790887],[-82.550057033327704,41.400478289806486],[-82.549838352849662,41.400351980899103],[-82.549284257515524,41.400044548076977],[-82.548781307121658,41.399769931275713],[-82.548540719799774,41.399632655620962],[-82.54856985451768,41.399605241414584],[-82.548562612482428,41.399572281968531],[-82.548518778364368,41.399544859200816],[-82.54848239084285,41.399533819610916],[-82.548438632479019,41.399544857129797],[-82.54838035215144,41.399594191138455],[-82.547775014710851,41.400181599211386],[-82.547505255877354,41.400423112199739],[-82.547082280479529,41.400862234547262],[-82.546637364000048,41.401339841479974],[-82.546287321114505,41.401702138571224],[-82.546418534941793,41.401757030947202],[-82.546265312871597,41.402015079199273],[-82.546061117651789,41.402267597261641],[-82.545061883219972,41.403464226714853],[-82.544332607239681,41.404337102893756],[-82.544011657777247,41.404726835311095]]],[[[-82.83717245928878,41.451113939938523],[-82.837128765926025,41.451114007471247],[-82.836960908073237,41.451185413046481],[-82.836661866206256,41.451278819312492],[-82.836085468878792,41.451394217335078],[-82.835808297401371,41.451482138157445],[-82.835655061852066,41.451575465842261],[-82.835582132294633,41.45164679519565],[-82.835574917215524,41.451866413110714],[-82.835589610086387,41.451992638096009],[-82.835626100943131,41.452064022246553],[-82.835750163357503,41.452201201330368],[-82.835896200216339,41.452311008195103],[-82.835961908322673,41.452327432903807],[-82.836027548511552,41.452332960084952],[-82.836085862946348,41.452316446763618],[-82.83614427565729,41.452277954553288],[-82.836224466890897,41.452162734469304],[-82.836384912789313,41.452036415037234],[-82.836727802885036,41.451816750363406],[-82.836895459097832,41.451657529250681],[-82.837070478981985,41.451470808705643],[-82.837172600285243,41.451322541873552],[-82.837223682508849,41.451223728652316],[-82.837238139158885,41.451163330331376],[-82.83717245928878,41.451113939938523]]],[[[-82.90326156782406,41.430138039969421],[-82.903384204110907,41.430176125878035],[-82.90342070529438,41.430176152315781],[-82.903426602076138,41.430136131555663],[-82.90326156782406,41.430138039969421]]],[[[-82.693935154900686,41.611009429776765],[-82.694191153486173,41.610981963192785],[-82.694483720955802,41.61093802446829],[-82.694725093053066,41.610927026570309],[-82.69495915069848,41.610916028749699],[-82.695317558162998,41.610937957639159],[-82.695610132588968,41.610937932740036],[-82.695917341858163,41.610970843332396],[-82.696173347716353,41.61098728900874],[-82.696385468554354,41.611009227798881],[-82.696773139872093,41.611058597321751],[-82.697036460624616,41.611075040344005],[-82.697153495117306,41.611096987068528],[-82.697336365955309,41.611151864552461],[-82.697548496973653,41.611217717900935],[-82.697767941631625,41.611278080490187],[-82.697950814679899,41.611338446574344],[-82.698243407857888,41.611415269165114],[-82.698382380420142,41.61140976425532],[-82.698616457813003,41.611481102760656],[-82.698952954330309,41.611623793650736],[-82.699421113711594,41.611771957403377],[-82.699874648995532,41.611931100211244],[-82.700394021049846,41.612106701516844],[-82.700949977128388,41.61231523309057],[-82.701264542422237,41.612468899180001],[-82.701644949162372,41.612655492746825],[-82.701996095191078,41.612825620431508],[-82.702274097232035,41.61299575766639],[-82.70263257575202,41.613215288587725],[-82.703100790941477,41.613484207947948],[-82.703473922709961,41.613764119383497],[-82.703751949668131,41.613989148782764],[-82.704008015501941,41.614153795538634],[-82.704329934437581,41.614378816399075],[-82.70460794756076,41.614543458158344],[-82.704776242307275,41.614713607256007],[-82.704907965795073,41.614889251856965],[-82.705061645335618,41.61509783006818],[-82.705120231167371,41.615300934747765],[-82.705127600622632,41.615465621047946],[-82.705120336744756,41.61561933066784],[-82.705061881328803,41.61581147609887],[-82.704952204896102,41.615954223914201],[-82.704835198675468,41.616053056177549],[-82.704732825556405,41.616162865033758],[-82.70472554105838,41.616256189172404],[-82.704674359657048,41.616327562307305],[-82.704593909394916,41.616371492367563],[-82.704411060106352,41.616448376758889],[-82.704323308607599,41.616536224486367],[-82.704118553628035,41.616739372377317],[-82.70398694071919,41.616920549819383],[-82.704016211212576,41.616953482603414],[-82.704118635518398,41.616997382723611],[-82.704001641827432,41.617145620308058],[-82.703855337430113,41.617134664582139],[-82.703482253145211,41.617079827661371],[-82.702955550439725,41.617014033698275],[-82.702911699628444,41.617145790297208],[-82.703065322274398,41.617167725309741],[-82.703394511351561,41.617206101709073],[-82.703394534913414,41.617282955845347],[-82.70362862206072,41.617299387963904],[-82.703643240262281,41.61726095859148],[-82.703899272571093,41.617277386680072],[-82.703877380838378,41.617447567190787],[-82.703760339528671,41.617447585826788],[-82.703379945160052,41.617414708060146],[-82.70290445681384,41.617387332976584],[-82.702802031044612,41.617337942166266],[-82.702677663480728,41.617299533694684],[-82.702516733622517,41.617305047136227],[-82.702480163103516,41.61732152127037],[-82.702472857667658,41.617354459834104],[-82.702502122784239,41.617370924267931],[-82.702560644995913,41.617376405206848],[-82.702597228454479,41.617403847695137],[-82.702670405203193,41.617491670119385],[-82.703072744984794,41.617524546960013],[-82.703409249295404,41.617557432607967],[-82.703694549952544,41.617595814926744],[-82.703899426273821,41.617765959331429],[-82.704045770405486,41.617897685740964],[-82.704272574714281,41.618007440517658],[-82.704455481745725,41.618095243758248],[-82.704616458109783,41.618226966973928],[-82.704762808379854,41.618369671556444],[-82.704901800516566,41.618380627306756],[-82.705070049783515,41.618380598741005],[-82.705209051198977,41.618419001994205],[-82.705391936508562,41.618435439157878],[-82.705538255292154,41.618479330304019],[-82.705662617384192,41.618490287654701],[-82.705852801124294,41.618457316575395],[-82.706013744923169,41.618484735761093],[-82.706138118623244,41.618528630038526],[-82.706277144168538,41.618632906862189],[-82.706482052070527,41.618863431697719],[-82.706613784766873,41.61902809518044],[-82.70681866908761,41.619192746492246],[-82.707052817291839,41.619368373131401],[-82.707389365520712,41.619511045316273],[-82.707777124263174,41.619670179143114],[-82.708296539957502,41.619790864020011],[-82.708567215656174,41.619840225606559],[-82.708793980859966,41.619834697360389],[-82.709137797947434,41.619862087775104],[-82.709371892685397,41.619900476435895],[-82.709708397115421,41.619938847802892],[-82.709905921952711,41.619993712191274],[-82.710081485651699,41.62000466198144],[-82.710235094152026,41.619988166452401],[-82.710381387446716,41.619971672101954],[-82.71052769469604,41.619993606376077],[-82.710659390212754,41.620064951500673],[-82.710776443644036,41.620103360257687],[-82.710981282496036,41.620158223500617],[-82.711134904382448,41.620180156520377],[-82.711456754888786,41.620163631699015],[-82.711793211327418,41.620086715675413],[-82.712107728165194,41.620026272484793],[-82.712436903520697,41.620042684235955],[-82.712707585371859,41.62012498433036],[-82.712853895373243,41.620157897569499],[-82.713022130365189,41.620141398032494],[-82.7131391394811,41.620070008838411],[-82.713270797660385,41.620048025742783],[-82.713417098503655,41.620058979149015],[-82.713490259918274,41.620091905183088],[-82.713607292591817,41.620080904262366],[-82.713724302963925,41.620015004509227],[-82.714111969289846,41.619971014566126],[-82.715465135316592,41.619817043643557],[-82.716196581083508,41.619756512843161],[-82.716774410614491,41.619685029534502],[-82.717110883602459,41.619679471816674],[-82.717425397231807,41.619640978395424],[-82.717791090135279,41.619553064518783],[-82.718083630300967,41.619454185197249],[-82.71845660192929,41.619294899167755],[-82.718771057425627,41.619141114517383],[-82.719085524493053,41.619014778584678],[-82.719495076855409,41.618882930964439],[-82.719699849669794,41.618811516728314],[-82.719846097623005,41.618723645511722],[-82.719948471492614,41.61866323352902],[-82.720028869221295,41.61853694741577],[-82.720167796215961,41.618438097568891],[-82.720350620613729,41.618361197235004],[-82.720489557672821,41.618284306661963],[-82.72064310962682,41.6181799629503],[-82.720789354902237,41.618092090476878],[-82.720950225909419,41.617998724486142],[-82.721169600789707,41.617883384867973],[-82.721388963693471,41.617746085112032],[-82.721535178919098,41.617603312354269],[-82.721717976720768,41.617482490367067],[-82.722032392619354,41.617284777292021],[-82.722346806644737,41.617087063291898],[-82.722639275879104,41.616889353770944],[-82.722814726445861,41.616713632263334],[-82.722990147060671,41.616483010942545],[-82.723194730149288,41.616076703353322],[-82.723253115441949,41.61583513051994],[-82.723216425278977,41.615610051182628],[-82.723143173643393,41.615401450662304],[-82.723069934203934,41.615214809812315],[-82.723047916967133,41.615072075896165],[-82.723062461645398,41.614912862888019],[-82.723055044053282,41.614715225372493],[-82.72298180609549,41.614528584034133],[-82.722908597208658,41.614396842438609],[-82.7229158626714,41.614303510826637],[-82.722959698118245,41.614210170147686],[-82.722945015866543,41.614105863937468],[-82.722791308517571,41.613886302136798],[-82.722754670630309,41.613754551273509],[-82.72274727448945,41.613595343198327],[-82.722798398263492,41.613452590659563],[-82.722849519018041,41.613304348061007],[-82.722871386881906,41.613161602643743],[-82.722863865844104,41.612760834364487],[-82.722863760901831,41.612557704273577],[-82.72294409647769,41.612332594130351],[-82.723009815395173,41.6121294475452],[-82.723017043785958,41.611964745573239],[-82.723031580197031,41.611789061756603],[-82.723119219595688,41.61154747948224],[-82.723301933617506,41.611300383009478],[-82.723477332677092,41.611053288025545],[-82.723543077785351,41.610905040980171],[-82.723564986984144,41.610844645269275],[-82.72352837833968,41.610767794529913],[-82.72348444746261,41.61067447566095],[-82.723506307569849,41.610520749874134],[-82.723593969766213,41.610328577105449],[-82.723769362476759,41.610075991431792],[-82.723878984455936,41.609922242718937],[-82.724003244732245,41.609790450073262],[-82.724207929808159,41.609614716028567],[-82.724427231938904,41.609422507671511],[-82.724580741197016,41.609285216540208],[-82.72478546197658,41.609180851550505],[-82.724990203031439,41.609114916338122],[-82.725553487085421,41.609383775060955],[-82.725846107960692,41.609531926037157],[-82.726409393481788,41.609795292500472],[-82.726431330856073,41.609789796374955],[-82.726636158302611,41.609877579949313],[-82.726892208918798,41.610014759164656],[-82.727367726412979,41.610256186182276],[-82.727433500522594,41.610173816844913],[-82.727206711823342,41.610053100593262],[-82.726870190135116,41.609877514395343],[-82.726504416129117,41.609701935464223],[-82.726526334849822,41.609663499098467],[-82.726167860660226,41.609460467144977],[-82.725845970614316,41.609284874636288],[-82.725780131275968,41.609251952490112],[-82.72569961640194,41.609131193868215],[-82.72570682025021,41.608933550865608],[-82.725823734185639,41.60875234781782],[-82.725955219102332,41.608472320074505],[-82.726167162037825,41.608214229838289],[-82.726320630877566,41.608016545868985],[-82.726518000396041,41.607857279491355],[-82.726751935391604,41.607698002367705],[-82.727256399812717,41.607434336467733],[-82.727512312508338,41.60734642195068],[-82.727665836141227,41.607253046676313],[-82.727841302170432,41.607165154820294],[-82.728060650128612,41.607082739846106],[-82.728184929278584,41.607005842593132],[-82.728375004045887,41.606890495362819],[-82.728565104210503,41.606819068193474],[-82.728850258554047,41.606720161934959],[-82.729098856185175,41.606637736202082],[-82.729471739752015,41.606494881401758],[-82.729895799944032,41.606330049310863],[-82.730312548292062,41.606170707936812],[-82.730707352008068,41.606005881844979],[-82.731262967968959,41.605725711332177],[-82.731591949631337,41.605560903061466],[-82.731825888841172,41.605440045385365],[-82.732264530619773,41.605225788448564],[-82.732600813307684,41.60504999437002],[-82.732863964874042,41.604874223828901],[-82.733192884350913,41.604627059322624],[-82.733485237025533,41.60437990626486],[-82.733646043820656,41.6042645594719],[-82.733843421765599,41.604160179886719],[-82.734018856863571,41.604050317481786],[-82.734260036584345,41.603836120349399],[-82.734501207356601,41.603610942473964],[-82.73470579389037,41.603358326640809],[-82.734895715805806,41.603050814877335],[-82.73493952083129,41.602946487824433],[-82.734975979101705,41.602792752719928],[-82.734990284386825,41.602326091344828],[-82.735033813522278,41.601820989024318],[-82.73501912041614,41.601722172999864],[-82.734975176951025,41.601623367472541],[-82.734901896706035,41.601398300835776],[-82.734755435030635,41.601090909388255],[-82.734587089299524,41.600860386695359],[-82.734352987892976,41.600712238205119],[-82.734140821031559,41.600558591679224],[-82.733797015254723,41.600383031117197],[-82.733533710392194,41.600300772706817],[-82.733146082546412,41.600202087157598],[-82.732824281935265,41.600125338366148],[-82.73254635634764,41.600048574126362],[-82.732297669930318,41.599955329666678],[-82.732019675845166,41.599774255433367],[-82.732056122630325,41.599598563297526],[-82.732077976777219,41.599472286143438],[-82.732048683397807,41.599406416529881],[-82.731946272569189,41.599351552239419],[-82.73182928021123,41.599362572663324],[-82.73174886099369,41.599390050294893],[-82.731697713293499,41.599450457582932],[-82.731675793851821,41.599477914975211],[-82.73169043325835,41.599499869802969],[-82.731748940406462,41.59951082958338],[-82.73180013505231,41.599521791882879],[-82.731800163919004,41.59956571166547],[-82.731785589410009,41.599642576344991],[-82.731770986030853,41.59967552122972],[-82.731705173518591,41.599675543839474],[-82.731551600101696,41.599659126635487],[-82.731544251657837,41.599604229473755],[-82.731178543470648,41.599478085999536],[-82.730783588220774,41.599357442997267],[-82.730768934540578,41.599313528629082],[-82.730666544699019,41.599291604156264],[-82.73046905949866,41.599220303258633],[-82.73041788590254,41.599242280498217],[-82.730388649943464,41.599264250175729],[-82.730300888504928,41.599247810659762],[-82.730169230196452,41.599198446928987],[-82.730059516620528,41.599160055534163],[-82.729964495749428,41.599225966857936],[-82.729613348663733,41.599006493495175],[-82.729218331517757,41.598798017349473],[-82.729028099106401,41.5986388797822],[-82.728713453508647,41.598331564119107],[-82.728501215826341,41.598073622939587],[-82.728201139683222,41.597689454353784],[-82.727813364736846,41.597393158650299],[-82.727520648850884,41.597085849763424],[-82.727198692140306,41.596789530082923],[-82.726803579247743,41.596443829695659],[-82.72621835954503,41.596125644522893],[-82.725823287487273,41.595829347060473],[-82.725523341693517,41.595626337953867],[-82.725545171676714,41.595456152274714],[-82.725683991942617,41.595269456265321],[-82.725662005481837,41.595192609509851],[-82.725581522284372,41.595121273097284],[-82.725617921307816,41.59486324844692],[-82.725354667650336,41.594857851857235],[-82.725362056275117,41.594978620715914],[-82.725325587026788,41.5951268530752],[-82.725018505132425,41.595198325680158],[-82.724821090341052,41.595236821724086],[-82.724747958035266,41.595225867884096],[-82.724696797436678,41.595269802508753],[-82.724704154256813,41.595341164915702],[-82.724601832752583,41.595429034101748],[-82.724353262726737,41.595522443101977],[-82.724031545952855,41.595582938799872],[-82.72370248275034,41.595588539930411],[-82.723424574634095,41.595539226847059],[-82.723168575187472,41.595440499273479],[-82.723007613748223,41.595297822774612],[-82.722948999316003,41.595105705732031],[-82.722970428899899,41.594249319047869],[-82.722802246012876,41.594254864168555],[-82.72274420293887,41.595028918682218],[-82.722576018001391,41.595034463469318],[-82.722576063139314,41.595111318032515],[-82.722780853104368,41.595177126166746],[-82.722795552788043,41.595303382416617],[-82.722671316865686,41.59543517395732],[-82.722451994271452,41.595528569131851],[-82.72218875714789,41.595556102757214],[-82.721801158315728,41.595501331486425],[-82.721142976096814,41.595413706616377],[-82.72069685690731,41.595320522607324],[-82.720360406029911,41.59518887585461],[-82.720236026098974,41.595068142540775],[-82.720119007409636,41.595035240651249],[-82.719972765747031,41.595051754046295],[-82.719775395979283,41.595178074980268],[-82.719563343895175,41.595200097325709],[-82.719205031722083,41.595205693987147],[-82.718919833354931,41.595189309531932],[-82.718649231302109,41.595118023952139],[-82.718393223341636,41.594986347739621],[-82.718181137133385,41.59494249211415],[-82.717837439925063,41.594926121731589],[-82.717493765210463,41.594953667195639],[-82.717223209959073,41.594970211968835],[-82.716996504992608,41.594937337410578],[-82.716872170100842,41.594893454926812],[-82.716696672278587,41.594898992895367],[-82.716484598259314,41.594877092507261],[-82.716243282357837,41.594871668478007],[-82.715548542853668,41.594767551734755],[-82.714802587208965,41.594597568542603],[-82.714356482187242,41.594504359256007],[-82.713742166785991,41.594356293972396],[-82.713464253821641,41.59426852884831],[-82.713186348876064,41.594197231875867],[-82.712886519205213,41.594153387565925],[-82.712572041295658,41.594054649808228],[-82.712491578469368,41.593994283180585],[-82.712381847244131,41.593890006506932],[-82.712279433476652,41.593796707230965],[-82.71219898763816,41.593774767685339],[-82.712060049629912,41.593769310593657],[-82.711899176747792,41.593769348035586],[-82.711855293072929,41.59374739975496],[-82.711818712587828,41.593703491313669],[-82.711811384028451,41.593665065713409],[-82.71183330502997,41.59362663334673],[-82.71186985077307,41.593588197586925],[-82.711891755507125,41.593511337916524],[-82.711935564827144,41.593357618561292],[-82.711950154744542,41.593275270963595],[-82.711935513819284,41.59323684706996],[-82.711898938208648,41.593203917880132],[-82.711891609666651,41.593165492283767],[-82.711913532776137,41.593132549512944],[-82.711950085158918,41.593110582565089],[-82.711957383569015,41.593077643184856],[-82.711957369650136,41.59304470550483],[-82.711942659229109,41.592841593210181],[-82.711584345114275,41.592814227856934],[-82.711474790551549,41.593127160908097],[-82.711335921998099,41.593286391320397],[-82.711065423399205,41.593429182361774],[-82.710612058837668,41.593434772900409],[-82.710092852546424,41.593363521265985],[-82.709778384697799,41.593270265322239],[-82.709346951767614,41.593259377252643],[-82.70879120899086,41.593248513014771],[-82.708462128927422,41.59318270445609],[-82.707942910936623,41.59306752602545],[-82.707877080209926,41.593012642840094],[-82.707928220974821,41.592886371686205],[-82.707869698806064,41.592820507831505],[-82.707789269367538,41.592836992429902],[-82.707635746119863,41.592935835386257],[-82.707540689892184,41.592946833033487],[-82.707445579374138,41.592804121447529],[-82.707394335267608,41.592639442910986],[-82.70734309721648,41.592491233188042],[-82.707306476210562,41.592321062192319],[-82.707321054489768,41.592189308684553],[-82.707379509887332,41.592068525984743],[-82.707386791215214,41.591980690773084],[-82.707262462529641,41.591920328835684],[-82.707145465369862,41.591914861503014],[-82.707057743673303,41.591986243102014],[-82.707035829853311,41.592052122603839],[-82.707079733641265,41.592139948111836],[-82.707167514803146,41.592238744496221],[-82.707167556885338,41.592359515978053],[-82.707189570246697,41.59257909631534],[-82.707072587146243,41.59261754580529],[-82.706823971440627,41.592623082193079],[-82.706553409519074,41.592601174023343],[-82.706246253331585,41.592480458838956],[-82.70596835816005,41.592392675251027],[-82.705624630316095,41.592233537650465],[-82.705368652584383,41.592079873370068],[-82.705156521433793,41.591838367160015],[-82.70490049993964,41.591536482283736],[-82.704673719172874,41.591201654238731],[-82.704520081897513,41.590932688921221],[-82.704585870467696,41.590866802574475],[-82.704615100192541,41.5908064119348],[-82.704600459105961,41.590751518255672],[-82.70451270408779,41.590718595238613],[-82.704212930691583,41.590790009782225],[-82.703459835792287,41.590960308815085],[-82.703613513861129,41.591382984703735],[-82.703635479325527,41.591481794241915],[-82.703094381052082,41.591487368545856],[-82.702962765261859,41.591498367979931],[-82.702545993263001,41.591575285536564],[-82.70251672332563,41.591498435331751],[-82.702465495811552,41.591344733812136],[-82.702567859768052,41.591322760106543],[-82.70287495894685,41.591284286494556],[-82.702882250960371,41.591212920422471],[-82.702648096276846,41.590614588065748],[-82.701960782815064,41.59069154381897],[-82.701880237460813,41.590268855233759],[-82.702106898414598,41.590224905582438],[-82.702282382419057,41.590208411077647],[-82.70238474466079,41.590186437529077],[-82.702421294192604,41.59014800482575],[-82.702421279126753,41.590093108698589],[-82.702326136166533,41.589774725210262],[-82.70225294637882,41.589516724159715],[-82.70193854317472,41.589555197172963],[-82.701879992154772,41.589346600291094],[-82.702435607847079,41.589017142376811],[-82.702771946829174,41.588989643883643],[-82.703071986649263,41.589878915440025],[-82.703372017505004,41.590707800412282],[-82.703781469222704,41.59062539134797],[-82.704227475150347,41.590526505964185],[-82.705134176328613,41.590548311921928],[-82.705148769148309,41.590449496365842],[-82.704329810489028,41.590416696850951],[-82.704242017857894,41.590257512524758],[-82.704154184343324,41.589961087800503],[-82.703956652724784,41.589598805445448],[-82.703824943497708,41.589280429092767],[-82.703773685651171,41.589027915084266],[-82.703751685342553,41.588808334052445],[-82.703693138919732,41.588632675761339],[-82.703576032653871,41.588231952557294],[-82.703546729564707,41.588039820701496],[-82.703502779263573,41.587765346933381],[-82.703371080927951,41.587463438857782],[-82.703224771477139,41.587199960198198],[-82.70302727859044,41.586925509996142],[-82.70285172684892,41.586667524953533],[-82.702698137170913,41.586502859778356],[-82.702434867042655,41.586310762661739],[-82.702259357952272,41.586195506678308],[-82.702069233718007,41.586107700622826],[-82.701981480421452,41.586052817189426],[-82.701827933504589,41.586036370432851],[-82.701623215841323,41.586058358019706],[-82.701462357438842,41.586041911802369],[-82.70134535996219,41.585992521582106],[-82.701162550452011,41.58591020260765],[-82.700987052927275,41.585827882346209],[-82.700891988017418,41.585767509448452],[-82.700775005043994,41.585773014789581],[-82.7006726396923,41.585756559606438],[-82.700519083068201,41.585696194162004],[-82.700343588239619,41.585619362521285],[-82.700153478662131,41.585575470178618],[-82.699970687280583,41.585559024665756],[-82.699802511322872,41.585509639336941],[-82.69957583993947,41.585443792145625],[-82.699188309113481,41.585345026222654],[-82.6988958356783,41.585279185551215],[-82.698669176592759,41.585262743088798],[-82.698435214263014,41.585284728309375],[-82.698076962362236,41.585334174888949],[-82.697711400601804,41.585394600352664],[-82.697550546864136,41.585389127833537],[-82.697272721092162,41.585444052976001],[-82.696907149650642,41.585460558937527],[-82.69659275645067,41.585466079534811],[-82.696336846290365,41.585422187194794],[-82.696051684770438,41.585345359298202],[-82.695788461136104,41.585284997558233],[-82.695547182454519,41.58528501904572],[-82.695262045604167,41.585350919159133],[-82.694779508103935,41.585482710147247],[-82.694384704317685,41.585598023453656],[-82.693909476198684,41.585740789412519],[-82.693719387859545,41.58582314746554],[-82.693624352936311,41.585932946548354],[-82.693551247147425,41.586004316707907],[-82.693390402382121,41.586075692914541],[-82.693171062498109,41.586130603995556],[-82.69282013644424,41.586366680413043],[-82.692630050233944,41.586492953545935],[-82.692359539883867,41.586657658508372],[-82.692103649580645,41.586805893139854],[-82.691942801206665,41.586877267292337],[-82.691840439771113,41.586893741857786],[-82.691708828055297,41.586877280248061],[-82.691533347024219,41.586866310425243],[-82.691401739980151,41.586893765364444],[-82.691292073415028,41.586976115168198],[-82.691153155459446,41.587014549415734],[-82.691036168616606,41.587014555145423],[-82.690897243580181,41.586981624118984],[-82.690692508047647,41.586888310196329],[-82.690443901710395,41.586778528976886],[-82.690275732759801,41.586767556909692],[-82.690092938728327,41.586734626734184],[-82.68987358621321,41.586696208061269],[-82.689610363690051,41.586652300944564],[-82.689376386856637,41.586591923394934],[-82.689237462361888,41.586542521517366],[-82.689113163939979,41.586531546298282],[-82.688966931041364,41.58652606122638],[-82.688842633743448,41.586531554552209],[-82.688711022069825,41.586493131047668],[-82.688528232138992,41.586504115279055],[-82.688301572687152,41.586520589919857],[-82.688111473572235,41.586580980179797],[-82.687870195574916,41.586701756938389],[-82.68769471933409,41.586773125422525],[-82.68759235786942,41.586811554639695],[-82.687511929359999,41.586806066480975],[-82.687446124416425,41.586806067628331],[-82.687387631819959,41.586822537452981],[-82.687299894310485,41.586882924612503],[-82.687219468529037,41.586948801205217],[-82.687058615467848,41.587053106158564],[-82.686875825665766,41.587124473481978],[-82.686576048810906,41.5872178001366],[-82.686312829673511,41.587311125745501],[-82.686027675385745,41.587442878132741],[-82.685830260430748,41.587547181516626],[-82.685713274003049,41.587640505199971],[-82.685618222706978,41.587744807958572],[-82.685559730244435,41.587865579447346],[-82.685530485354747,41.588030267775729],[-82.685508551780629,41.588167508038055],[-82.6855597371475,41.588354154754221],[-82.685581674824377,41.588502374201383],[-82.68554511756318,41.588645104076221],[-82.685457376660437,41.588765875496584],[-82.685296517311997,41.588968990885476],[-82.685150281012326,41.589194064515354],[-82.684967483862081,41.589408158568432],[-82.684835869391975,41.589622252618256],[-82.684682318127301,41.589891242429424],[-82.68455070170927,41.590231597090273],[-82.684492204970439,41.590478628912919],[-82.684389835068345,41.590764087522707],[-82.684309400964011,41.590989160580378],[-82.684236278972193,41.591115420742177],[-82.684141220346845,41.591219722173058],[-82.684031537246128,41.591302064913727],[-82.683841419572431,41.591411854444573],[-82.683541617530068,41.591571048289978],[-82.683110192213533,41.591812582757875],[-82.682795761280858,41.591999222352079],[-82.682532514118179,41.592196841613919],[-82.682291202815861,41.592377992062744],[-82.682057201451428,41.592586590229956],[-82.681976759730418,41.592745786287196],[-82.681830502815529,41.592992813843559],[-82.681742744661335,41.593223374316388],[-82.681647671814801,41.593492361676866],[-82.681530663841627,41.593695472962025],[-82.681391719309929,41.593865645724343],[-82.681245462937014,41.594008370032881],[-82.681150394806508,41.594123648094495],[-82.681033385641229,41.594299310830806],[-82.6809821877834,41.594491444849773],[-82.680872484961142,41.594760430894127],[-82.680835913307945,41.594919627813894],[-82.680777407385307,41.595012948617466],[-82.680660399819459,41.595117246134294],[-82.680441014547668,41.595232518258157],[-82.680199690238084,41.595353278547414],[-82.679877928582172,41.595435607222669],[-82.679629296667315,41.595463042773609],[-82.679395291101784,41.595474009772374],[-82.679139344820328,41.595517912677188],[-82.67885414425561,41.595600240515751],[-82.678444622464326,41.595737456067759],[-82.678020474601496,41.595863690017566],[-82.677727956088333,41.595967972982827],[-82.677574385777277,41.596000900093017],[-82.677376932497637,41.596094209479453],[-82.677208728366082,41.596198499830074],[-82.677055146092727,41.596330238989331],[-82.676945434138133,41.596511387574942],[-82.676835720315566,41.5967035152389],[-82.67676988851278,41.59684623976144],[-82.676733310302282,41.596967008089685],[-82.676747922449749,41.597082290710766],[-82.676777162269332,41.597181105650542],[-82.67688684108019,41.597301885012442],[-82.677018464487077,41.597373259531992],[-82.677164715748106,41.597428166178155],[-82.677325595378846,41.597461115300611],[-82.67758153859829,41.597532497958284],[-82.677830167277008,41.597625837947454],[-82.678108045643256,41.597746627270396],[-82.678371297178856,41.597889373404115],[-82.678641863281257,41.598026629785537],[-82.678810053378342,41.598114473249787],[-82.679014804229297,41.598257214498886],[-82.679219553400003,41.598432892957611],[-82.679321925035225,41.598564648810743],[-82.679424293798206,41.598740321330432],[-82.679504724022891,41.598915992607552],[-82.679592464582157,41.599135580958816],[-82.679650954984368,41.599333209365327],[-82.67968750567735,41.599541815808912],[-82.679672860854339,41.599805315566428],[-82.679650907061713,41.600008429405136],[-82.679607019881828,41.60012370860634],[-82.679504624282657,41.6002774118774],[-82.679446102997829,41.600491502911041],[-82.679438774414223,41.600700107045952],[-82.679453385587493,41.600908712338665],[-82.6794387465699,41.601078888922949],[-82.679446048992787,41.601227108300037],[-82.679497228156364,41.601419246731375],[-82.679563037836473,41.601561979573759],[-82.679621539094583,41.601638836898296],[-82.679680044679628,41.60165530868413],[-82.67973855254796,41.601638842889891],[-82.679797057048745,41.601671783392462],[-82.679811674874728,41.601803534327729],[-82.679797039274817,41.601935283792784],[-82.679687329571593,41.602067028425338],[-82.679621499088015,41.602209754410453],[-82.679628807514405,41.602281119473709],[-82.679760444116127,41.602352490890553],[-82.679877454509608,41.602418371843854],[-82.680009086760379,41.602566597255866],[-82.680060268790157,41.602758735409367],[-82.680104139359699,41.602923425233612],[-82.680074874111838,41.603104580326345],[-82.680045605968346,41.603329652127805],[-82.680052910231225,41.603477871417219],[-82.679957827457329,41.603582169010359],[-82.679818865132887,41.603653526787973],[-82.679731097897346,41.60371939742722],[-82.67970183988345,41.603774291830334],[-82.679679894289322,41.603845655370485],[-82.679555556378432,41.603944461523817],[-82.679540924181794,41.604015825418074],[-82.679562861565117,41.604065232875307],[-82.679621368963979,41.604087194286372],[-82.679738385347463,41.604109158662908],[-82.679789579222657,41.604131119617051],[-82.679782260878525,41.604202483909873],[-82.67984076453439,41.604284830694311],[-82.679943151619256,41.604345221258953],[-82.680045535831979,41.604455018037918],[-82.680111349713115,41.604603240110272],[-82.680147904194499,41.604833804594207],[-82.680118637105892,41.605036917990944],[-82.680118627821088,41.605190626475832],[-82.680067422593098,41.605338842910975],[-82.67999427514718,41.605498037425392],[-82.679899188073307,41.605624293270218],[-82.679847987679864,41.605684676184467],[-82.67972364844978,41.605756034528454],[-82.679643193291426,41.605805436671858],[-82.679657816495492,41.605871312484858],[-82.679665126275324,41.60593169832967],[-82.679621239632965,41.605986591928904],[-82.679445699260782,41.606107353576448],[-82.679328670277528,41.606211649403349],[-82.679292094649298,41.606299480797006],[-82.679262830408149,41.606420250104897],[-82.679240878759387,41.606557488569472],[-82.679211615937547,41.606656299510782],[-82.679226239336487,41.606716685781151],[-82.67929206177574,41.606755116529065],[-82.679365201324885,41.606749630942268],[-82.679431027329429,41.606738655329089],[-82.679474909293788,41.606760616030471],[-82.679460276890339,41.606826490291922],[-82.679379815980937,41.6069362776921],[-82.679357867950955,41.607024109888087],[-82.679365172590167,41.607155860367399],[-82.679306654233116,41.607249180141089],[-82.679189621848352,41.60736994455705],[-82.679079908371477,41.607419344645571],[-82.678992131705172,41.607534620931062],[-82.678984809341927,41.607644412232098],[-82.67891166282034,41.607726751778365],[-82.678780003400789,41.607814577396759],[-82.678633710626769,41.607962787418977],[-82.67858982091326,41.60802865977265],[-82.67861175772299,41.608094536139404],[-82.678670266724239,41.60813845637589],[-82.678787291017571,41.60814944256289],[-82.678955513032435,41.608171410785388],[-82.679101791297896,41.608215335865566],[-82.679160298732583,41.608286703786554],[-82.679233433308738,41.608374541250164],[-82.679284621481699,41.608522762900115],[-82.679335812976916,41.608627067841752],[-82.67937237941517,41.608687455280368],[-82.679445518120531,41.608725886340842],[-82.679569855173,41.608775299241024],[-82.679745390050769,41.608846672988953],[-82.679869724851315,41.608940002255437],[-82.679964801349726,41.609066267460648],[-82.680059877584043,41.609203511758992],[-82.680162265941206,41.609384673011874],[-82.680220771039075,41.609538384180766],[-82.680264652471266,41.609609750855398],[-82.680330475842851,41.609697587287883],[-82.680425556414775,41.609785425018956],[-82.680527952626932,41.609851304659045],[-82.680623033695355,41.609939142229784],[-82.680688856840135,41.610048936800574],[-82.680761991415679,41.610224606666463],[-82.680886323463326,41.610471643230667],[-82.680959457661586,41.610680250476513],[-82.681061849869351,41.610888858851681],[-82.681142301339335,41.611053549593663],[-82.681200809992603,41.611218239424979],[-82.681230062512995,41.611349990588543],[-82.681215427001916,41.611520167134792],[-82.681215421224934,41.611668385908459],[-82.681186157323381,41.611822093121368],[-82.681134949584063,41.611981289040067],[-82.681054484216716,41.61212401500493],[-82.680952076547641,41.612228312922532],[-82.680871612655935,41.612321632501597],[-82.680747259243162,41.612458866813427],[-82.680666793504784,41.612579634162799],[-82.680644844646025,41.612689424868428],[-82.680666777670496,41.612919988322808],[-82.680652141046409,41.613079185591545],[-82.680615559155996,41.61326582980297],[-82.680527774154314,41.613457961292781],[-82.680476563175375,41.613628136044674],[-82.680388779521252,41.613776350759068],[-82.680315627443193,41.613875159846963],[-82.680118119186986,41.614078264992607],[-82.6799571866121,41.614226475803591],[-82.679781625712025,41.614341748146352],[-82.679576804050029,41.614473487418145],[-82.679408558381184,41.614561311673441],[-82.67929883249495,41.614621691037343],[-82.679276884450587,41.614676585635131],[-82.679350030361917,41.614709527174448],[-82.679415863295674,41.614715020361352],[-82.67946706661823,41.614720512721441],[-82.67947437691339,41.614791877678705],[-82.67940122378117,41.614868727850165],[-82.679240292810491,41.614940083511655],[-82.679093993443345,41.614978502299913],[-82.67899158296855,41.615016923463813],[-82.678911116132355,41.61506632499303],[-82.678881849606498,41.615165135734145],[-82.678859893506996,41.615324332295032],[-82.678706263848213,41.615554885504388],[-82.678611164241019,41.615631733842342],[-82.678530698064534,41.61565917678147],[-82.678406340992865,41.615703085646047],[-82.678369760270783,41.615779937466144],[-82.678347807597518,41.615878748529916],[-82.678303911766392,41.615955599862446],[-82.678194174449771,41.616114790634256],[-82.678091756175817,41.616219085974684],[-82.678062489351873,41.616301427757179],[-82.678099058372453,41.61637279471784],[-82.678157574301508,41.616422204778047],[-82.678208776204187,41.616460635173645],[-82.678252663155121,41.616499065075537],[-82.678223398653273,41.61655395899308],[-82.678150243952999,41.616608850044237],[-82.678055143577041,41.616669229180978],[-82.678025878838241,41.616724123048463],[-82.678077077717759,41.616800980564889],[-82.678120963475763,41.616855879256967],[-82.678062435738823,41.616943708693697],[-82.677967329233482,41.617069962723569],[-82.677952691168869,41.617163284612168],[-82.677967312536381,41.617267587619786],[-82.678040457591024,41.617338957034875],[-82.678062395636672,41.617426791772921],[-82.678069702132589,41.617531094282576],[-82.678113571793148,41.617789107444828],[-82.678091614164458,41.617937324667977],[-82.678076972095738,41.618080052788258],[-82.677996496313071,41.618184349476522],[-82.67794528436275,41.618250221014598],[-82.677791662576453,41.618277658512156],[-82.677579520393536,41.618288622976728],[-82.677382007545759,41.618310567271358],[-82.677030871152468,41.618370926900106],[-82.67685530242511,41.618403851112411],[-82.676643150509364,41.618502647173557],[-82.676401732810191,41.618639867572782],[-82.676182260518402,41.618771599701091],[-82.675911563970118,41.619046056201469],[-82.675779864844856,41.619249159494842],[-82.675633542685475,41.619380896833967],[-82.675509159406687,41.619567531721742],[-82.675355515920018,41.619737695140145],[-82.675216490150262,41.620006672125932],[-82.675114048099886,41.620215266902598],[-82.675040872139434,41.620385437214466],[-82.674989638046142,41.620588546986362],[-82.674916462800994,41.620747738064253],[-82.674755483815403,41.621038670814343],[-82.674616461059955,41.621247261735185],[-82.674426229144359,41.621450357977892],[-82.674206729860401,41.621680898948419],[-82.674140877173841,41.621768725737503],[-82.67415549387853,41.621873029222257],[-82.674126222947677,41.621933411713599],[-82.674082318378709,41.622010261485649],[-82.674082284540887,41.622251803047938],[-82.674023702035299,41.62265802620918],[-82.673928557253831,41.62294347488848],[-82.673855381757861,41.623069727868057],[-82.67368709613055,41.623228908563725],[-82.673540757083288,41.623388091312805],[-82.673394414676793,41.623563742503933],[-82.673343184540613,41.623689997189118],[-82.673372424401862,41.623843708254704],[-82.673460198228909,41.623953509040867],[-82.673591869440074,41.624052335302288],[-82.673789387437395,41.624129210005421],[-82.673950335642076,41.624140205692512],[-82.674301504821955,41.624090834351925],[-82.67452830632206,41.624019491680578],[-82.674784377054991,41.623898745090045],[-82.675084347270698,41.623734085309778],[-82.675289206421866,41.623602353822683],[-82.675537955085346,41.623509052884359],[-82.675845228778101,41.623421245972928],[-82.676196397506175,41.62332246270104],[-82.67648903783892,41.623234652938805],[-82.67679631210062,41.62311390610158],[-82.676964583951005,41.623015106429925],[-82.677162121268395,41.622883371198775],[-82.677396238809621,41.622724190366561],[-82.677527938787648,41.622526574855002],[-82.67763037578257,41.622323467589062],[-82.677615758065926,41.622164268771144],[-82.677520661770842,41.622081918414693],[-82.677498722052732,41.621999573174854],[-82.67754262205581,41.621928211738236],[-82.677659679538593,41.62184038664325],[-82.677747474288878,41.621752559429332],[-82.677806009622927,41.62162630310614],[-82.67777675782709,41.621500040784682],[-82.677798713718587,41.621390250696422],[-82.677901141513246,41.621269486891116],[-82.678084038095434,41.621170686636447],[-82.678303513427096,41.621049930126283],[-82.678457147131795,41.62094563784175],[-82.678537623745143,41.620863299165535],[-82.678640050934376,41.620720576405361],[-82.678705901491611,41.620561382610042],[-82.678742489943133,41.620402187018648],[-82.678749823795911,41.620138687649472],[-82.678742526479908,41.619880676974972],[-82.67875716765802,41.619732459208713],[-82.67875717807037,41.619584240560648],[-82.678808394367749,41.619457983297899],[-82.678844983237397,41.619282318927198],[-82.678969351892292,41.619161555494308],[-82.679137615798879,41.618980409057954],[-82.679283928494726,41.61887062569695],[-82.679437555966743,41.61876084255082],[-82.679635072226361,41.618689488581644],[-82.679817958453711,41.618601664792983],[-82.679876486945346,41.618480897011665],[-82.679956959146566,41.618393067777276],[-82.680110583818418,41.618294262905707],[-82.680366624163668,41.618124098089744],[-82.68075433875363,41.617893553078339],[-82.681156681074469,41.617657517775079],[-82.681529758746095,41.617465396658552],[-82.682122288256181,41.617212896046247],[-82.682773333714309,41.616949414767646],[-82.68316103243032,41.616790226261735],[-82.683563359267865,41.616625547152729],[-82.683731604419279,41.616554185663681],[-82.683870589068789,41.616460865129852],[-82.684053463206084,41.616362055500737],[-82.684316800713049,41.616197371630072],[-82.684521617969864,41.616076603199097],[-82.684982454211138,41.615813107263754],[-82.68530430537119,41.615609994421845],[-82.685509118300658,41.615467265892491],[-82.685743188524995,41.615286109920781],[-82.685830961927707,41.61514338073863],[-82.685933365616791,41.615028099378968],[-82.686013824486963,41.614912817977078],[-82.686043078387186,41.614770088739903],[-82.686086961544333,41.614621869866177],[-82.686130844944842,41.614484630138811],[-82.686306385198009,41.614138785638197],[-82.686540435861389,41.613672169594885],[-82.686759868694352,41.613512969913231],[-82.686928099325996,41.613381218268273],[-82.687176790837512,41.613260444568134],[-82.68746205292824,41.613112221856618],[-82.687659541203629,41.613007916610222],[-82.687791197509895,41.612903612211859],[-82.687857021817777,41.612793819302922],[-82.687937475048258,41.612684026074596],[-82.688054503729361,41.612618148745646],[-82.688427535150112,41.612464432213343],[-82.688793247277161,41.612272287544371],[-82.689041932442933,41.612167978512097],[-82.689239417656353,41.612091118443317],[-82.689488096554356,41.611931912559236],[-82.689583178893315,41.611866034363651],[-82.689780661528872,41.611778194175187],[-82.689934263171253,41.611756230310434],[-82.690058602614926,41.611690350640863],[-82.690197571241754,41.611629959854611],[-82.690402371243934,41.611586035004322],[-82.690563284348173,41.611542111640816],[-82.690738820794664,41.611448781116053],[-82.690928984962312,41.611349960067351],[-82.691214232641755,41.61122368624833],[-82.691536056366871,41.61114132657751],[-82.691916398415245,41.611091900390115],[-82.692362574318466,41.611080896270977],[-82.692691721463305,41.611080876754727],[-82.693035498908159,41.611091834537191],[-82.693306127801151,41.611069858603024],[-82.693496299182783,41.611053377098486],[-82.693935154900686,41.611009429776765]]],[[[-82.830928419911231,41.455364170325801],[-82.830950364020424,41.455369675530996],[-82.831059781605404,41.455292814263807],[-82.831285940156889,41.455199412298086],[-82.831380784951548,41.455128006904225],[-82.831635977514296,41.454798606696009],[-82.831701607738893,41.454688845841929],[-82.831811103084036,41.454568028057352],[-82.832080958307145,41.454342875405928],[-82.83219770723484,41.454233110464507],[-82.832511327609623,41.454018968686093],[-82.833226244072236,41.453711420932578],[-82.833591036796491,41.45356311283853],[-82.83377340953183,41.453513638145459],[-82.834437275861802,41.453293905382985],[-82.834882346681312,41.453063248804852],[-82.834998979984761,41.453030313289958],[-82.835123130509942,41.453068683875522],[-82.835210644687848,41.453068728406663],[-82.835268938922056,41.453030238535142],[-82.835247099174182,41.452909531867931],[-82.83529815469268,41.452843595824831],[-82.835436688690351,41.452772210367648],[-82.835735887323523,41.452739242324583],[-82.835859821510894,41.452706279463655],[-82.83588897525928,41.452678792778137],[-82.835889040271368,41.452558006726875],[-82.835867070730004,41.452492155385073],[-82.835830551380909,41.452453737714855],[-82.835830508877592,41.452409783813913],[-82.835589727584221,41.452179353141389],[-82.835502041103865,41.45205852660078],[-82.835494819189819,41.452014687285072],[-82.835472889969992,41.45199269972526],[-82.835436324465761,41.45187195787156],[-82.835428961946931,41.451712739987286],[-82.835450806637027,41.451646819720295],[-82.835494611052795,41.451570010649363],[-82.835684252706628,41.451460159485002],[-82.835830085197301,41.451388747099998],[-82.836442875927688,41.451179996147403],[-82.836975441887191,41.45098774547197],[-82.837369392764984,41.450872375926046],[-82.837486162254763,41.450861413020348],[-82.83761021245779,41.451015073329714],[-82.837646674755092,41.451026019745527],[-82.837697791984027,41.451026013522878],[-82.837705057771757,41.450927179709126],[-82.837683065245812,41.45083935174474],[-82.83773415988361,41.450724055110207],[-82.837865446635007,41.450531907368834],[-82.838098775537716,41.450328761116673],[-82.838113252127741,41.450197026181101],[-82.838076731874978,41.450065295721686],[-82.837989108908303,41.44991708839953],[-82.837974564674539,41.449796265517364],[-82.837989148495396,41.449774325331767],[-82.838010936159947,41.449774337385712],[-82.838040153536554,41.449812781046596],[-82.838076665041456,41.449906051383792],[-82.838105847118598,41.44993900126272],[-82.838105869074838,41.449960978219238],[-82.838135135444361,41.449988432415743],[-82.838186217588742,41.45007624569719],[-82.838215414428831,41.450186025807568],[-82.838222801539629,41.450273816944737],[-82.838259351578785,41.450372670984287],[-82.838310403540916,41.450400047094277],[-82.838390680657255,41.450411013430426],[-82.838850161522245,41.450229740172276],[-82.838974231180458,41.450218749103762],[-82.839098276908118,41.450334037704316],[-82.839171272180238,41.450366917111573],[-82.839295328891524,41.45037240888027],[-82.839368246540843,41.450355930546223],[-82.839419340792318,41.450333946629591],[-82.839732954004049,41.450125279559565],[-82.839769406611154,41.450097765184104],[-82.839922593449884,41.449905625010729],[-82.840039296139125,41.449773785419666],[-82.840134028972386,41.449724441941015],[-82.840389451912316,41.449718823332191],[-82.840528054745036,41.449696879572969],[-82.840717689742178,41.44962539044603],[-82.840994904826601,41.449564928773491],[-82.841133440731781,41.449477143513292],[-82.841148069197345,41.449444123492761],[-82.841126154287807,41.449405743852374],[-82.841031264763799,41.449356372914686],[-82.841002117166653,41.449328917549551],[-82.841023942810978,41.449279479484467],[-82.841118755621309,41.449224549516721],[-82.841476177910835,41.449109210346343],[-82.841877421090459,41.449032259010934],[-82.842534033390464,41.449015615726971],[-82.842650782425224,41.449075984112895],[-82.842942811105573,41.44930638963514],[-82.843023051664531,41.449311859015211],[-82.843081412055099,41.44928444284384],[-82.843329287096367,41.44907573870637],[-82.843489866580839,41.449009844801168],[-82.843664940795364,41.448982358722411],[-82.843949448956536,41.448976716305289],[-82.844066141864445,41.449009702592804],[-82.844219483617579,41.449119381886462],[-82.844285156931988,41.44913039818406],[-82.844365421087133,41.449102900297902],[-82.844467426539978,41.448976606138253],[-82.844525771607408,41.448965582390642],[-82.844657173571917,41.449069848461136],[-82.844722796605609,41.44909176389681],[-82.844795819185038,41.449091763432413],[-82.844861467612333,41.449025859240628],[-82.844992692942753,41.448938006497478],[-82.845415764053541,41.448795121052342],[-82.846006639210501,41.448520468923121],[-82.846247249758946,41.448355739671612],[-82.846517076980518,41.44806471170083],[-82.846611786663217,41.44792195971506],[-82.846684684236862,41.447757220311672],[-82.846713598563625,41.44727415581616],[-82.846742759187734,41.447230273339066],[-82.846917763730417,41.447120368520835],[-82.847100035432362,41.446950179303535],[-82.847143831788074,41.446856792823844],[-82.847165604711265,41.446763489856131],[-82.847253140941177,41.44665913267476],[-82.847333269862318,41.446593264652257],[-82.847697964320105,41.446422936172929],[-82.848033474205934,41.446219749259299],[-82.848310637731416,41.446027497000898],[-82.848711613377546,41.445659596904953],[-82.848806450618412,41.445610154541939],[-82.849353428539132,41.445401402266342],[-82.84972555136639,41.445324441623939],[-82.850272586022882,41.445197918923363],[-82.850447599886962,41.445181412218325],[-82.850695725877372,41.445324055106475],[-82.850849066193007,41.44537887252369],[-82.850958472580658,41.445378823045409],[-82.851067902026756,41.445345897176814],[-82.851279394210422,41.445252511917822],[-82.851665773579825,41.444961396893056],[-82.851935676701146,41.444867970654258],[-82.8522347024212,41.444780019431498],[-82.852402569759832,41.444769029129425],[-82.85260676593127,41.444785375377982],[-82.852760038510027,41.444757866455689],[-82.852876703489713,41.444697440720915],[-82.852978785892105,41.444604103695397],[-82.853037147532618,41.444560199468086],[-82.85319027282398,41.444510715022233],[-82.853328878988293,41.444455789880834],[-82.853562120318202,41.444214153333469],[-82.853693333817517,41.444109807840618],[-82.853744349085204,41.44400549393486],[-82.853810020153603,41.443945078565612],[-82.854050655432502,41.44380771414599],[-82.854116227967282,41.443714424261955],[-82.854276618285269,41.443588080725341],[-82.854356880662252,41.443544092920071],[-82.85458294500306,41.443483612783439],[-82.854823622446929,41.443406683736711],[-82.854903896104659,41.443346302440361],[-82.854954835346746,41.443231000542923],[-82.855042302053803,41.443082773929191],[-82.85516617082618,41.442972870738906],[-82.855384980234902,41.442830091051427],[-82.855567326041154,41.442747706458611],[-82.856705117715165,41.442456247683978],[-82.85700413687384,41.442351891306956],[-82.85799595115131,41.441945234115678],[-82.858543013094121,41.441758324280443],[-82.858747182951717,41.441736289890343],[-82.858856648653116,41.441763703678227],[-82.858980726569754,41.441774668380106],[-82.859111898997298,41.441719676323494],[-82.859228596356658,41.441576918701415],[-82.860074586043766,41.441274651551801],[-82.860475681779533,41.441186649451808],[-82.860978919595212,41.441087625831898],[-82.861285338741041,41.441070957943396],[-82.861431274746352,41.441092915220892],[-82.861679385254206,41.441197074570503],[-82.861774217735586,41.441202474916743],[-82.862036699518796,41.441131032524559],[-82.86218985433112,41.441070547030357],[-82.862882794491952,41.440900079444781],[-82.863057874846888,41.440878058276532],[-82.863517446631064,41.440888806994934],[-82.864050010086615,41.440948990782587],[-82.864079122974275,41.440970856535564],[-82.864444020602633,41.441069514110623],[-82.864589919893575,41.441085973645535],[-82.865027543473431,41.441019881309181],[-82.865450585130361,41.440904394711964],[-82.865866393144202,41.440904134673382],[-82.866464557384106,41.440947840849653],[-82.867150368956786,41.441101178540912],[-82.867376617462128,41.441122995317805],[-82.86761002398228,41.441106415247091],[-82.86779967474331,41.441062443178943],[-82.868040326303401,41.440985487095183],[-82.868339214692568,41.440831564564547],[-82.868630871146266,41.440705140342359],[-82.869097529266128,41.440441485572741],[-82.869615269439393,41.440227078012526],[-82.870089366795781,41.440106060823346],[-82.870351934748996,41.440083957089897],[-82.870599972510021,41.440089380590933],[-82.87103039210038,41.440160470738732],[-82.871358782197973,41.440275552797104],[-82.874357612684264,41.440993042670392],[-82.875004281884202,41.441140269254213],[-82.875534564702733,41.441259068645223],[-82.876635733227047,41.441545094876346],[-82.87842990592398,41.442045510987157],[-82.878561118314636,41.442116955555207],[-82.878634002542327,41.442166384733049],[-82.879195625223446,41.442336810410538],[-82.879895738740245,41.442523794471342],[-82.880143701689249,41.44258432177309],[-82.880515661035886,41.442694251456743],[-82.880770967532584,41.442743758782633],[-82.880873025687734,41.442771272644215],[-82.881128413375393,41.442815283538138],[-82.88127428617716,41.442826408126173],[-82.88150778754715,41.442771608520253],[-82.881609939193709,41.442711211360894],[-82.881712105796339,41.442585062385703],[-82.881778071818303,41.442283147547457],[-82.88179998868911,41.442217307680657],[-82.881873063830056,41.442107577039323],[-82.882836786521707,41.441103460478345],[-82.883165238455291,41.440785178104747],[-82.883289385413875,41.440637050968299],[-82.883340461080735,41.440598655217777],[-82.883734792477696,41.440187060292075],[-82.883924575893033,41.439995073977954],[-82.884056019925808,41.439846916592515],[-82.88415086800336,41.43975358101261],[-82.884187337373191,41.439731636863506],[-82.885354549661372,41.439660808907341],[-82.885500461385476,41.439611490255565],[-82.885697530994278,41.439468830315541],[-82.888434694541658,41.437246738740591],[-82.88855874030574,41.437153550708089],[-82.888595246310302,41.437137098879383],[-82.888646189271654,41.437197510256091],[-82.88865352404224,41.437252332769326],[-82.888675306321289,41.437268818252228],[-82.888675345205002,41.437290794795537],[-82.888697207502332,41.437301784664314],[-82.888704424577938,41.437373182059858],[-82.888740845879767,41.437411584457031],[-82.888799126046067,41.437543391166962],[-82.888952104202346,41.437894765423913],[-82.889003130056565,41.437900232314156],[-82.889178237833846,41.437850879886021],[-82.889098138249935,41.437664218624313],[-82.889025257264208,41.437532471748462],[-82.888981658632233,41.437411682834593],[-82.888544586626224,41.436483839192036],[-82.888537324491523,41.436472789698193],[-82.888748936997573,41.436407076209917],[-82.888923914587465,41.436456533606858],[-82.889084367988545,41.436549913449149],[-82.889142692081961,41.436571833382608],[-82.889346879757397,41.436571992165163],[-82.889638799265143,41.436489735921974],[-82.889967062601642,41.436434983710917],[-82.890061895927943,41.436391092250403],[-82.890120307239613,41.436325281650909],[-82.890134991472152,41.43623740180329],[-82.890098530310212,41.436193506189895],[-82.890084012013787,41.436122138771943],[-82.890127780964463,41.436050804274231],[-82.890302843471432,41.435979473708976],[-82.890332048842254,41.435946568353444],[-82.890346732727224,41.435858688473488],[-82.890383237544668,41.435842236097081],[-82.890412321905984,41.435875264277321],[-82.890434259983607,41.435946599775868],[-82.890470644590735,41.435963115129852],[-82.890653006327184,41.43589175412864],[-82.890777122167549,41.4358918755239],[-82.890930197796479,41.435924846736178],[-82.891054191607381,41.435908396875945],[-82.891149066125152,41.435837122429483],[-82.89118565100776,41.435749242624155],[-82.891229458221801,41.435699884267379],[-82.891229418498526,41.435677907732604],[-82.891287907982402,41.435573635169654],[-82.891295170771158,41.435535235803087],[-82.891324415284785,41.435507823848788],[-82.89133171527719,41.4354748280943],[-82.891368262331866,41.435414510401465],[-82.891382784848531,41.435403553204594],[-82.891390164501061,41.435381544730596],[-82.891433848948665,41.435365064025866],[-82.89150677758424,41.435370619986607],[-82.89174016059961,41.435469552031194],[-82.891827649135124,41.435486037044768],[-82.891988186087232,41.43549159278119],[-82.892316481981254,41.435425844745403],[-82.892666680552779,41.435277771254356],[-82.893060560468882,41.435195539805193],[-82.893316007027565,41.435102345524228],[-82.893702704537091,41.434839008385893],[-82.894118481996273,41.434822614549134],[-82.894264376564209,41.434789768021318],[-82.894373806571053,41.434745902816424],[-82.894541639589534,41.434586776127198],[-82.894629206008148,41.434515439045761],[-82.894673048022469,41.434487965921292],[-82.894746054614146,41.434471541352124],[-82.894789741457373,41.434537473785412],[-82.894840805995344,41.43456491464989],[-82.894884529128475,41.434553926293709],[-82.895154529687289,41.434356456794333],[-82.895300498576631,41.434301540469583],[-82.895687110573405,41.434241306902777],[-82.895774638115839,41.434213923963924],[-82.895935125963419,41.434082207647869],[-82.896292648716681,41.433939586743186],[-82.896387515742845,41.433884790986056],[-82.896475040103539,41.433824441783862],[-82.896533438781134,41.433742055166832],[-82.896540816901592,41.433654294961038],[-82.896570055907148,41.433593915977426],[-82.896577350788874,41.433495078470713],[-82.896599329188248,41.43342374053401],[-82.896606663077009,41.433313913778996],[-82.896643196811382,41.433121821528303],[-82.896672474700225,41.433017577546174],[-82.896672507712907,41.432891298194711],[-82.896709125249814,41.432792517530665],[-82.896709159320338,41.43271559677617],[-82.896782121929363,41.432644318716335],[-82.897081308016851,41.432430330769911],[-82.897103355441615,41.432205241235877],[-82.897161716957697,41.432150416446653],[-82.897314821434648,41.4321229414317],[-82.897504474188494,41.432166919660375],[-82.897613901972989,41.432172500101629],[-82.897686785568411,41.43215607569654],[-82.89772332715097,41.432177990410331],[-82.897723292757703,41.432238428277607],[-82.897657556255822,41.43236462078319],[-82.897467720173509,41.432573203484374],[-82.897431302799319,41.432666486788229],[-82.897445828204795,41.432737853190794],[-82.897569776664525,41.432748868554441],[-82.897628178942966,41.432732412887802],[-82.897722959723865,41.432666538773745],[-82.897839797853308,41.432540313688477],[-82.897927351246636,41.432370166971801],[-82.897985821943607,41.432183566846547],[-82.898058782557285,41.432112288005477],[-82.898153684839855,41.432079377323227],[-82.898948735460081,41.431969788195062],[-82.899007101653751,41.431997286819175],[-82.899021667260328,41.432057663765363],[-82.89910919148835,41.432063154064622],[-82.899218613578356,41.432019284369026],[-82.899357237632387,41.431991865590071],[-82.899357271230912,41.431915034914617],[-82.899401030381313,41.431893055646292],[-82.900458659617954,41.431865947422686],[-82.901013000902552,41.431800312319155],[-82.901363085376531,41.431707067095168],[-82.90142878284405,41.431657703244305],[-82.901501815355076,41.431580836666541],[-82.901567536210592,41.43140519354376],[-82.9015821635587,41.431295426006969],[-82.901575016549899,41.430927606226504],[-82.901604323891419,41.430812371871191],[-82.90174296516571,41.430642188181949],[-82.901815881743673,41.430581896272322],[-82.901910846143451,41.430444679805298],[-82.901932664985949,41.430433690688908],[-82.901940040639531,41.430395288757417],[-82.901998434547039,41.430345865197097],[-82.9021224094828,41.430280045076522],[-82.902647500867531,41.430274692656447],[-82.902961125565113,41.430252841098145],[-82.903034154739771,41.430175973576617],[-82.903051843225839,41.430140464843127],[-82.900962791972631,41.43016459880824],[-82.892057295431215,41.430260379221423],[-82.882772483278785,41.430360782041312],[-82.875004280949355,41.43043380000487],[-82.87248738712492,41.43039963868776],[-82.867826712566824,41.430352637611456],[-82.863414044303042,41.430338272225143],[-82.859139919255426,41.430285253938919],[-82.854493836606323,41.430265156736738],[-82.849643503006547,41.430212005330517],[-82.847776311633069,41.430201643354025],[-82.847776237237667,41.430069895172409],[-82.847768556268051,41.42938370909738],[-82.847665325348643,41.427391050849444],[-82.847532546312365,41.424712213522966],[-82.84739978753079,41.422044354946046],[-82.847267030923788,41.419354537894478],[-82.847127029846931,41.416725107097783],[-82.846994326558885,41.414079204754692],[-82.846876200093774,41.411394870497773],[-82.846758090081678,41.408716024854655],[-82.846632752404787,41.406130502198536],[-82.846588390457654,41.404977717583662],[-82.846492744373435,41.403352849939736],[-82.846382441905604,41.401574279787681],[-82.846352801191657,41.400668518294424],[-82.846212875554627,41.397989675056209],[-82.846087576208319,41.395365719921195],[-82.845962358916097,41.392681332419983],[-82.84584455698942,41.390013361541875],[-82.845719527315254,41.387323405153744],[-82.845645759756991,41.385143973403203],[-82.84563099022445,41.384666364383484],[-82.845505995412069,41.381992871737339],[-82.845402854979625,41.3793578170948],[-82.845299619004109,41.37661848449185],[-82.845233710581013,41.375020256510979],[-82.845102865145805,41.37286299878479],[-82.844918582458718,41.368970736271763],[-82.84463843249479,41.362794601456393],[-82.844638420904502,41.362772641639395],[-82.844328720970537,41.355888485325004],[-82.844313389410559,41.354510592890115],[-82.844298014455987,41.353050355427214],[-82.844157678223738,41.349542520649251],[-82.843877377394264,41.343086788613306],[-82.843877359711144,41.343053850777608],[-82.843206565123324,41.327803830129056],[-82.842168086541164,41.304110871256817],[-82.841829379316763,41.296013745286054],[-82.841600965223805,41.290057540707785],[-82.841600932168717,41.2899861752825],[-82.841564541661469,41.289986184980471],[-82.84007979164852,41.289948143088964],[-82.750004230571406,41.288014107577581],[-82.742336103866322,41.287829386767463],[-82.735116280540737,41.287717299030199],[-82.725931275337899,41.287627505491926],[-82.699060499588583,41.287249346937053],[-82.676796918522342,41.287024592820323],[-82.661171045487208,41.286621483860841],[-82.650290392549508,41.28653075171912],[-82.642415557280984,41.286462131508252],[-82.630668734772314,41.286358493585681],[-82.625004192364528,41.286303271029567],[-82.623458501251676,41.286293197977948],[-82.6155832263387,41.286253445439954],[-82.612045975858805,41.286249607176451],[-82.607919273504237,41.286245843413695],[-82.606478200014905,41.286240921060738],[-82.605757664925676,41.28624119820212],[-82.600437353874653,41.286259576730352],[-82.596565378004939,41.286266303054546],[-82.592795290039987,41.286272873332756],[-82.586084803520521,41.286269004553773],[-82.585124080057867,41.286263715021732],[-82.581426758446042,41.286275392926392],[-82.577132593973232,41.286193705318318],[-82.566171577778277,41.286018997697113],[-82.55850760918463,41.285909263384944],[-82.550341448279184,41.285798976027351],[-82.542495541941051,41.285666204436531],[-82.535341069781978,41.28556050762645],[-82.527487873784224,41.285492595343641],[-82.519998606153422,41.285396827360309],[-82.512145483208513,41.285283923191407],[-82.504452840155551,41.285131945351523],[-82.500004154000052,41.285034870767426],[-82.499870733400954,41.285034941239097],[-82.496318912740264,41.284943452114355],[-82.493480376302259,41.284862482728343],[-82.490714632726821,41.284786899886321],[-82.486223947766348,41.284690041577555],[-82.48499391312815,41.284663111601205],[-82.482708520396514,41.284620135066781],[-82.479877247694205,41.284555361042628],[-82.477104210687742,41.28450147713567],[-82.474302053564259,41.284431065350937],[-82.471783765168098,41.284387949025479],[-82.46900345666235,41.284333871928069],[-82.466215869510677,41.284274239130795],[-82.463399171921978,41.284214545419943],[-82.461026452314869,41.284165668273069],[-82.458217040843778,41.284116826000272],[-82.455444021822643,41.284067908664518],[-82.452620053766253,41.284007950739813],[-82.449832482329199,41.283964389455441],[-82.447030353308321,41.283909780858075],[-82.444199112872042,41.283855105311602],[-82.442619732368243,41.283822259807692],[-82.441804569891545,41.283822300846204],[-82.44035620052729,41.283827849641284],[-82.438893273572575,41.283833380318718],[-82.437437623749389,41.283838892127569],[-82.435996529338198,41.283838895088991],[-82.434577268847391,41.283838880148693],[-82.433121615690467,41.283849826982056],[-82.431665961906262,41.283849774592483],[-82.430217585021197,41.283855194232395],[-82.428761928736321,41.283860594899387],[-82.427306272050018,41.283860486601121],[-82.425850612781232,41.283871340214766],[-82.424394952147097,41.283882175150268],[-82.423121248778088,41.283887522667492],[-82.421665585682476,41.28389832256628],[-82.420260872033779,41.283898130458702],[-82.418768817790635,41.28389790733064],[-82.417320431013749,41.283903162241529],[-82.415879324815535,41.283897419333137],[-82.414853079164146,41.283902718582937],[-82.411963581481544,41.28390213066379],[-82.409052241130595,41.283912444353646],[-82.406140894255984,41.283928173512422],[-82.40036185779492,41.283959421250678],[-82.39747961194395,41.283974937093724],[-82.394575527258127,41.283990371596126],[-82.391678717520008,41.284005734641468],[-82.388730918972001,41.284015527046527],[-82.386372592028138,41.284031022722928],[-82.383431907596915,41.284046231304927],[-82.380571274171231,41.284061409564671],[-82.377674265581916,41.284076493427271],[-82.375004115622971,41.284080625546423],[-82.342432016118295,41.284234773373065],[-82.342808134987962,41.294457719514938],[-82.344001153161358,41.321359924125993],[-82.345205483656585,41.353549299479504],[-82.3453822914677,41.35715636419642],[-82.346215483562034,41.375019998612295],[-82.34622108036848,41.375162234185609],[-82.346316960846252,41.377440642825313],[-82.346420146578097,41.379795888250555],[-82.34650144803031,41.382156608240116],[-82.346597363648783,41.384616129852638],[-82.346685926330522,41.386943883465932],[-82.346781817901004,41.389332025798112],[-82.346863168965086,41.391753122839958],[-82.346944537665607,41.394124831924572],[-82.347004093126671,41.396496583335207],[-82.347092894153946,41.398923259280302],[-82.347181705059896,41.401349934438919],[-82.34724857187102,41.40363386780836],[-82.347285590760762,41.40466053721066],[-82.34732281846405,41.406066034903311],[-82.347418937585701,41.408476232661329],[-82.347544196693448,41.410815046346997],[-82.347640335351954,41.413225241047165],[-82.347706751908817,41.414630726430381],[-82.347743620269355,41.415355428775761],[-82.347802647914946,41.416579737200301],[-82.347854338906117,41.41772169370018],[-82.347913374832203,41.418951491481543],[-82.347965027322616,41.420016583642969],[-82.348024123992531,41.421345204946626],[-82.348083133681399,41.422514608559524],[-82.348149439828049,41.423684009333044],[-82.348186528823319,41.424776555653537],[-82.348260218285418,41.426094189506216],[-82.348319256735053,41.427296532454996],[-82.348363699307995,41.428482408866657],[-82.348377088032606,41.428671679148451],[-82.348553415821357,41.428586661403664],[-82.348713841052586,41.428493274834885],[-82.348866958637416,41.428377929521695],[-82.349063845635072,41.428268059740169],[-82.349224291755135,41.428213104101609],[-82.349362873546454,41.42819109695094],[-82.34955250668996,41.428152601806431],[-82.349749434039381,41.42811410389163],[-82.349880711194373,41.428075627888447],[-82.34998279737637,41.428015200717219],[-82.350041116817735,41.427954788342646],[-82.350062960785806,41.42788889811662],[-82.350084801433027,41.427817517653267],[-82.350128521955412,41.427740639500158],[-82.350172268650311,41.427707683189539],[-82.350259781656277,41.427674711913525],[-82.350398358594518,41.427647213304382],[-82.350682819790848,41.427614173999253],[-82.3508651727157,41.42760313040278],[-82.351222590710421,41.427592025363531],[-82.351609182645504,41.427575418678416],[-82.351900954314019,41.427569824954489],[-82.352214598655806,41.42754775195592],[-82.352411532829095,41.427525720226839],[-82.352739747953578,41.427476189399698],[-82.353250310831541,41.427410120060578],[-82.353556655869937,41.427382555881486],[-82.353841128356777,41.427371469735519],[-82.354607034899061,41.4273711816993],[-82.355037401338137,41.427371017617666],[-82.355321869652002,41.427354437596534],[-82.355533401860029,41.427348865610398],[-82.355781398202666,41.427332298582861],[-82.356029394396884,41.427315731023846],[-82.356291971507972,41.427288176736383],[-82.356569137030732,41.427260616072367],[-82.356882777770451,41.427238530419601],[-82.357123471160691,41.427210982979652],[-82.357356877791403,41.427194418428805],[-82.357568397421531,41.427172372049178],[-82.357743453171935,41.427161320563243],[-82.357984169507546,41.42716671267344],[-82.358268651753463,41.427172086296245],[-82.35847290452611,41.427188472817107],[-82.358626077166292,41.427177429025718],[-82.358801116628356,41.427144415049156],[-82.359173073847174,41.427072886919547],[-82.359464801119657,41.427012371886661],[-82.359756556482779,41.426990287668609],[-82.359975376968691,41.426979214242948],[-82.360194209759172,41.426984611063759],[-82.360456808303141,41.426989988655542],[-82.360704834990429,41.427017332832243],[-82.361135248687319,41.427083028649761],[-82.361514615799535,41.427165215939212],[-82.361857507982677,41.427241927880864],[-82.362178526576827,41.427329628962845],[-82.36255062799232,41.427444757335834],[-82.362893553300722,41.427559897654724],[-82.363448060286316,41.427729842774646],[-82.363966098176718,41.427899801980516],[-82.363936422210173,41.427284911449718],[-82.363950703739775,41.426906079911838],[-82.363993836988826,41.426126449130919],[-82.364453365962191,41.426120746371986],[-82.364497140037017,41.426131706465334],[-82.364555479990869,41.426115208675846],[-82.364613779368099,41.426049298917796],[-82.364708504321285,41.425928469960702],[-82.364839658931913,41.425758211932056],[-82.364963559541962,41.425637369118391],[-82.365116631586588,41.425511022246759],[-82.365247857204636,41.425428607215608],[-82.365415552940576,41.425346174805895],[-82.365568678417688,41.425285709934087],[-82.365736387156701,41.425219747712681],[-82.365984330294552,41.425153746962579],[-82.36621041855966,41.425120697468756],[-82.366400068863186,41.425126096588976],[-82.366575131058298,41.42513150243893],[-82.366721002969697,41.425120451504199],[-82.367012746621583,41.425098349083072],[-82.367231549485851,41.425076281571265],[-82.367567076046029,41.425076117221963],[-82.367800461936568,41.425048551253546],[-82.367953603510216,41.425010044104802],[-82.368106720898169,41.424944085694648],[-82.368318146864155,41.424828686147471],[-82.368522282887994,41.424718780076859],[-82.368653526660594,41.424663812306974],[-82.368959787222366,41.424564834734731],[-82.369251453959805,41.424460373529236],[-82.369397269789815,41.424388926916201],[-82.369499282175511,41.424273580669876],[-82.369630455205183,41.42414174885775],[-82.369710634327689,41.424081315674741],[-82.369907476589418,41.423976901136726],[-82.370082441431919,41.423877987704437],[-82.370264654817248,41.423729658367527],[-82.370417686853671,41.423575853589355],[-82.370570698143837,41.423400087773274],[-82.370701837122269,41.423235313519605],[-82.370796531449386,41.423098009100976],[-82.370891195191902,41.422927763344262],[-82.370964017384267,41.422801450581211],[-82.371073323314789,41.422691589406824],[-82.371211803935282,41.422581712898499],[-82.371364881729178,41.422482809013019],[-82.371598185122238,41.422378372579203],[-82.371773148126479,41.42228494687356],[-82.371991852442775,41.422169536930056],[-82.372385512649174,41.421955210180798],[-82.372771884577176,41.421746378167406],[-82.373099932621926,41.421565028519474],[-82.373311353036655,41.421460603274866],[-82.373602973558889,41.421323194582328],[-82.373843573939808,41.421224244024806],[-82.374142518931066,41.421119772126723],[-82.374441468904337,41.421020790096399],[-82.374930014104294,41.420877784945205],[-82.37500412723189,41.420861312129617],[-82.375099711532172,41.420852111304278],[-82.375333083099264,41.420808248016094],[-82.375508176932385,41.420769944992578],[-82.375624994963829,41.420731617886133],[-82.375807262600489,41.420698723143751],[-82.375931363238109,41.420682286736273],[-82.37617205287836,41.420611041662831],[-82.376376368322937,41.420534286336341],[-82.37655149299782,41.420446530563524],[-82.376777739574948,41.420320421678348],[-82.376916341493597,41.420271113700778],[-82.377054944839657,41.420216220935131],[-82.377273849487537,41.420150458527168],[-82.377499919246802,41.420106678035438],[-82.377718786013801,41.42009577027855],[-82.377944950315268,41.420090449289823],[-82.378214809532835,41.420052087558787],[-82.378462768867351,41.420019301911367],[-82.378812938268595,41.419953584460657],[-82.379097420173224,41.419876853743773],[-82.379360138613663,41.419778225085885],[-82.379644635679213,41.419674020171264],[-82.379819753085528,41.419586259207918],[-82.380126164565667,41.419454677875507],[-82.380286808552285,41.419355920697647],[-82.380483711931944,41.419251683910154],[-82.380702621841976,41.419163936255053],[-82.380921534381457,41.41907069362837],[-82.381009010982524,41.419059735060721],[-82.381271668761869,41.41904892427209],[-82.381402959502907,41.419005012624204],[-82.381592651428619,41.418950220892022],[-82.381826014910189,41.41890093904],[-82.382095990034742,41.418857161580448],[-82.382205363454588,41.418846209172052],[-82.382424100714886,41.418840787643781],[-82.382905485039217,41.418841034846736],[-82.383029467695394,41.418813692725621],[-82.383211859674319,41.418753311503622],[-82.383401567662688,41.418665549664858],[-82.383605875202264,41.418577882087611],[-82.383824764354969,41.418512016667272],[-82.384050822333549,41.418468222683209],[-82.384313491921006,41.418429932426335],[-82.384568742495887,41.41839164082495],[-82.384758427880598,41.41833675393633],[-82.384867828333043,41.41827643832513],[-82.384977380546275,41.418155681339989],[-82.385057747017441,41.41801852204982],[-82.38513795750896,41.417941623877795],[-82.385262065816434,41.417897794377367],[-82.385393339783903,41.417875856403654],[-82.385728892675388,41.41781020327425],[-82.386006037771921,41.417766330354759],[-82.386224778391181,41.417750002738607],[-82.386735361115086,41.417728264496567],[-82.38688123768749,41.417695339925963],[-82.387019830904606,41.417635030535337],[-82.387143948330177,41.417569220936876],[-82.387246036109943,41.417525294625811],[-82.387435715756411,41.417475988011411],[-82.387690971365188,41.41741571152599],[-82.387931740159814,41.417371912653564],[-82.388281878221946,41.417317155225156],[-82.388653790152375,41.417267898558684],[-82.38879248534468,41.417234968233487],[-82.388974731314391,41.417213131289493],[-82.389098825800517,41.417185691283429],[-82.389149818604352,41.417147334483666],[-82.389215526851856,41.417108889984597],[-82.389252056864706,41.417037560711954],[-82.389295860537658,41.4170155940309],[-82.38940523710815,41.416988151340931],[-82.389521906698491,41.416977284072424],[-82.389660478624791,41.416949848699907],[-82.389762675663221,41.416922402351567],[-82.389966956819237,41.416856611830866],[-82.390185720665571,41.416779837046228],[-82.390338901473129,41.416730516514562],[-82.390623478604908,41.416642766950773],[-82.390922544694305,41.416533133697996],[-82.391002719527577,41.416516671366573],[-82.391097628609472,41.416461749431932],[-82.391221607832179,41.41642340963886],[-82.391367485752397,41.416379580516548],[-82.391506053153236,41.416357637502799],[-82.391630140074938,41.416341183888136],[-82.391826991881686,41.416291873418807],[-82.392016673620759,41.4162205813345],[-82.392199070186408,41.416116320067488],[-82.392410656594492,41.416023054417657],[-82.392782706543358,41.41590793901792],[-82.393198430224771,41.415787339347993],[-82.393373507292154,41.415721446240582],[-82.393461125300291,41.41564463271407],[-82.393526855872594,41.41554583610079],[-82.393599758662532,41.415463526113655],[-82.39367275900689,41.415430575308768],[-82.393782139479796,41.41538673504234],[-82.39386244466219,41.415342886746423],[-82.393949950747981,41.415244096211332],[-82.394022976931097,41.415145210891502],[-82.394125184181362,41.415084883674453],[-82.394285652178525,41.415046548690341],[-82.394446107284153,41.415035596061237],[-82.394584674721756,41.415008244963481],[-82.394723246501854,41.414964320078766],[-82.394832627577287,41.414914984318685],[-82.394927549858764,41.414816193178524],[-82.395007761326212,41.414700916741886],[-82.395095373932179,41.414629596541133],[-82.395212065303994,41.414547294831507],[-82.395292385301303,41.414453904801043],[-82.395365414506443,41.414349704241161],[-82.395452916992653,41.414250912608445],[-82.395540530713276,41.414168512983252],[-82.395679120439652,41.414075226319497],[-82.395825000135488,41.414003919091471],[-82.396000059427251,41.41397107931175],[-82.39613874560348,41.41393264585011],[-82.39627002742327,41.413861335113033],[-82.396343048487395,41.413768032956646],[-82.396437845217974,41.413674736595866],[-82.396518152421166,41.413614402937604],[-82.396678621232141,41.413553996572119],[-82.396780705831404,41.413488174004733],[-82.39691929035753,41.413400380422054],[-82.397072581340325,41.413340060689265],[-82.397313223784764,41.413252287973187],[-82.397677952222978,41.413131661292773],[-82.39794048830116,41.413043891454969],[-82.398042681052189,41.412999954391886],[-82.398349019431009,41.412879314728961],[-82.398618859161303,41.41276956664003],[-82.398918027283628,41.412615955590795],[-82.3989909128682,41.412555620411808],[-82.399115020573205,41.412451336640416],[-82.399187889760981,41.412434867469202],[-82.399326567332736,41.412413003892894],[-82.399443221264178,41.412413025820776],[-82.39964003565936,41.412418557537023],[-82.399785889819228,41.412396606086979],[-82.399888080483692,41.412358252004502],[-82.400026658309372,41.412270454798957],[-82.400150765460538,41.412160675426819],[-82.400260149283341,41.412072873018687],[-82.40042062586005,41.411968595465254],[-82.400610298333376,41.411853333471733],[-82.400727098898216,41.411765530383008],[-82.400807289862342,41.411672228162956],[-82.40090950822848,41.411540556392211],[-82.401033488062779,41.411447261125645],[-82.401186657238284,41.411364959449834],[-82.40125235239249,41.411326508298856],[-82.401383616887216,41.411277170000879],[-82.401492975191772,41.411260705186763],[-82.401682621894594,41.411222364778567],[-82.401930666251303,41.411140076891797],[-82.402185891563562,41.411046802008677],[-82.402477729584092,41.410942541523418],[-82.402638186468195,41.410887711662824],[-82.402784046753709,41.410832879446858],[-82.402878822141815,41.410761466007891],[-82.402944532095248,41.410668158770882],[-82.402959160747997,41.410552866018108],[-82.403017573712077,41.410454063162227],[-82.403046782540329,41.410399212228675],[-82.403119782818848,41.410333378549645],[-82.403229150452091,41.410272955971621],[-82.403411497878949,41.410223622714462],[-82.40361574066408,41.410168797712323],[-82.403849058538157,41.410102988795714],[-82.404031410420842,41.410031676502996],[-82.404250258893782,41.40993289623276],[-82.404418023042155,41.409823119752041],[-82.404651483910385,41.409658496499247],[-82.404899410319061,41.409526753192957],[-82.405096364950879,41.409422564077516],[-82.405461075286681,41.409219495673177],[-82.405650725709151,41.40912620372206],[-82.405847669898264,41.409049395903537],[-82.405986216152414,41.409027435932586],[-82.406124767805991,41.408989082293786],[-82.406394686842759,41.408928765723637],[-82.406591627212137,41.408862945700889],[-82.406766674541188,41.408791628365144],[-82.407123949623781,41.408632511628795],[-82.407408477050623,41.4084952710976],[-82.407678294080583,41.408336141796724],[-82.407948220195806,41.408215381989059],[-82.408261820697632,41.408061750370699],[-82.40856812187404,41.407908117211889],[-82.40889644125842,41.407716022257759],[-82.409173546290035,41.407573373801576],[-82.409654887519508,41.407320944108193],[-82.409895614665132,41.407200177287443],[-82.410158236850734,41.407074007353515],[-82.410420737274961,41.406942253738578],[-82.410646867305573,41.406827068763768],[-82.410923957120986,41.40672278777555],[-82.411047908483994,41.406662449175037],[-82.411113596743206,41.406596519996263],[-82.411201192409777,41.406453849316911],[-82.41128148660826,41.406322077010593],[-82.411376252369408,41.406217779770522],[-82.411493029506076,41.406118977097307],[-82.411616980634406,41.406047648876111],[-82.411799317199467,41.405937863029529],[-82.412025435792316,41.405850057957061],[-82.412215064578689,41.405773239056884],[-82.412411872186482,41.405685432765843],[-82.412696374527314,41.405570247662283],[-82.412951562937963,41.405465960563802],[-82.413236062124128,41.405361763188608],[-82.413520437680873,41.405268465574579],[-82.413834002911727,41.405169674305405],[-82.414132971156576,41.4050818704956],[-82.414300701649211,41.405016036170053],[-82.41452681492143,41.404911742766608],[-82.414731031826364,41.404845909534565],[-82.414986212168429,41.404763596087321],[-82.415190427680855,41.404703256571032],[-82.415409238891399,41.404626433738301],[-82.415613455518269,41.404538620926665],[-82.415788360079887,41.404483775255578],[-82.415992574273432,41.404417939835533],[-82.416153001927512,41.404379575183178],[-82.416320724153508,41.404352109515649],[-82.416451962195879,41.404308249017703],[-82.416532236323818,41.404258800830199],[-82.416576027583091,41.40417097999061],[-82.416597922191627,41.404127024539918],[-82.416641713585008,41.404033709164544],[-82.416736464591125,41.40397885827138],[-82.41692608262116,41.403891042780678],[-82.41712299772523,41.403797732655249],[-82.417392889599341,41.403655063313188],[-82.417735634930693,41.403479429212915],[-82.418005401954801,41.403353153429549],[-82.418216908170095,41.403265336242221],[-82.418333548629732,41.403204989895471],[-82.418450309400598,41.403111674896508],[-82.418574248353181,41.402985394286034],[-82.418705486002253,41.402859203679427],[-82.4188368411494,41.402716437872655],[-82.418931589023259,41.402628618162183],[-82.419084833180762,41.402568269939501],[-82.419216066100162,41.402496933821965],[-82.419354595814582,41.402431092111378],[-82.419515014634356,41.402376149307109],[-82.419719217873677,41.402343274497653],[-82.419879636001113,41.402310309233201],[-82.419981678763691,41.40226644476985],[-82.420105612872575,41.402206096677808],[-82.420215072110807,41.402118274456164],[-82.420302637720084,41.402041351155304],[-82.420433868187416,41.401970013683844],[-82.420645366537656,41.40189867567404],[-82.42084944780683,41.401838327829431],[-82.420973378793917,41.401827339355862],[-82.421133796902708,41.401794462426679],[-82.421294332306076,41.40175050473303],[-82.421396372913819,41.401690155517741],[-82.421527601015455,41.401596838793992],[-82.421629760309131,41.401514509866182],[-82.421746394333638,41.401454160149008],[-82.421884919014431,41.401382820955298],[-82.422023561013631,41.401311390071044],[-82.422176679756362,41.401262028317419],[-82.422293312965479,41.401207172566991],[-82.422402648429369,41.401135833325625],[-82.422482913426478,41.401069897577599],[-82.422584951635784,41.401004052828313],[-82.422709000206467,41.400938206013564],[-82.422869414072892,41.400877854176294],[-82.423073607310712,41.400811916432829],[-82.423292276185165,41.40074057494968],[-82.423503767727908,41.400680220809832],[-82.423634994029001,41.400652835830655],[-82.423751744216034,41.400630854146414],[-82.423875672451004,41.400586985608186],[-82.423963113205261,41.400532039108711],[-82.424021487300195,41.400471687606782],[-82.424101749533804,41.400367379262939],[-82.424189190136261,41.400285050113325],[-82.424254860065318,41.400246586214429],[-82.424386085139744,41.400219200396201],[-82.424553792655786,41.400191722975478],[-82.424670423311667,41.400158842894392],[-82.424794467234676,41.400109387350739],[-82.424925689068345,41.40004353938334],[-82.425071502790672,41.399955712617462],[-82.425210021713994,41.399900853030267],[-82.42536313088479,41.399829419047904],[-82.425603798079251,41.399637371749549],[-82.425705947650727,41.399538555785071],[-82.425815274601391,41.399445235359899],[-82.425990270113374,41.399324438979626],[-82.426165266930923,41.399225620361968],[-82.42639863584327,41.39908842683446],[-82.426632003905908,41.398973120815747],[-82.426916329084463,41.398841419356479],[-82.427149696451238,41.398737101319455],[-82.427412132141512,41.398649265977078],[-82.427689280732267,41.398566922110938],[-82.427944419538576,41.398490075059506],[-82.428112118923352,41.398429715565463],[-82.428265219262343,41.398325400829641],[-82.428447504430778,41.398210094789505],[-82.428607902450452,41.398122262594242],[-82.428804783118778,41.398018033985771],[-82.429008960730599,41.397935692451163],[-82.42915476799709,41.397891726606254],[-82.429351651158868,41.397831363055467],[-82.429563128737655,41.397781986988193],[-82.429781783808281,41.397738105916332],[-82.429949478285153,41.397683148242159],[-82.430088105972359,41.397617292402821],[-82.430226610455108,41.397529459876914],[-82.430401594920056,41.397425140446572],[-82.430503621708752,41.397375772345057],[-82.430613065113647,41.397342795463388],[-82.430722387294438,41.397287932007643],[-82.430824530546445,41.397222078633654],[-82.430919253000084,41.397128754829822],[-82.431035865511049,41.397051822345254],[-82.431174489793733,41.39698047072158],[-82.431400430032497,41.396892629910248],[-82.431597305098066,41.396815779072433],[-82.431903504688933,41.396711535851971],[-82.432173341450635,41.396623687594143],[-82.432494134226019,41.396541329255811],[-82.432720078370522,41.396491947392398],[-82.432968031128453,41.396442561173167],[-82.433223161649153,41.396409568538459],[-82.433478412345522,41.396371169400147],[-82.433675171545488,41.396332778037156],[-82.433879341959383,41.396272405985307],[-82.434061618045931,41.396190058215915],[-82.434207409206209,41.396096725608373],[-82.434324140156917,41.396041766356397],[-82.434484529372838,41.395975904108013],[-82.434571961880835,41.395953916709303],[-82.434776130219277,41.395893543085855],[-82.434987590850056,41.395816684671644],[-82.435155270189824,41.395728842569596],[-82.435330243624605,41.395624605823834],[-82.435541686022745,41.395476317930765],[-82.435687470811644,41.395371994486361],[-82.43581867553182,41.395322617819083],[-82.435993656681021,41.39526774051415],[-82.436212417471054,41.395229250313982],[-82.436372814858231,41.395212835945699],[-82.436511317134688,41.395179850913905],[-82.436627924072894,41.395113991905752],[-82.436773828613937,41.395020654609034],[-82.436912321061456,41.394943803173554],[-82.437101897019232,41.394905405572949],[-82.437247700227687,41.39489439657936],[-82.437349719966164,41.394861415938124],[-82.437437258517818,41.394790064470627],[-82.437583037197584,41.394680244169059],[-82.437758003292146,41.394581408237535],[-82.437918380829842,41.394499057776748],[-82.438056882728972,41.394466160952618],[-82.438261050052148,41.394438658139002],[-82.438414151709495,41.394433231077201],[-82.438538061841342,41.394411234922529],[-82.438640200152591,41.394372847206327],[-82.438800578708367,41.394306888965403],[-82.438975551326763,41.394241018176487],[-82.439150411942066,41.39420262109482],[-82.439361875724614,41.394180609628137],[-82.439646182074114,41.39415318253522],[-82.439843054772027,41.394136667138653],[-82.439937779394057,41.394109270006595],[-82.440083686803121,41.394048895534759],[-82.440280424327938,41.393982930442654],[-82.440499178313175,41.393939027689413],[-82.440819951775111,41.393873129811439],[-82.441096952909945,41.393823722467914],[-82.441293822632062,41.393796305652849],[-82.441585422324422,41.393774276874538],[-82.441877025613806,41.393757831895506],[-82.441979166169105,41.393741329151304],[-82.442022814296735,41.39371384990433],[-82.442482192938868,41.393587571685984],[-82.442496785190329,41.393587568862195],[-82.442613403624762,41.393587547703909],[-82.442730018373396,41.393571133001437],[-82.442832033124873,41.393538147526002],[-82.442934161702254,41.393483272544991],[-82.443043462800659,41.393417408545247],[-82.443174773412139,41.393362437512089],[-82.443356919290736,41.393307549122298],[-82.44347364508927,41.393269154204859],[-82.443604827589482,41.393192206222139],[-82.443779794134414,41.393131822658248],[-82.443976650542083,41.39307692880319],[-82.444173502583126,41.393011045632001],[-82.444450472870656,41.392895696345654],[-82.444618135613439,41.392818829580534],[-82.444836849378817,41.39268160232244],[-82.444975331303482,41.392621134701443],[-82.445084643475795,41.392593730209704],[-82.445194075232678,41.392571728552319],[-82.44531797923473,41.392544320670943],[-82.445427278536542,41.392489353359778],[-82.44551481337119,41.392439973794822],[-82.445616824881768,41.392406985864518],[-82.44574072838256,41.39237957752912],[-82.445872043180003,41.392346581393362],[-82.446010534073153,41.392308180536027],[-82.446163608019546,41.392247798269516],[-82.446207377285518,41.392231304925303],[-82.446294807138798,41.392225792131434],[-82.446418716810754,41.392220270969005],[-82.446557215959047,41.392203847405291],[-82.446681236234738,41.392176346503156],[-82.446768652572203,41.392137866420605],[-82.446899821838443,41.392039026812988],[-82.447023811832807,41.391929288328434],[-82.447191444025592,41.391791978476952],[-82.447366375977026,41.391665655639201],[-82.447519437941153,41.391583293632316],[-82.447687095901856,41.391511916915206],[-82.447789231025965,41.391490004585556],[-82.447891235203898,41.391446025673986],[-82.448080775318758,41.391363654145934],[-82.448263016732369,41.391275789599668],[-82.448474445793849,41.391198906575767],[-82.448707644695844,41.391127513738248],[-82.448875307379836,41.391072618755501],[-82.448992018547429,41.391017734808024],[-82.449181560864574,41.390946350446413],[-82.449429347233263,41.39086945798784],[-82.449815750772899,41.390787034924124],[-82.450129200421529,41.390715618524709],[-82.45039887973374,41.390655201733551],[-82.450588429636497,41.3906057929916],[-82.450770668055569,41.390523418971497],[-82.450901838253969,41.390446552786798],[-82.45101124621425,41.390386084211421],[-82.451142423651476,41.390325701205988],[-82.451310082170167,41.390270802677335],[-82.451477741028867,41.390221308338866],[-82.451689173376735,41.39016639734777],[-82.45184223158796,41.390095018587175],[-82.451958810888371,41.390023649700524],[-82.452104572759396,41.389952272607019],[-82.452257638780296,41.389902781178513],[-82.452396131415739,41.389886350574287],[-82.452483674377405,41.389875337070812],[-82.452600266191808,41.389831439948651],[-82.452716961747029,41.389759978739299],[-82.452789768162447,41.389694115864877],[-82.452913744443663,41.389589775548018],[-82.453074065217535,41.389457953781381],[-82.453219819043753,41.389375586319886],[-82.453387464972806,41.389304201325203],[-82.453657112040602,41.389194416611318],[-82.453970646566887,41.389079032380316],[-82.454225704233338,41.388980149532017],[-82.454582892651985,41.388864842231889],[-82.45494008071168,41.38875493825153],[-82.455428452289794,41.388612117678186],[-82.455785648506776,41.388518784549177],[-82.456018835679245,41.388458365845089],[-82.456142832627222,41.388408876820392],[-82.456215637097657,41.38834850628097],[-82.456222883181781,41.388255187907276],[-82.45621565478406,41.388156378112782],[-82.456244809546277,41.38810691865848],[-82.456346807699347,41.388068516799876],[-82.456463400791279,41.388041009156915],[-82.456638356628261,41.388008078478201],[-82.456791414609441,41.387958581018118],[-82.457017419841293,41.387892666621354],[-82.457265175881474,41.387799273848778],[-82.457447391708001,41.387705900326942],[-82.457564070742393,41.387618040846426],[-82.457702486715789,41.387475320901494],[-82.45781915868406,41.387376472212559],[-82.457964905037755,41.387299593244677],[-82.458125241844996,41.387222709278866],[-82.458343941388605,41.387145805732239],[-82.458555241575425,41.387096378101489],[-82.458730195043088,41.387068848656781],[-82.458890553124888,41.387030424954119],[-82.459043600587506,41.386969935541686],[-82.459196636684965,41.38688755807167],[-82.4593060526866,41.386860138544684],[-82.459415343727244,41.386827135906074],[-82.459590274978552,41.386761233864931],[-82.459816269924175,41.386689819480871],[-82.460093192032687,41.386585421595029],[-82.460428460910592,41.386453620290055],[-82.4607199498585,41.386310844510959],[-82.460880386924202,41.386211977290358],[-82.461047992365252,41.386102119824741],[-82.461171863339743,41.386052716932078],[-82.46133949930362,41.385997713614152],[-82.461623724831554,41.38592078138592],[-82.461908072378321,41.385849431202296],[-82.462104763842248,41.38579441718209],[-82.462294298873147,41.385766966376416],[-82.462549373693832,41.385750391188289],[-82.46264419916929,41.385733962387292],[-82.462906534739417,41.385668023084847],[-82.463241809065067,41.385591066314682],[-82.463584366998205,41.385503116496523],[-82.463970693903931,41.385420642923883],[-82.464291370661101,41.385343778000092],[-82.464444403152754,41.385294268926565],[-82.464713992730992,41.385189950040413],[-82.46500558118872,41.385085530071599],[-82.465224135532736,41.38502509608152],[-82.465420939475109,41.384986556890546],[-82.465595878081885,41.384970094264013],[-82.465741636160274,41.384953553131737],[-82.465865508158558,41.384931616234034],[-82.465974895528063,41.384893110019064],[-82.466222588433709,41.384788705760052],[-82.466535909502397,41.38465689118928],[-82.466885686499126,41.384508576862508],[-82.467220905286624,41.384404133566946],[-82.467548838561228,41.384310771364113],[-82.467767507354466,41.384261229298765],[-82.468080878882091,41.3842062432443],[-82.46831403535063,41.384178763465904],[-82.468525426083303,41.384151201075838],[-82.46872225303683,41.384151207268772],[-82.468882592731532,41.384134655396998],[-82.469050228476746,41.384118190148094],[-82.469203250228759,41.384074168389091],[-82.469480127412226,41.383997216206552],[-82.469815352308714,41.38391474289589],[-82.470121415596552,41.38384885524205],[-82.470376567790822,41.383821269730475],[-82.470493123290581,41.383782847158002],[-82.470660704078156,41.383705939762287],[-82.470821026688313,41.383672901542582],[-82.470995949018473,41.383650935552872],[-82.471149010934028,41.383656361828891],[-82.47130204863015,41.383634315301741],[-82.471506012943706,41.383595853154112],[-82.471717371149524,41.383535407679261],[-82.471943292723708,41.383447482480854],[-82.472125444320199,41.383354082680789],[-82.472227365528681,41.383266214500289],[-82.472358552877949,41.383145364001393],[-82.472438571788558,41.383035527802022],[-82.472504084717059,41.382881830778061],[-82.472496731739042,41.382815900006179],[-82.472416491511098,41.382673168617657],[-82.472409245620668,41.382590842816093],[-82.472409115566833,41.382442580971485],[-82.472438173409458,41.382305384597643],[-82.472511017497112,41.382195550300494],[-82.472583774108699,41.382124089046208],[-82.472714918629237,41.382091152032672],[-82.472816999812267,41.382052642499666],[-82.472875314298918,41.382008749016286],[-82.472962697708795,41.381981236783105],[-82.472991903014389,41.38201419010133],[-82.473035566905253,41.382036149039905],[-82.47308664925481,41.38206359749595],[-82.473152309731191,41.382080050009783],[-82.473188697443121,41.382123900333831],[-82.473210633649117,41.38218432960236],[-82.473239881628871,41.382266643410233],[-82.473276333872846,41.382381922358547],[-82.473283719925803,41.382486224578983],[-82.473261912225681,41.382568652636571],[-82.473218170865664,41.382596055886609],[-82.473174406763775,41.382596076606838],[-82.473086988218185,41.38258512743996],[-82.472963099642911,41.382574195407074],[-82.472868397021386,41.382574238541238],[-82.472759001607855,41.382590773526182],[-82.472649728573543,41.382612711344017],[-82.472635204429096,41.382684146868755],[-82.472649883885509,41.382788445757988],[-82.47266445869559,41.382909229726458],[-82.472700956451177,41.382942089654541],[-82.472868693949962,41.383046408098778],[-82.472941529849834,41.383062858806746],[-82.473101859788343,41.383040806510394],[-82.473327828269319,41.383007823871104],[-82.473575552212296,41.38296924734459],[-82.473837851117594,41.382914269834131],[-82.474151294520055,41.382820894117899],[-82.474464625945942,41.382738418116155],[-82.474668561521824,41.38267247806111],[-82.474872611368056,41.382601041634452],[-82.475091277528904,41.38256247473489],[-82.475302537179786,41.382529497120473],[-82.475455678425192,41.382491050312396],[-82.475659606100905,41.382419524101891],[-82.475841783313342,41.382359085932535],[-82.476053121161371,41.382282149497101],[-82.476184270681102,41.382254703230963],[-82.476388329689058,41.382194253385194],[-82.476672506619437,41.38213916894253],[-82.47696396924573,41.382073181234233],[-82.477306500540593,41.382018155968048],[-82.477510585269144,41.381985176817324],[-82.477612556419629,41.381957653872249],[-82.477736505205087,41.381902735712558],[-82.477860339614594,41.381853313471119],[-82.477962305460267,41.381820295761756],[-82.478108053379742,41.38180382903235],[-82.478268392667985,41.381792759068325],[-82.478428711007169,41.381759710933203],[-82.478596314940219,41.381715759891755],[-82.478742055693047,41.381693707896652],[-82.478909691309951,41.381682723386177],[-82.479172137442731,41.381660610160075],[-82.47929600347419,41.381644153487969],[-82.479434418495302,41.381589137594069],[-82.479558279235775,41.381567186185102],[-82.479791530087169,41.381523199110859],[-82.480002803819147,41.381506607097208],[-82.48017043796078,41.381495530875483],[-82.480352678564216,41.381501020177126],[-82.480461965386695,41.381495469045298],[-82.480571344931192,41.381462443869673],[-82.480658735369587,41.381440510837969],[-82.480768027664482,41.381440453926068],[-82.480877434175397,41.381434900898185],[-82.480993988342291,41.381401873003391],[-82.481139715683014,41.381363424894012],[-82.481263560621386,41.38132498841091],[-82.481380250567952,41.381308442071436],[-82.481584236610232,41.381297345856005],[-82.481839392617246,41.381275321148095],[-82.481999733631213,41.381264246486211],[-82.482152766252909,41.38123678222604],[-82.482400512481419,41.381220166346885],[-82.482590021632205,41.381198176068864],[-82.48284503497743,41.381154082963768],[-82.483019961494989,41.381137594563562],[-82.483260533864581,41.381120979508381],[-82.483603005037196,41.381120883705556],[-82.483843594748095,41.381120750952242],[-82.484011227793772,41.381104265269691],[-82.484186119635211,41.381054718425176],[-82.484368199398091,41.381016247768038],[-82.484565001986965,41.380994160427427],[-82.484769129084555,41.380999631025674],[-82.485097159927051,41.381026920180119],[-82.485497997955108,41.381037684934746],[-82.48578954406598,41.381048599790454],[-82.4860154284723,41.381048472833264],[-82.486175778134481,41.38104288738193],[-82.486307049351197,41.381015429271208],[-82.486467359096821,41.380971382244944],[-82.486642230848958,41.380899944310727],[-82.486809848405954,41.38086697159607],[-82.486999256188696,41.380861369674193],[-82.487079516960947,41.380883300638487],[-82.487217995720528,41.380888715578443],[-82.487414814128542,41.380877702806558],[-82.487582333657841,41.380866618397754],[-82.487655277271728,41.380866575462072],[-82.487844863638145,41.380915915261362],[-82.48798336059626,41.380937812714841],[-82.488107245599593,41.380937740845937],[-82.48820923581664,41.380926692935695],[-82.488362236178318,41.380866254574777],[-82.488529836969278,41.380816796250635],[-82.488712038259038,41.380778317901772],[-82.488894261053161,41.380761727049254],[-82.48905462432613,41.380767126865273],[-82.489214999583581,41.380783515373686],[-82.489426334264905,41.38081635779055],[-82.489623200038437,41.380849207116292],[-82.489958525371918,41.380865580291932],[-82.490162554997383,41.380887436979798],[-82.490534351862706,41.380903696336098],[-82.490898725509737,41.380909061768619],[-82.491080974365133,41.380914445507358],[-82.491270536117497,41.38093630780326],[-82.491416337150355,41.38096369135026],[-82.491620411617646,41.381024006725916],[-82.491766219317242,41.381056884294921],[-82.491904708220815,41.381067788461841],[-82.49202142090239,41.38106771569295],[-82.492239999803829,41.381051098730282],[-82.492538808655951,41.381023532172684],[-82.492742930587411,41.381017910818962],[-82.49296883747985,41.381028850226109],[-82.493121935015211,41.381056227123608],[-82.493267750635951,41.381094597331661],[-82.493406294808835,41.381154859705937],[-82.493566668912436,41.381165748084577],[-82.49373431477072,41.381154743890832],[-82.493967610096561,41.381143607431724],[-82.494178946254365,41.381170947186412],[-82.494404991541131,41.381198275629593],[-82.494609004112846,41.381198237184556],[-82.494900556761507,41.381203546132667],[-82.495082822351577,41.381219912764294],[-82.495243210568574,41.381241787789342],[-82.495396285109038,41.381247184046934],[-82.495549348981129,41.381241681286689],[-82.495695077628,41.381203126449776],[-82.495884589040642,41.381175621664227],[-82.496066835933348,41.381175503498625],[-82.49619804612621,41.381197396416809],[-82.496343865214968,41.381235762866801],[-82.496511494451013,41.381312577258043],[-82.496657338049005,41.38137283099978],[-82.496759476757163,41.381383752187418],[-82.496868766637633,41.381372782315495],[-82.497014508305966,41.381345214741202],[-82.497102025000856,41.381328673178423],[-82.497160295722949,41.381356108013406],[-82.497196808506473,41.381389050289314],[-82.497204192873625,41.381465877424027],[-82.497211446689249,41.381531807298288],[-82.497262516262296,41.381537267660839],[-82.497313539900716,41.381504266978709],[-82.497342672800158,41.38146578646645],[-82.49740815515338,41.381421878738571],[-82.497473774640909,41.381394362667287],[-82.497553896837331,41.381394310501477],[-82.497612274235252,41.381410754689838],[-82.497656082019859,41.381443691928119],[-82.49770708480645,41.381493109103097],[-82.497743635522411,41.381558927742091],[-82.497750976458718,41.381597383860715],[-82.497780042429426,41.381602860248528],[-82.497816502866101,41.381591846876915],[-82.497874809877842,41.381547942238527],[-82.497933094912398,41.38148746423434],[-82.498020474332364,41.381454530302193],[-82.498107997673145,41.38144348242384],[-82.498210017418415,41.381454403904428],[-82.498297454414995,41.3814708295915],[-82.498355832126293,41.381487273404602],[-82.498377780748513,41.3815421128445],[-82.498385029124293,41.381602548192298],[-82.498414248014257,41.381635495013896],[-82.498450728372447,41.381640964735915],[-82.498487162087685,41.381607973438122],[-82.498530877171987,41.3815639883233],[-82.498603660306458,41.381525569423104],[-82.498720256409655,41.381525491689608],[-82.498807826603056,41.381552904290167],[-82.498858830427224,41.381602320943735],[-82.498924534609301,41.381646141596057],[-82.498968309774185,41.381651606182082],[-82.499019240010981,41.381640584044398],[-82.499041092754567,41.381613187010295],[-82.499099383524893,41.381558202871467],[-82.499157703153855,41.381525286466641],[-82.499215941445357,41.381525248114933],[-82.499354435245408,41.381536143625738],[-82.499536690745174,41.381541514484461],[-82.49975541317373,41.381541365508205],[-82.499966750533417,41.381563290467774],[-82.500004162114521,41.38156326462245],[-82.500027003754255,41.381563166367975],[-82.500413411892012,41.381574431013426],[-82.500828870655909,41.381580091029633],[-82.501215150538727,41.381585770052155],[-82.501492140623398,41.381602422212772],[-82.501674288113335,41.381613466033727],[-82.502067868466426,41.381718039605623],[-82.502381154820128,41.381784027501041],[-82.50258523139739,41.381828111499544],[-82.502716454890034,41.381855582065995],[-82.502898619604991,41.381877703240441],[-82.503073494651119,41.381905233839952],[-82.503401506631306,41.381982196465259],[-82.503787783988912,41.382075781530048],[-82.504050101980539,41.382119823065196],[-82.504254138550522,41.382130937826538],[-82.504429120561625,41.382147476337167],[-82.504633176868765,41.38217498406172],[-82.504720633372642,41.382202484661903],[-82.504829926831249,41.382284915878991],[-82.504924630894607,41.382367357660058],[-82.504960964863614,41.3824441672528],[-82.504990062923838,41.382471710165085],[-82.50508479335069,41.382482721805566],[-82.505245194363866,41.382504764633126],[-82.505667917607155,41.382570846455323],[-82.505966724183963,41.382620443080263],[-82.506411251804934,41.382713981395078],[-82.507089053972763,41.382857070602846],[-82.507365970010611,41.382901096865766],[-82.507584623970772,41.382928680866584],[-82.508626806506697,41.383137796330395],[-82.509421243573456,41.38329187319809],[-82.509843998598825,41.38336893676199],[-82.510266742176398,41.383435100698897],[-82.510463514516161,41.383462608808316],[-82.510558257120906,41.383479112843638],[-82.510638425028944,41.383506616963238],[-82.510740390021795,41.383556084458952],[-82.510835148534753,41.38358357757869],[-82.510966369562951,41.383600144115199],[-82.51108299829778,41.383616631542722],[-82.513473559318513,41.384232689606229],[-82.513553730917408,41.384260193365563],[-82.513611998340394,41.384276634448241],[-82.513706777009276,41.384315116368676],[-82.513852481664358,41.384337167128628],[-82.514027479479054,41.384353699405558],[-82.514136715812654,41.384381272490245],[-82.514224181528121,41.384408680569891],[-82.514304370366048,41.384447173551756],[-82.514355369590959,41.384480194136287],[-82.514493913806319,41.384513147966068],[-82.514610533214309,41.384518735234082],[-82.514661506123844,41.384535181796963],[-82.514763581932129,41.384573658059601],[-82.514945782071266,41.384606669974723],[-82.515339334389978,41.384650782628761],[-82.515434187817519,41.384656384816353],[-82.515536120388035,41.384678378502613],[-82.516789758728549,41.385057743548586],[-82.517496743636556,41.385299700837074],[-82.517642495579963,41.385349134087114],[-82.517810077093174,41.385437105210244],[-82.517948534269081,41.385486544062204],[-82.51807981779362,41.385536077012652],[-82.518218249897444,41.385569031573141],[-82.518342195366557,41.385591096351618],[-82.518546291212516,41.385624090047919],[-82.518765006896587,41.385673646644463],[-82.518983627500305,41.385739598930954],[-82.519340804609868,41.385838593758756],[-82.519617693115222,41.385915581529012],[-82.519901998030605,41.385992561833035],[-82.520193559437033,41.386118990932978],[-82.52049962109021,41.386261894456247],[-82.520885967741407,41.386421309456196],[-82.52106081830236,41.386487204792971],[-82.521323241919717,41.38656420104148],[-82.521833455169073,41.386690730006038],[-82.522890350124968,41.387004199827771],[-82.523269452240015,41.387114161370533],[-82.52339331972442,41.387158114454692],[-82.523539187890464,41.38719664358041],[-82.523706721282949,41.387246057841985],[-82.52388177597642,41.387284653306544],[-82.524100411612238,41.387350600754857],[-82.524224271042229,41.387389058249582],[-82.524377397656664,41.387476945844334],[-82.52442842611309,41.387520955188769],[-82.524515831556656,41.387575836326619],[-82.524617932415907,41.387619804377834],[-82.524741794806417,41.387658351404035],[-82.524894822959155,41.387685884930846],[-82.525048005810248,41.38773530605809],[-82.525179173981599,41.38777934152499],[-82.525405053604302,41.387955090865567],[-82.52547799927423,41.388015566449845],[-82.525550786084878,41.388053974055175],[-82.52565287895726,41.388092446218607],[-82.525988178221809,41.388180455385445],[-82.526556729819646,41.38834538304372],[-82.527788639253316,41.388785135303522],[-82.527890733525382,41.388823604362209],[-82.528000032845142,41.38887855308829],[-82.528123861869545,41.388966459644685],[-82.528174972569403,41.38898839547317],[-82.528328031758576,41.389032406708331],[-82.528758022908363,41.389164372983259],[-82.528947600707667,41.389230330267857],[-82.529093380803843,41.389285245141302],[-82.529268265983504,41.38936220492154],[-82.529436001246154,41.389455563005356],[-82.529538014475818,41.389516009317987],[-82.529712909244651,41.389598461960531],[-82.529814994169314,41.389631432262988],[-82.529960793327547,41.38969733365407],[-82.530959355109289,41.390142434621097],[-82.531272702997825,41.390263309649974],[-82.531476899770311,41.390345725239087],[-82.531608095936491,41.39040613834883],[-82.531950602138295,41.390581927070521],[-82.532059909805398,41.390642358379822],[-82.532162012171383,41.390686310831228],[-82.532234892342785,41.390708312188671],[-82.532264014018779,41.390741253547937],[-82.532264071574616,41.390774220712878],[-82.532256721098491,41.390812600792302],[-82.532205614229767,41.390862011086732],[-82.532140063731674,41.390927917058967],[-82.532125407646276,41.39096080945702],[-82.532118068746712,41.391004774080486],[-82.532132725515382,41.391043131935064],[-82.532154541606232,41.391070585486325],[-82.532176450663414,41.391081643928885],[-82.532198228456124,41.391087119384963],[-82.532220106673321,41.391081604224411],[-82.532241987000148,41.391076179103607],[-82.532242068284603,41.391054199489581],[-82.532285740617482,41.390993808629851],[-82.53232954202052,41.3909389106718],[-82.532365975791564,41.390911493722179],[-82.532431631493338,41.390906027182886],[-82.532533647041276,41.390900527557719],[-82.532657600132836,41.390922569356995],[-82.532774274185201,41.390955516564162],[-82.532905420172867,41.390988450913063],[-82.533029420474449,41.391037963495357],[-82.533328177961707,41.391164323966251],[-82.533437583606513,41.391213758581536],[-82.533576033440326,41.391252176912637],[-82.533831157081963,41.391323627318442],[-82.533962320352074,41.391367545839024],[-82.534151871262807,41.391422485269253],[-82.5343195543647,41.39148843475666],[-82.534603758225771,41.391636778287022],[-82.534698553574671,41.391675236202659],[-82.534793236992812,41.39171909993928],[-82.534866125844616,41.391746590770573],[-82.534953654669707,41.391801538782026],[-82.535267064039118,41.391960840258029],[-82.535580465232798,41.392114646500332],[-82.535755354910563,41.392196981126141],[-82.535944829141783,41.39227389651591],[-82.536061533326915,41.392323319984719],[-82.536199998106696,41.392367318589883],[-82.536360348596688,41.392411204914445],[-82.536433238882935,41.392438694723261],[-82.536739378658595,41.392608988113494],[-82.537081909597859,41.392795728294729],[-82.537533843251438,41.393026402420787],[-82.537752465428795,41.393147241386743],[-82.538014864274572,41.393268035152239],[-82.538488674717456,41.393487784354051],[-82.539239503816233,41.393839296056818],[-82.539356133863521,41.393910695054075],[-82.539669492758236,41.394097367394302],[-82.540085002396665,41.394349956307181],[-82.5403546497826,41.394503794656238],[-82.540529582306831,41.394602604799886],[-82.540741028617447,41.39471794954796],[-82.540952345931103,41.394827801150612],[-82.541163763152241,41.394926662063035],[-82.541367895050172,41.395031024596122],[-82.5415501267058,41.39512982544553],[-82.541848975815796,41.395289123720104],[-82.54259239902764,41.395689982659775],[-82.542752805372103,41.395755927204945],[-82.543693188629888,41.396189806567563],[-82.544035815271627,41.396343557606954],[-82.544269120578576,41.396436894702468],[-82.544575285062635,41.396535828481156],[-82.544881437827883,41.396629177040893],[-82.545092824710736,41.396706053127367],[-82.545173030342539,41.396739023628562],[-82.545194852501737,41.396766473133447],[-82.545194801793002,41.396991567260763],[-82.545223603374495,41.398676994353188],[-82.545237758165058,41.400395404965977],[-82.54536888400159,41.400406343921873],[-82.545376287251258,41.400022081358628],[-82.545369646047078,41.397727280189265],[-82.545347753184529,41.39760093106571],[-82.545362393955287,41.397562543269714],[-82.545435297242022,41.397529587866472],[-82.545566574119078,41.397496658848134],[-82.545799885675819,41.397463799863601],[-82.546142515436372,41.397425417921333],[-82.546470592360478,41.39740893827549],[-82.546696657873042,41.397403467110962],[-82.546849712053984,41.397436447776712],[-82.547061140017348,41.397469453901678],[-82.547163215490244,41.397491410154721],[-82.547228798117047,41.397507912287367],[-82.547279839305901,41.397551812129365],[-82.547301705473444,41.397601238542769],[-82.547411033155896,41.397661648442124],[-82.54752767896791,41.397733038819347],[-82.547607887077518,41.397766007565878],[-82.547688052287,41.397776998925309],[-82.547753720520817,41.397776926098842],[-82.547775535499255,41.397798970797325],[-82.547760896097259,41.397837358876849],[-82.547695377483691,41.397853823052188],[-82.547629728516952,41.397864794466848],[-82.547564047322751,41.397859282846497],[-82.547527663039503,41.397848332976807],[-82.547491225124389,41.397809911431871],[-82.547447411967099,41.397793386843979],[-82.547403741989768,41.39778793934078],[-82.547345342811312,41.39783727441408],[-82.54728706526133,41.397886697895586],[-82.54729430256414,41.397980006664383],[-82.547338045980737,41.398084353808869],[-82.547396307521936,41.398150224460949],[-82.54749838262741,41.398232619661073],[-82.547753544876386,41.398364387124801],[-82.548198269002881,41.398600520154439],[-82.549277425130953,41.397722278085723],[-82.549547197186413,41.397497154201488],[-82.549656648907629,41.397315983476034],[-82.549744136582291,41.39709646706148],[-82.549736862718049,41.396926236298853],[-82.549722389085474,41.396865811896348],[-82.550881439151397,41.397211836758053],[-82.550772056257472,41.397305186174918],[-82.550429407322099,41.397634519224049],[-82.550341912482068,41.397727843459705],[-82.550327296533666,41.39777722049498],[-82.550320012075346,41.397843162299537],[-82.550443871175332,41.397931025971829],[-82.550531397283692,41.397974882979369],[-82.550582496827374,41.397985903766134],[-82.550640729327739,41.397974940553524],[-82.550684531013957,41.397925530360304],[-82.550742839016863,41.397892588176205],[-82.550808432430998,41.397854143347693],[-82.550925158291875,41.397843202098443],[-82.551107389036815,41.397749861122442],[-82.55136260818557,41.397607166190355],[-82.551501101143771,41.397535761804399],[-82.551588585205124,41.397497381588593],[-82.551625047375268,41.397486441285452],[-82.551654233111265,41.397486407920212],[-82.551712628887614,41.397497419862979],[-82.551792717045444,41.397530297207602],[-82.551916654813681,41.397596270388441],[-82.552077061842112,41.397656617218679],[-82.552244820585145,41.397684077921078],[-82.552376052623686,41.397689603026578],[-82.552485361873067,41.397678670197514],[-82.552602043489628,41.397706099085823],[-82.55282066432747,41.397804931153374],[-82.553301873789025,41.398035507637992],[-82.553513278911467,41.398172807047636],[-82.553520631594793,41.398200270197911],[-82.553505984251387,41.398233164628572],[-82.55349140245427,41.39823867587414],[-82.553440433052174,41.398233149108094],[-82.553367445457155,41.398222245016925],[-82.553330971962666,41.398227691555064],[-82.553316390151664,41.398233202778549],[-82.553331039278632,41.398260657492287],[-82.553469548417738,41.398315533342597],[-82.553950732254208,41.398529714062711],[-82.554395388985,41.398721867975091],[-82.554490183525957,41.398749320444345],[-82.554563128734529,41.398738336565636],[-82.554657943105596,41.398716428436494],[-82.554796434709402,41.398645020083222],[-82.554854752587701,41.398617570150009],[-82.554920401030756,41.398606594595918],[-82.554993237783975,41.398601106383765],[-82.555109878729567,41.39860664542779],[-82.555182880547747,41.398623132757635],[-82.555394200336281,41.398716474025534],[-82.555547350905982,41.398793307417677],[-82.55586809456787,41.39893056504507],[-82.555955627740317,41.398974507851932],[-82.556312885735878,41.399183148843399],[-82.55657530367003,41.399342360778427],[-82.556640991800322,41.399408216244943],[-82.556706498430515,41.399501546493539],[-82.556742961203042,41.399605898405895],[-82.556779417039294,41.399649811198394],[-82.556815838377631,41.399677241027426],[-82.556859655113541,41.399693761957437],[-82.556910731825525,41.399693701193591],[-82.55696169110395,41.399693732069657],[-82.557005450227933,41.399682781359523],[-82.557041963040803,41.399638871805514],[-82.557056510231135,41.399616877157342],[-82.55707833314834,41.399583975226186],[-82.557056520832774,41.399507077632549],[-82.557056504140292,41.399441234259037],[-82.557085729538144,41.399402737657226],[-82.557173178074777,41.399347870235587],[-82.557224250423346,41.399402754118732],[-82.557304357343739,41.399441211868648],[-82.557413820724932,41.399446665575461],[-82.55756683855904,41.399457654442664],[-82.557705452266816,41.399501624843694],[-82.558026165587236,41.399677338094591],[-82.55850739227138,41.399957342524765],[-82.558653240980334,41.400028686106381],[-82.558857369676616,41.400111039345596],[-82.559112514928415,41.400220803643435],[-82.559243750113865,41.40028126551401],[-82.559447925129618,41.400385504877008],[-82.559987466995238,41.400687500999553],[-82.56097170322677,41.401236476838669],[-82.561802910490314,41.401708617738457],[-82.561883046790669,41.401758060796148],[-82.56201436914408,41.40185688949655],[-82.562167498975768,41.401972175522445],[-82.562787152999846,41.402411332811106],[-82.563144535808902,41.402658411854254],[-82.563815248027808,41.403081106843494],[-82.564099675902597,41.403278733627822],[-82.564187149364798,41.403344648768886],[-82.564311120350538,41.403470866965712],[-82.564383975780743,41.403525811662234],[-82.564500721318154,41.403575205344204],[-82.564675704303269,41.403668573162108],[-82.564974646098705,41.4038277191829],[-82.565397552825345,41.404052822489987],[-82.565572560723069,41.404157087450137],[-82.565652797916655,41.404195537528501],[-82.566017329687426,41.404420622393722],[-82.566615304357541,41.404771962220728],[-82.566950698946343,41.404964113810557],[-82.567103807583166,41.405062910037863],[-82.567293355530197,41.405139772130241],[-82.567461179233575,41.405238547521982],[-82.567679897196129,41.40535932750646],[-82.567898653353524,41.405496589952612],[-82.568110135909109,41.405644759923973],[-82.568328861834232,41.405820483225753],[-82.568401746106218,41.405886323805966],[-82.568554991204266,41.405990610680028],[-82.569087268294183,41.406479204216197],[-82.569254947022202,41.40661644020026],[-82.5695612803258,41.40685798037439],[-82.569860331057768,41.407105023505643],[-82.570027962437223,41.4072202811221],[-82.570378076040186,41.407456357547971],[-82.570625953518459,41.407610060839659],[-82.570786358741557,41.407703348065773],[-82.570903129232235,41.407758229291474],[-82.571070783990052,41.407829619388565],[-82.572004175384691,41.408136987023433],[-82.572186508580771,41.408191871621284],[-82.572354289393473,41.408213807913924],[-82.572449079292824,41.40823025654192],[-82.572580250508508,41.408252152533422],[-82.572675066262661,41.408279589552642],[-82.572762623130842,41.408323519071047],[-82.572879302536009,41.408389388450203],[-82.573054297356791,41.408477248731749],[-82.573280337311601,41.408548557683055],[-82.573411657065094,41.408581529693059],[-82.573761606451953,41.408586920473887],[-82.573819921999174,41.408608911103578],[-82.57387097669627,41.408647304303841],[-82.573929331273803,41.40868577773977],[-82.574038730508619,41.408707699754167],[-82.574133495519021,41.40871315839631],[-82.575540901273001,41.408811794825652],[-82.575621123699833,41.408839249148855],[-82.575905484089802,41.408932542529868],[-82.576109701375927,41.409031346979511],[-82.57623366985905,41.409091708659311],[-82.57639414240586,41.409157604825658],[-82.576612876555302,41.409272872959356],[-82.576838962098762,41.409410107824229],[-82.576962945201089,41.409475962974909],[-82.577116066494327,41.409519800908164],[-82.577305721035657,41.409530801391433],[-82.577495333549621,41.409574678848749],[-82.577582882027926,41.409613110321693],[-82.577706826346585,41.409662481805228],[-82.577838110511195,41.409678965832896],[-82.578005763896613,41.409695401130747],[-82.578173563639012,41.409722823103223],[-82.578290236986277,41.409733742397499],[-82.578465256684751,41.409728278239214],[-82.578640167945935,41.409728219693442],[-82.578742327473037,41.409722764260216],[-82.578895396871118,41.409744622674907],[-82.579004774780742,41.409755641386376],[-82.579114190801405,41.409783052787283],[-82.579208997959768,41.409804990047661],[-82.579420507940085,41.409848923970699],[-82.579588202471385,41.40988183978309],[-82.579843499127122,41.409975072136511],[-82.58011326115475,41.410062880961242],[-82.580302863452843,41.410101259452695],[-82.580492479501373,41.410145131904699],[-82.580747699025622,41.410156126507786],[-82.580966468173258,41.410183564502738],[-82.581265434525406,41.410227373797461],[-82.581797837125848,41.410326159582901],[-82.581972845462005,41.410364555865605],[-82.582206253785515,41.410457813775956],[-82.582527105696769,41.410545544649658],[-82.582782328777384,41.410605894769326],[-82.582862556324855,41.41063334394866],[-82.582906347470129,41.410682731912495],[-82.582935478341852,41.410754119315349],[-82.582935576457245,41.410841939281653],[-82.582964799546559,41.410902336484156],[-82.583008563455039,41.410940735859462],[-82.583066819524575,41.410984700443009],[-82.583161629668851,41.41100663439326],[-82.583292876410042,41.411006629310464],[-82.583373141572167,41.41100111084311],[-82.583438797161023,41.410990118833084],[-82.58351897027309,41.410995590454796],[-82.583613766771848,41.411012029758425],[-82.58368672488163,41.411050477294552],[-82.583810731652875,41.411121819158602],[-82.583912867784164,41.411154730608928],[-82.584000366700295,41.411171180010726],[-82.584117071125434,41.411193081878558],[-82.584168080600648,41.411209583322183],[-82.584175314305014,41.411231551613355],[-82.584197321724588,41.411324834499247],[-82.584211894935692,41.411363275158664],[-82.584226426601219,41.411385233004097],[-82.584262943953036,41.411396169326238],[-82.5844379148934,41.411418078975615],[-82.584598423566078,41.411445501913256],[-82.58470053498354,41.411467514152605],[-82.584722392566974,41.411500449998663],[-82.584722487981466,41.411681585759823],[-82.584729791419946,41.411731025361121],[-82.584809982780982,41.411791350368134],[-82.584875561019672,41.411796841986124],[-82.584955799146826,41.411780333862318],[-82.585028697494067,41.411747353369996],[-82.585167229686817,41.411741841362534],[-82.585269349802132,41.411719897286595],[-82.5853204237808,41.411714419484035],[-82.585626787711448,41.411840622444259],[-82.585648659864418,41.41187905237242],[-82.585612159957051,41.411922970787607],[-82.585590297894143,41.411983350938094],[-82.585590304033616,41.412032801002546],[-82.585575817613332,41.412076686166792],[-82.58553928175337,41.41215357182211],[-82.585480997094081,41.41224138588683],[-82.585473744831546,41.412307239240029],[-82.585495686886517,41.412373140539763],[-82.585532119436863,41.412444516697896],[-82.58559782195492,41.4124993662655],[-82.585707181514891,41.412548749992816],[-82.585801954983566,41.412554288952833],[-82.585933254331309,41.412526807818146],[-82.585998924973637,41.412521308597299],[-82.58609373827619,41.412543240077966],[-82.586203056195586,41.412576140524521],[-82.586451067209453,41.412713324232527],[-82.586575150419108,41.412812134347575],[-82.58659702347272,41.412850564080813],[-82.586582474201435,41.412916428081004],[-82.586560577481009,41.413009775658651],[-82.586560633707876,41.413031752726503],[-82.586589748705009,41.413048194798378],[-82.586691875140346,41.413075609440867],[-82.586896100090186,41.413119449917183],[-82.587195127969011,41.413179816356021],[-82.587443081424794,41.41324566079394],[-82.587603530529364,41.413294968114208],[-82.587690998485144,41.413344381888933],[-82.587858824892962,41.413470599539721],[-82.588004751630606,41.413547489005602],[-82.5881360092215,41.413596838305978],[-82.588252642262631,41.413635220329986],[-82.588347543150661,41.413690115500579],[-82.588405908451392,41.413728491320768],[-82.588500618883302,41.413755916693184],[-82.588646538492455,41.413783355298406],[-82.588755902453471,41.413832736056577],[-82.58885806815438,41.413920587292139],[-82.588945614710113,41.413953515642795],[-82.589157036693123,41.414002837210312],[-82.589288353201326,41.414074162219052],[-82.589412409472786,41.414205936389173],[-82.589448952670693,41.41427181530225],[-82.589470825726508,41.414310154409939],[-82.589507256764691,41.414332169247139],[-82.589536464056252,41.414337620374788],[-82.589616689676745,41.414315614710972],[-82.589675006197552,41.414288147112224],[-82.589733260374416,41.414282658185684],[-82.589784350242155,41.414282672638933],[-82.589864570813944,41.414304622552443],[-82.589908388946242,41.414315546235962],[-82.589973970062616,41.414321034902692],[-82.590046925975088,41.414310028277953],[-82.590119769171636,41.414255157560511],[-82.590207285207299,41.414183780710431],[-82.590280231166403,41.414123323940039],[-82.590345859824623,41.414101339441004],[-82.590418724586243,41.414101322762477],[-82.590506264406145,41.414084889955554],[-82.590608369607082,41.414057356817317],[-82.590673921695966,41.414051856570069],[-82.5907396222035,41.41405734315186],[-82.590819857213361,41.414084786661185],[-82.591009472880387,41.414167102956732],[-82.591089679250217,41.414183557755024],[-82.591162599682889,41.414205427600919],[-82.591301179702413,41.414216390923499],[-82.591388626560487,41.414210857579612],[-82.591447020603709,41.414166994713653],[-82.591505263810291,41.414112054914334],[-82.59151987000962,41.414024211688691],[-82.591570786045153,41.413683841517972],[-82.591585180819379,41.413469718730461],[-82.591585223256857,41.41334893012089],[-82.591585156814787,41.413277593148216],[-82.591570545134701,41.413134849327783],[-82.591541273449749,41.41301401596904],[-82.591533956217262,41.412915216957089],[-82.591563088135743,41.412799970671109],[-82.591614021286532,41.412695591774352],[-82.591628627101215,41.412607748549199],[-82.591621208444508,41.412470489738439],[-82.591643122967824,41.412432085579695],[-82.591708662540313,41.412377134800558],[-82.591898191415495,41.412245347116418],[-82.591941941684198,41.412184933085612],[-82.592138776566415,41.411965312711004],[-82.592612471134473,41.411476593754081],[-82.592670816069855,41.41141615752511],[-82.59275103701151,41.411394149775859],[-82.592794812090332,41.411388679666111],[-82.59288238110986,41.411476459230407],[-82.592889617760079,41.411498426920119],[-82.592889673162446,41.411564359647045],[-82.592853265853677,41.411641245790548],[-82.592685597061219,41.411849834893424],[-82.592474237970393,41.412140905081394],[-82.592226471890456,41.412464905180023],[-82.592080756940035,41.412651571992136],[-82.592022495281896,41.412744883460299],[-82.591927811583318,41.413046857903488],[-82.59192048092892,41.41307983603857],[-82.592131989276339,41.413162117717953],[-82.592467188078089,41.41268990807049],[-82.592613086935827,41.412755713089226],[-82.592336185487738,41.413238915702721],[-82.592525847289096,41.413293756578028],[-82.592861017584838,41.412766601608901],[-82.59324759110595,41.412903743272913],[-82.593182078879877,41.413013639124507],[-82.593058154873106,41.413205770017541],[-82.592759375068241,41.413694500898892],[-82.591927939851587,41.413414714641227],[-82.591928050204444,41.413502534380896],[-82.591928440773813,41.414380921815145],[-82.591964843622506,41.414391947345223],[-82.59206697428283,41.414419357155701],[-82.592366068505711,41.414501597000147],[-82.592453483367976,41.414529030045138],[-82.59252642138317,41.414556483315287],[-82.592745233590605,41.414638752800315],[-82.593066236352712,41.414770407797548],[-82.593292301770504,41.414880138150195],[-82.593489294311823,41.41498991053588],[-82.593788400863076,41.415165462232601],[-82.59422608797874,41.415439884279579],[-82.594284458243195,41.415478257040739],[-82.5946856701228,41.415758136917326],[-82.594955663619771,41.415961201192999],[-82.595189048262995,41.416120366516225],[-82.595371433815828,41.416224573569231],[-82.59554652369809,41.416328881535399],[-82.595882044356472,41.416515361930514],[-82.596370855932889,41.416795281504058],[-82.596560468885116,41.416915959808975],[-82.596845085029813,41.41712449127489],[-82.596903353669276,41.417168358573115],[-82.597180643515472,41.417365911931469],[-82.597392247480897,41.417519610538442],[-82.597618447438947,41.417673196097077],[-82.597786231153961,41.417772017597464],[-82.597968610410547,41.417870726156472],[-82.598260311049629,41.418040874633874],[-82.598398959189922,41.418117671883145],[-82.598829354333873,41.418381008654507],[-82.599186868858808,41.41859500626196],[-82.599362001481353,41.418710296734922],[-82.599814300626008,41.418973595467271],[-82.600244767999456,41.419215038178969],[-82.600638652984699,41.419423571249119],[-82.600879479596244,41.419538755866185],[-82.600959725469963,41.419566192149169],[-82.601003512409406,41.419780226817565],[-82.601098709807616,41.420323753750225],[-82.601084146121153,41.420422586491995],[-82.60101865673775,41.420625712127659],[-82.600996837059867,41.420697083497103],[-82.600982257860309,41.420790421988869],[-82.600996889144255,41.420845343062389],[-82.601040731572681,41.420905712287016],[-82.601310671359258,41.421031839957458],[-82.601631636944234,41.421218416118229],[-82.601697360765669,41.42122939057402],[-82.601741050441575,41.42123481707992],[-82.601777516858562,41.421223860785673],[-82.602134631676122,41.420855892648753],[-82.602222065769794,41.420757035552832],[-82.602324143688335,41.420674637917323],[-82.602338755468097,41.420636243386632],[-82.602294927458317,41.420581368916274],[-82.602294985434597,41.42055939027987],[-82.602316851345506,41.420548366986715],[-82.602338732662858,41.420542837931997],[-82.602375109807468,41.420542871611069],[-82.602477238840819,41.420564777744822],[-82.602579383374447,41.420592178029509],[-82.602696143484977,41.420625139252842],[-82.602747208986642,41.420658024967011],[-82.603403850400724,41.421069514617436],[-82.604133471141708,41.421557895966224],[-82.604257457660623,41.421607238197019],[-82.604571176838533,41.421766344880453],[-82.604782851767936,41.421892466539482],[-82.604936043348602,41.421985806594265],[-82.605271707296524,41.422287551117378],[-82.605607341462843,41.422534530655717],[-82.6059941644113,41.422814301693826],[-82.606227641352675,41.422945971036739],[-82.606446505094894,41.423072169394949],[-82.606599654478188,41.423149024454865],[-82.606716450483916,41.423192879942022],[-82.606789417619851,41.423225728146498],[-82.606898797279641,41.42326968704873],[-82.607052001761843,41.423324472839042],[-82.607234453094208,41.423395783498222],[-82.607526303998839,41.423560321858155],[-82.607956766373448,41.423779757974494],[-82.608365317840864,41.423993734184712],[-82.608496675196221,41.424065036686166],[-82.608766634327338,41.424229607814546],[-82.609080415125007,41.42444355584],[-82.609189924172071,41.424531376332588],[-82.609262982587737,41.424635649621344],[-82.609452729884154,41.424910059491722],[-82.609540403992597,41.425019802699694],[-82.609598706513125,41.425069247620144],[-82.609635299793865,41.425102152647774],[-82.609678994859422,41.425107666146097],[-82.609730058570179,41.425096593138612],[-82.60979567732943,41.425069193333108],[-82.609890443183147,41.425025172403174],[-82.6099779760481,41.425003230458849],[-82.610058255487743,41.424997693199934],[-82.610131148074913,41.425003158126017],[-82.61026241277429,41.425041493176103],[-82.610364583546939,41.425074380650543],[-82.610415658610947,41.425107352901826],[-82.6105397994138,41.425206046240348],[-82.61071487357691,41.425370680281127],[-82.610831750426399,41.42548046393344],[-82.610955791340572,41.425584742750061],[-82.61104332338121,41.42564503669854],[-82.611152811125038,41.425683405520083],[-82.611225753101436,41.425705352429134],[-82.611364360177774,41.425716291243461],[-82.611510211969332,41.42574919628845],[-82.611692561271994,41.425782040132304],[-82.61184579179789,41.425842313642462],[-82.61194799708548,41.4258861881409],[-82.611991774092289,41.425919171893071],[-82.611999097979151,41.425968519351521],[-82.611962667731106,41.42607288410052],[-82.611940793573524,41.42612228044765],[-82.611955435443946,41.426177199958822],[-82.611984643887652,41.426221106566352],[-82.612043050480281,41.426264964260319],[-82.612115993396372,41.426286910592381],[-82.612349443442767,41.426319757776604],[-82.612699601498505,41.42636348841819],[-82.613035106637327,41.426429221157463],[-82.613122665489598,41.426456636492404],[-82.613173773495106,41.42650050589446],[-82.613210282458979,41.426544399876065],[-82.613188444049229,41.426604874936316],[-82.613100970404943,41.426687257483408],[-82.613093750332922,41.426714650865051],[-82.61312297613928,41.426764051393555],[-82.613174100748765,41.426813415017286],[-82.613261589631975,41.426857314590926],[-82.613400281283774,41.426895722048307],[-82.613750372620942,41.42695593380131],[-82.613961926975449,41.426988814690326],[-82.61417347473801,41.427060066394297],[-82.614355911200661,41.427120377079859],[-82.614552957146486,41.427224528122608],[-82.61481565128129,41.427350725857572],[-82.614932336446387,41.427433035756323],[-82.615049075481096,41.427493366963098],[-82.615216995018244,41.427581082163691],[-82.615479702400137,41.427751143756979],[-82.616289811817168,41.428327219647684],[-82.616443032649158,41.428420453900955],[-82.616559780187728,41.42844241235035],[-82.616764038638408,41.428475210489488],[-82.616814060324771,41.428475193807685],[-82.617794041877104,41.431018960076628],[-82.617816762656943,41.431148277903105],[-82.617853368987781,41.431340429233281],[-82.617882564806777,41.431417301239634],[-82.618087028175367,41.431592859841842],[-82.618138126839966,41.431631232704007],[-82.618495775424748,41.431883629547457],[-82.618773105324465,41.4320920290617],[-82.618889938968749,41.432218288462771],[-82.618992175835587,41.432267650691237],[-82.61915267488105,41.432388341201033],[-82.619386314046992,41.432552948234367],[-82.619919110730976,41.432860071017963],[-82.620451843750004,41.43318367557859],[-82.620663486075316,41.433315352946195],[-82.620940950505286,41.433562296545723],[-82.62121838069325,41.433798160970881],[-82.621371604480885,41.433885894107917],[-82.621619789208182,41.433990122771434],[-82.621729211623887,41.434039471324937],[-82.621780297368474,41.434110809455944],[-82.621882554421788,41.434204034366303],[-82.62201387884646,41.434291805208048],[-82.622159892045204,41.43436865006128],[-82.622298602925412,41.434445417573571],[-82.62261971149195,41.434637427501407],[-82.623152592014122,41.434961017371378],[-82.623502856976501,41.435174951471765],[-82.623751083567967,41.435328534908976],[-82.624123271370991,41.435547922294532],[-82.624429941655109,41.435750849668594],[-82.624845974348531,41.43601960598042],[-82.625004204906034,41.436111467617252],[-82.626197688928841,41.436873382463979],[-82.626525870591237,41.437060147100077],[-82.627225647097106,41.437571050517363],[-82.627575609126737,41.437829291748862],[-82.627845355440968,41.438005079679243],[-82.628282853901652,41.438312700718825],[-82.628654642322118,41.438581888653218],[-82.629055651143432,41.438779774499622],[-82.629157721675213,41.43884570325082],[-82.629573360000165,41.439125886447613],[-82.629813964189694,41.439318115299251],[-82.630076373100309,41.439515889362816],[-82.630214940086603,41.439614806933108],[-82.630353471872766,41.439702735989066],[-82.630513840854618,41.439807108832184],[-82.630623233291075,41.439878516945654],[-82.630900302530023,41.440092744647743],[-82.631126312072411,41.440284997403943],[-82.631330348143365,41.440455313415612],[-82.631432439218756,41.440526644125733],[-82.631585579005247,41.440614634687719],[-82.631826170758572,41.440762903986432],[-82.632066849590984,41.440900272767962],[-82.632307463712067,41.441054125200338],[-82.632533492395808,41.441213408306147],[-82.632650240421086,41.441262912512443],[-82.632839823824199,41.441367317723198],[-82.632949137816055,41.441449713493178],[-82.633138679233539,41.44161446729597],[-82.633291799057744,41.441768298715232],[-82.633452229766249,41.441889059613317],[-82.633634515024809,41.441993477029897],[-82.633897024766313,41.442141880946224],[-82.634006406670196,41.442207791464128],[-82.634035582713153,41.442235209385103],[-82.634086617726467,41.442284654731893],[-82.634247006374608,41.44242748281026],[-82.634480244370636,41.442592244017717],[-82.634997993885506,41.442932835676245],[-82.635129256000511,41.443026266451412],[-82.63526051400369,41.443191034430463],[-82.635340691281428,41.443256908439587],[-82.635588623198345,41.44341073981235],[-82.636047962838248,41.443712885543015],[-82.636317774469163,41.443894146381069],[-82.636624106023902,41.444113888285841],[-82.636893847400785,41.444273171082649],[-82.637141823646004,41.44443798719702],[-82.637360555956491,41.444591779850647],[-82.637521003453315,41.444712624707222],[-82.637849155998993,41.444976278100995],[-82.6383813813556,41.445410233028078],[-82.638600138420898,41.445569517300243],[-82.638818942023917,41.445706822842268],[-82.63891375015389,41.445778250446423],[-82.639117842502984,41.445954045728229],[-82.63936582048062,41.446151733246261],[-82.639577243533196,41.446300041233329],[-82.639715884545126,41.446376968265234],[-82.639832480148144,41.446448354715876],[-82.640065921421865,41.44655824731133],[-82.640197198163548,41.446651671901861],[-82.640394037640931,41.446805410487343],[-82.640809711539617,41.447102034405845],[-82.640999291789797,41.44726686428659],[-82.641232695651809,41.447470069829379],[-82.641356627248243,41.447585395340205],[-82.641611866083764,41.447766671166306],[-82.641947359440266,41.447997331328672],[-82.642085962558895,41.448096233587663],[-82.642202510736055,41.448222472228224],[-82.642297338624644,41.4483323575094],[-82.64239937444934,41.448414757830378],[-82.642516134089774,41.448497127946872],[-82.642618271236358,41.448574032214729],[-82.643012029084232,41.448826735431659],[-82.643223532082573,41.448958552147367],[-82.64347876851329,41.44910136290148],[-82.643712173639585,41.449266102387973],[-82.643967463713253,41.449458360900906],[-82.644215352596078,41.449656128961166],[-82.644477947803736,41.449848371949074],[-82.644769685353907,41.450090007509665],[-82.644930033269432,41.450243719461],[-82.645061331226231,41.450408475188922],[-82.645236287257703,41.450562247978183],[-82.645411325533786,41.450705030509148],[-82.645542656720934,41.450809436828379],[-82.645892693784234,41.451116978825326],[-82.646053130539286,41.45125978914588],[-82.646118786431558,41.451309199847238],[-82.646242719431982,41.451386059065932],[-82.64644699710874,41.451501399811114],[-82.646636608991926,41.451633253208705],[-82.646782428976991,41.451737630781032],[-82.646877329542917,41.451830937816347],[-82.647037708419433,41.451990230749907],[-82.647147154866644,41.45210008267594],[-82.647329384246248,41.452242849276502],[-82.64762848442281,41.452495450753247],[-82.647898286392845,41.452687762578947],[-82.648343216343392,41.453044737913807],[-82.648511027266082,41.453171045873262],[-82.648707950742647,41.453302881021415],[-82.648897511934777,41.45341815802847],[-82.649050703415938,41.45350603382451],[-82.649167483027398,41.453588486762008],[-82.649641555701407,41.453956388123416],[-82.65010098714545,41.454346294977547],[-82.650378141431261,41.454582450507118],[-82.650648014718996,41.454824114167955],[-82.650837660276949,41.454994330651061],[-82.651041855572046,41.455148124964531],[-82.65131185691088,41.455323852399815],[-82.651530683376137,41.455450233973927],[-82.651588984384063,41.455516140186099],[-82.651822412237564,41.455708334346959],[-82.652311082791385,41.456098262476623],[-82.652442433874825,41.456202570295048],[-82.652719546416776,41.456389271015659],[-82.652894699507556,41.456521141401133],[-82.653033195090941,41.456647413498978],[-82.653208306847745,41.456801171496252],[-82.653412493032874,41.45698243357181],[-82.653675163067504,41.457180058120969],[-82.653872049254062,41.45732836787117],[-82.653966851003432,41.457421760330675],[-82.654280567176016,41.457696291431795],[-82.654579642510612,41.457894020682886],[-82.654842302149476,41.458086238302819],[-82.655010079173863,41.458229020135725],[-82.655148642290996,41.458338805435986],[-82.655301814225652,41.458448650512516],[-82.655491465047191,41.458613454644897],[-82.65573215818182,41.458887951909865],[-82.655863442248503,41.459069178155559],[-82.655943640258286,41.459129542609617],[-82.6564615561404,41.45957982997669],[-82.657212962050323,41.460227881306118],[-82.657672564355977,41.460672608183323],[-82.65794244837214,41.460870298790432],[-82.658117502328409,41.46100207229096],[-82.658205111784312,41.461089980348795],[-82.658416569891727,41.46132057785556],[-82.658540579347303,41.461441377423824],[-82.658708395813264,41.461622613810214],[-82.658890779365905,41.461792831171692],[-82.659000181482668,41.46188069444775],[-82.659467067822277,41.462248567445457],[-82.6595691884269,41.462341939550647],[-82.659817254128143,41.462561557719546],[-82.660225780250926,41.462913066088156],[-82.660524942786367,41.463187609434016],[-82.660773035488674,41.463412719451192],[-82.661006382526622,41.463632367363466],[-82.661436854674591,41.464022195113856],[-82.661692259732902,41.464247377555758],[-82.66191836715069,41.464450554911942],[-82.662100783826148,41.464593294545665],[-82.662290525646071,41.464741512449983],[-82.662669857437777,41.46506001709335],[-82.662837731977589,41.46521926878313],[-82.663049257209209,41.465427878846612],[-82.663238909226024,41.465614557115408],[-82.663567278029063,41.465911097651095],[-82.664450077990779,41.466784179877529],[-82.6648586985375,41.467179444602365],[-82.665128621871091,41.46743755529733],[-82.665245408690581,41.467541878660427],[-82.665383988281604,41.467646156495633],[-82.665464249928931,41.467717591954795],[-82.665639406315321,41.467898801482086],[-82.665748789643629,41.468008545787157],[-82.665953109438703,41.468206265847328],[-82.666033370103122,41.468277610831244],[-82.666099022726883,41.468348987272684],[-82.666215714024844,41.468458805366133],[-82.666310574941264,41.468590556919928],[-82.666405453306965,41.468694926303698],[-82.666507654830426,41.468804683851793],[-82.666609810646875,41.46887057699319],[-82.66677762071258,41.469007846048513],[-82.667171671176632,41.469342785063809],[-82.667288366082943,41.469452601959382],[-82.66749265296724,41.469639330856275],[-82.667726186140001,41.469864456136264],[-82.667842943964132,41.469990664590789],[-82.667959676407719,41.470171907144795],[-82.668098294230347,41.47031464164602],[-82.668251579900002,41.470440950245425],[-82.668419397492301,41.470578216674632],[-82.668579852951808,41.470731892670983],[-82.668747770497077,41.47086366276946],[-82.668857222507299,41.47095700989577],[-82.668937492078882,41.471028442689096],[-82.669054219546581,41.471176627787521],[-82.669440886327692,41.471670822564178],[-82.669535771955069,41.471775099029955],[-82.669630673541761,41.471851993373221],[-82.669783901955,41.471961817524615],[-82.67002468392235,41.472137473290395],[-82.670163387562667,41.472269215158164],[-82.670681533133262,41.472818330875477],[-82.67074713758015,41.472906098250796],[-82.67087849272886,41.473087305270774],[-82.670980668299819,41.473186160300905],[-82.671126603869396,41.47332887465128],[-82.671257943380027,41.473444148954158],[-82.67151335537983,41.473652825239355],[-82.671725058153285,41.473861505938018],[-82.671944009415441,41.474086563935558],[-82.672140952709711,41.474256727624599],[-82.672527822379379,41.474608144748601],[-82.672914605389053,41.474997932274761],[-82.67320648429012,41.475310917375062],[-82.673432760356548,41.475568922043351],[-82.673666302211487,41.475816011872631],[-82.673812204871879,41.476008172390799],[-82.673928966264171,41.476128969909205],[-82.674082241525227,41.476277157847854],[-82.674155237760715,41.47635400690605],[-82.675177003470154,41.477347745880046],[-82.675432375721456,41.477600278374368],[-82.67589950154786,41.478066976386735],[-82.67605274448448,41.478204263338924],[-82.676162282475033,41.478313994863576],[-82.67628634709294,41.4784622452352],[-82.676490752471494,41.478725786447583],[-82.676519952712724,41.478780664561299],[-82.676673166451863,41.478939928500587],[-82.676855689660854,41.479121102475894],[-82.67710381387613,41.479384635350996],[-82.677242459027468,41.479554739424479],[-82.677308125359971,41.479653580635357],[-82.677432227052662,41.479779851678202],[-82.677607361471175,41.479939064661096],[-82.6777971514813,41.480109232346756],[-82.677928528639399,41.480257464150014],[-82.678089133051955,41.480466157493971],[-82.67820592040124,41.480619826047629],[-82.678300845030961,41.480696712467221],[-82.678497922464985,41.480861368244511],[-82.678724151888886,41.481037127141221],[-82.678892104694526,41.481196262754615],[-82.679103713701693,41.481399435933291],[-82.679169371829246,41.481465309959816],[-82.679417639471552,41.481849621112737],[-82.679490605606446,41.48197582609113],[-82.679548972190915,41.482074682456606],[-82.67961469787025,41.482157038280661],[-82.679673127091846,41.482211938821735],[-82.679782525112103,41.482283298261891],[-82.68011107095532,41.482524842558234],[-82.680154814250699,41.482590766024863],[-82.680257016404425,41.482689521779186],[-82.680439484678786,41.482881679141599],[-82.680592848581526,41.483073811297302],[-82.680716879282301,41.483238540022192],[-82.680841019514403,41.483430648683793],[-82.680884786406935,41.483502065845933],[-82.681154930870775,41.483842368353812],[-82.681300928791742,41.484018124123416],[-82.681410312744276,41.484144335551875],[-82.681483423811073,41.484215683558993],[-82.681541811815904,41.484259594978738],[-82.681607477591911,41.484325557452863],[-82.681724213153288,41.484462739791248],[-82.681797272171949,41.48455057139163],[-82.681848383346619,41.484660431213172],[-82.682001625512143,41.484879944738232],[-82.682147648054254,41.485061103237534],[-82.682381234406577,41.485302678939064],[-82.682512640160567,41.485423432877106],[-82.682724386078362,41.48565406856131],[-82.682972536253558,41.485912092964149],[-82.683082113639145,41.486054782853735],[-82.683191616667912,41.486208462404733],[-82.68323538052843,41.486307350325198],[-82.683432517336783,41.486537928266898],[-82.683541977041585,41.48668061938767],[-82.683768303585879,41.486960578588281],[-82.683965362374323,41.487229617058503],[-82.684089474706241,41.48741073349121],[-82.684147979942722,41.487482113476517],[-82.684206381054807,41.487586461002316],[-82.684308521634165,41.487784021798696],[-82.684345041101906,41.487838970557675],[-82.684425339020564,41.487937772991565],[-82.684593235384014,41.488075013092185],[-82.684702761363866,41.488173837355077],[-82.684761168463865,41.488250622700086],[-82.684834170247683,41.48840987941017],[-82.684863397695977,41.48849772074869],[-82.684943742403505,41.488607510770386],[-82.685038625511964,41.488728256442251],[-82.685126263512672,41.488805153528013],[-82.685199234823699,41.48889847835089],[-82.685345281738677,41.489052160287862],[-82.68540366119592,41.489150923018251],[-82.685454714135957,41.489244298797118],[-82.68552045529421,41.489414469967237],[-82.685542429495129,41.489485844355656],[-82.685608066629783,41.489601163691745],[-82.685673753412502,41.489699909176366],[-82.685761364396626,41.489798783465197],[-82.685856376826038,41.48989205479986],[-82.685943942968478,41.489979940923995],[-82.686068094955658,41.490139076998389],[-82.686148363143786,41.490287327526666],[-82.686214113365011,41.490430026399714],[-82.686272514252209,41.49056184436634],[-82.686316334972346,41.490644156968685],[-82.686389338874264,41.490715503119489],[-82.686469643402901,41.490814303847756],[-82.686549993650118,41.490924092507392],[-82.686622986079271,41.491050381984792],[-82.686674011170609,41.491165644783173],[-82.686710520219094,41.491275446074525],[-82.686776286912021,41.491363291064218],[-82.686863922211856,41.491467568308636],[-82.687068348406143,41.491687133697766],[-82.687243577815451,41.491884789636423],[-82.6874260921592,41.492076934083606],[-82.687564873095894,41.492208652149202],[-82.687667012379038,41.492285514360674],[-82.687776561051791,41.492329391789347],[-82.687908009526311,41.49236781349795],[-82.688039369024978,41.492384349119533],[-82.68817810696298,41.492389787573607],[-82.688273078531694,41.4923843395799],[-82.688382549059284,41.492351387052686],[-82.688499354318083,41.492296439442171],[-82.68860892892441,41.492230609274337],[-82.688762236328785,41.492109823740655],[-82.688930095086164,41.491945139790211],[-82.689207569702873,41.491725522825917],[-82.689492229320905,41.491505889653858],[-82.68962368728549,41.491374165215149],[-82.689740455462228,41.49125337500368],[-82.689806132129121,41.491203951380051],[-82.690010532589795,41.491099616629036],[-82.690127410197874,41.49103376770605],[-82.690295278948255,41.490901957492476],[-82.690521568976337,41.490704346703332],[-82.690762502307408,41.490457251253567],[-82.690893840071766,41.490298055455909],[-82.691047172449984,41.490127907567363],[-82.691309996121745,41.489902826526013],[-82.691565435793009,41.489688662056793],[-82.691718758753765,41.489545894982136],[-82.691791698431274,41.489458083147241],[-82.691828200237268,41.489364772791141],[-82.691828266563931,41.489095729684799],[-82.691850099069057,41.489046319653653],[-82.691908488753256,41.489002406323948],[-82.692090956177367,41.4889255921222],[-82.692310051277715,41.488843194436257],[-82.692426843261174,41.488815714681373],[-82.692616652938909,41.488804723537484],[-82.692872127558815,41.488799250186915],[-82.69303272943317,41.48882120412096],[-82.693178841794051,41.488815719449022],[-82.693339333703335,41.488755259594122],[-82.693441585562752,41.488716824188742],[-82.693572991740297,41.488689398191774],[-82.693865049262357,41.488667441089682],[-82.693959892685314,41.488661900237624],[-82.694040222800695,41.488623427056673],[-82.694091330583746,41.48855755253819],[-82.694135142989069,41.488409370534512],[-82.694164282648245,41.488332470788052],[-82.694222651922104,41.488255680665894],[-82.694281112242152,41.488200776429309],[-82.694346805738022,41.488156844285747],[-82.694470836694606,41.488085481244063],[-82.694521961957093,41.488052482194426],[-82.694558503188844,41.487997630709195],[-82.694558469566772,41.487876845959022],[-82.694529182712913,41.487778019405091],[-82.694332048799339,41.48738830551833],[-82.694273616601393,41.487223616158516],[-82.694200604449435,41.486982040810439],[-82.694149385571762,41.486795357778725],[-82.694134868473981,41.486619752995836],[-82.694105511551513,41.486334300037356],[-82.694068974496702,41.485993919416764],[-82.694032462192865,41.485829177023049],[-82.6940178522472,41.485631596182948],[-82.694047004985364,41.485444899531345],[-82.694076209564827,41.485241809155887],[-82.694090773562323,41.4850606416571],[-82.694076076093779,41.484786141323724],[-82.69401036658526,41.484429347099827],[-82.693981143154545,41.484231711292587],[-82.693900826823139,41.484017624738279],[-82.693776720831622,41.483814541490688],[-82.6933532355647,41.483397355712675],[-82.693126831581566,41.483133899602826],[-82.692871341652506,41.482903296955513],[-82.692834793600298,41.482870418736304],[-82.692798319960502,41.482798988936203],[-82.692644984229005,41.482678299537781],[-82.692258082636343,41.48246971613991],[-82.692060927435918,41.482381826387211],[-82.691812807489342,41.482250101064736],[-82.69163759808167,41.48216783229951],[-82.691469642009551,41.482101939574342],[-82.691287098260219,41.482041575414115],[-82.69097321561047,41.481964678307321],[-82.690739674280351,41.481909837156707],[-82.690104585897103,41.481750652352616],[-82.689644712888196,41.481646354371883],[-82.68940379929667,41.481575045705654],[-82.688907411253268,41.481415887485817],[-82.688571512468243,41.480938309737041],[-82.688316010903222,41.480438743758128],[-82.68819189040677,41.480515595891191],[-82.6873524509612,41.481070058922398],[-82.68706784685142,41.481004160308082],[-82.687016697728254,41.480943842544313],[-82.686593298249733,41.480910873852537],[-82.686505679739923,41.480894415188082],[-82.686447297734915,41.480823034421618],[-82.685892452167835,41.480191755802146],[-82.685856003793617,41.48015328939276],[-82.685812229775721,41.480109436039285],[-82.685746460649327,41.480076443536483],[-82.6856589631671,41.480059982431335],[-82.685600517960367,41.480060028718768],[-82.685491027661556,41.480054518358592],[-82.685425274763219,41.480054491550653],[-82.685388777207862,41.480032598839962],[-82.685607842189114,41.479889776521581],[-82.685804872846887,41.479747096748646],[-82.685804879295716,41.479719624886471],[-82.685629748731714,41.479565918961853],[-82.685841440708913,41.479406721239478],[-82.685841327425436,41.479379251130837],[-82.685819463333672,41.479362818464509],[-82.685797635768935,41.479384755665066],[-82.685272037043902,41.479719600813688],[-82.685242770540256,41.479708680831884],[-82.685242799832423,41.479686702986427],[-82.685184452068071,41.479681253275217],[-82.685126004855363,41.479681209274617],[-82.685082238392852,41.479697703342104],[-82.685031134889414,41.479736102204733],[-82.684965420667126,41.47977453504118],[-82.684870498435359,41.479845911667567],[-82.684812163926694,41.479873337626692],[-82.684673481556572,41.479933736175973],[-82.684578597575694,41.479955752885537],[-82.684527478003957,41.479961185635304],[-82.684476390302251,41.479944730549441],[-82.684490955912139,41.479933708567508],[-82.684753719299451,41.479785563874366],[-82.684746420860677,41.479758108985344],[-82.684651564890174,41.479670238254023],[-82.684593217176825,41.479664788239369],[-82.684461788259782,41.479741653382796],[-82.684432519540252,41.47973064315326],[-82.684344926605235,41.479631857180117],[-82.68368798577859,41.479038902285907],[-82.681476389440476,41.476842991578266],[-82.682169788242092,41.476453287092077],[-82.682490993156378,41.476277631318695],[-82.682658840558119,41.476145832248498],[-82.682688003258306,41.476101900904354],[-82.682702623231194,41.476074485339019],[-82.682695348486064,41.476052524296115],[-82.68264424972152,41.476003102336705],[-82.682607797775745,41.475992106667661],[-82.682563988332632,41.475997611673293],[-82.682520201250753,41.476008610696091],[-82.682454422083751,41.476030559966489],[-82.682374120127221,41.476074428942482],[-82.682184365501826,41.476178806114447],[-82.682067550416875,41.476255634846538],[-82.681804813296907,41.476348919479022],[-82.681724543330631,41.476370900161314],[-82.681658816338043,41.476376365130285],[-82.681571271874773,41.476376384590637],[-82.681512807577676,41.47637093467111],[-82.681483699440463,41.476310472054394],[-82.680308527232299,41.474592154886643],[-82.679607947494333,41.47357656641455],[-82.679513008375835,41.473433838758346],[-82.679469275827444,41.473428352708524],[-82.679374321440079,41.473461264738823],[-82.679279458530246,41.473307547032071],[-82.67937436855388,41.473263646996053],[-82.679104426033305,41.472840920411961],[-82.677973263002826,41.47110608153119],[-82.677374818596732,41.470189327275229],[-82.67685663911189,41.470304521126643],[-82.676790919999405,41.470068500990052],[-82.676710710117078,41.469953208011411],[-82.676572008648307,41.469612778034573],[-82.676440722859141,41.469360239771582],[-82.676345896479958,41.469151665208955],[-82.676294711085916,41.468986949748832],[-82.676258232730291,41.468877143730595],[-82.676192602888136,41.468723447392925],[-82.676046699267275,41.468498323360919],[-82.675922689708571,41.468328184039372],[-82.675849667954068,41.468212875694],[-82.675820527642671,41.468141513253045],[-82.675776661632185,41.467949399114232],[-82.675747575907792,41.467861552731883],[-82.675689184808007,41.467751705562279],[-82.675608947189119,41.467658389628873],[-82.675309742180886,41.467455224167942],[-82.675251308372225,41.467394826755687],[-82.675200180959891,41.467334503009603],[-82.675134610304909,41.467103883877961],[-82.675076223817086,41.466933688242904],[-82.675025173819776,41.466801936400003],[-82.674886563233841,41.466571390278745],[-82.674769764049628,41.466406638949259],[-82.674492464206239,41.466077231886871],[-82.67440498133918,41.465967447359624],[-82.674361204227338,41.465857656857935],[-82.674302769857491,41.465643596527279],[-82.67427363383004,41.465511795433571],[-82.674244490119108,41.465347118250541],[-82.674237181341937,41.465193382107607],[-82.674280959972023,41.465028724005286],[-82.674295685629758,41.464814589163247],[-82.674332144895672,41.464463228777937],[-82.674332233617321,41.464210756331482],[-82.674310394089375,41.464046062855935],[-82.674266555086319,41.463859351893269],[-82.674208259148472,41.463771570058519],[-82.67407689917475,41.463678186609542],[-82.673930920799151,41.463612307557675],[-82.673806918139519,41.463562861786748],[-82.673653569999587,41.463540954606103],[-82.673288685376818,41.463529871783336],[-82.673128208692475,41.463491494416722],[-82.672894677726546,41.463480480612439],[-82.672741392233959,41.463474964355065],[-82.672704948893625,41.463463965293911],[-82.672551671819448,41.463337662382351],[-82.672449512270447,41.4632388983499],[-82.672383827626604,41.4631290653505],[-82.672369300578282,41.463057669545201],[-82.672362039656193,41.462914921269324],[-82.672405904038811,41.462678925708012],[-82.672464279939334,41.462387955413647],[-82.672508141372106,41.462151869780037],[-82.672537294472093,41.461981750476738],[-82.672581198401033,41.46175665295435],[-82.672595758305121,41.46165231816876],[-82.672606429253591,41.461160302681428],[-82.672654283667327,41.461092391172464],[-82.672727286339423,41.460960635077264],[-82.672763834658667,41.460845351941252],[-82.67278567819416,41.460735596939294],[-82.672785698592278,41.460587338441037],[-82.672771158544293,41.460389662178827],[-82.672800340088997,41.460104250462535],[-82.672902686772275,41.459483878150337],[-82.672990389256341,41.458945954359478],[-82.673070732848785,41.458364002368356],[-82.673180303633629,41.457754693589493],[-82.673289896824713,41.45709044056305],[-82.673406673778928,41.456365734767601],[-82.673494369258805,41.455827810670293],[-82.673589335078873,41.455251410098739],[-82.673684254377036,41.45503178464331],[-82.673779141522189,41.454620036367828],[-82.673874063382215,41.45418640005601],[-82.673968981824643,41.453752673645909],[-82.67402740950908,41.453478184919213],[-82.674042006945001,41.453445276352134],[-82.674063993047241,41.453434327824759],[-82.674122295004238,41.453434289750192],[-82.674173359274931,41.453450750085437],[-82.674231804815264,41.453456294317739],[-82.674312071262875,41.453439813515416],[-82.674370387244949,41.453412393274085],[-82.674414172526525,41.453373925594953],[-82.674421488938492,41.453346527303061],[-82.674421512319029,41.453291583148086],[-82.67440695251446,41.453242165563708],[-82.674399599357344,41.453198317573879],[-82.674406929268969,41.453083008982091],[-82.674428830597975,41.452989645897198],[-82.674458073915261,41.45281403039823],[-82.674479986783197,41.452693195228093],[-82.674501874444559,41.452473641696329],[-82.674509182569579,41.452352839032649],[-82.674523812812467,41.452297952402482],[-82.674560308982763,41.452232118900795],[-82.674589510453416,41.452199177755865],[-82.674633338045169,41.452171698145456],[-82.674735468705549,41.452144270195234],[-82.67479378337255,41.452116849765972],[-82.674852174408258,41.452078439432192],[-82.674866747207105,41.452039946669338],[-82.674866772592509,41.451985092557187],[-82.674859515046975,41.451935658750656],[-82.67483031910497,41.45184781356199],[-82.674793881206767,41.451622714293421],[-82.674764732630948,41.451485509032835],[-82.674764799045164,41.451441553012934],[-82.674772050291395,41.451397672503802],[-82.674844972469586,41.451309871340733],[-82.67494722651125,41.451161655092974],[-82.674969093432949,41.4510902699366],[-82.674976357426175,41.450958479125006],[-82.674991012367784,41.450848738334479],[-82.675020169770178,41.450804808963134],[-82.675063996270254,41.450777329210624],[-82.675107789628143,41.450771827450239],[-82.675166156434045,41.450788361132368],[-82.675195331817932,41.450810273960712],[-82.67519530896702,41.450865218107801],[-82.675202552861762,41.450942033927731],[-82.675180726014403,41.451084755429441],[-82.675151524089472,41.451178134922699],[-82.675100432591037,41.451276877274651],[-82.675027436719375,41.451375758506295],[-82.675020174163151,41.451447111102262],[-82.675020148880108,41.45150196521287],[-82.675063886695057,41.451573385614061],[-82.675165989895518,41.451661249621907],[-82.67520974732389,41.451738073988324],[-82.675224415612149,41.451814961796472],[-82.675209793993602,41.451902724601808],[-82.675136775995725,41.451996111846604],[-82.67508575239701,41.45205098822715],[-82.675041932948389,41.452111344106704],[-82.67500534946862,41.452215639699276],[-82.674976208156707,41.452385849533314],[-82.674939744114511,41.45249014336617],[-82.674925132152921,41.452610872284104],[-82.674925067364896,41.452868929002413],[-82.674910457648764,41.452989747956757],[-82.674888481974747,41.453033662780555],[-82.674830209810452,41.453072071407057],[-82.674742606082901,41.453110456804239],[-82.674676954944232,41.453159871504127],[-82.674662357887925,41.453192780144143],[-82.674662329267818,41.453368510690964],[-82.674691460927249,41.453439873706429],[-82.674727949879525,41.453494736498541],[-82.674764431125553,41.453516723175362],[-82.674815528763688,41.453511205210511],[-82.674939527697276,41.453472830103152],[-82.675056254822906,41.453412403114093],[-82.675129275599417,41.453379544134151],[-82.675209574722786,41.453341084702785],[-82.675267933559724,41.453324652143557],[-82.675326323031015,41.453286151513169],[-82.675391932745512,41.453225838356254],[-82.675596425758329,41.452133350285031],[-82.675771561462895,41.452100444158383],[-82.675968603749823,41.452067488723529],[-82.676136404085142,41.452056576392323],[-82.676253170926714,41.452067574571231],[-82.676362535311441,41.452083994773432],[-82.676428214435731,41.452133387486583],[-82.676450156201781,41.452171888574625],[-82.67643551674783,41.452254247475004],[-82.676391772274272,41.452363962122412],[-82.676369819530663,41.452473809452826],[-82.676355234333883,41.452539684411455],[-82.67635519933863,41.452622010554364],[-82.676355253716807,41.45266596480409],[-82.676340557344005,41.452764717591265],[-82.676070495639763,41.454076766824407],[-82.675997487923894,41.45408224438912],[-82.675866167027593,41.454054794789919],[-82.675377265894895,41.453972387095838],[-82.675311639334197,41.453966948069372],[-82.675260582415603,41.453983364355445],[-82.67523858501437,41.454021785181524],[-82.675245864842026,41.454076713011972],[-82.675282332969118,41.454126081541155],[-82.675326160607568,41.45415903984496],[-82.675472153889572,41.454203029654472],[-82.675559635925921,41.454224993576673],[-82.675676384895596,41.454230498194995],[-82.67589529728825,41.454246943796754],[-82.676012089784294,41.454263436196712],[-82.676106874573989,41.454285383336099],[-82.676267408379246,41.454312857193628],[-82.676325776366824,41.454329300163081],[-82.676391460046887,41.454318344701598],[-82.676420704988701,41.45429639121641],[-82.676420617907326,41.45427441496637],[-82.676340375066928,41.454236043185006],[-82.676223713133453,41.454192077318339],[-82.676194492329159,41.454159176672754],[-82.676201849329487,41.454082238188931],[-82.676355150394855,41.453368616474847],[-82.676457377789291,41.452940456102674],[-82.676464669212663,41.452907473598877],[-82.676486513272224,41.452891032299355],[-82.676515724979325,41.452891056798855],[-82.676588631301655,41.452951422880538],[-82.676683512518139,41.453028311949673],[-82.676749212712608,41.453143546646601],[-82.676763796051205,41.453198457954677],[-82.676785649314212,41.453275330849763],[-82.676800230826757,41.453390590285302],[-82.676843935809501,41.453604684181734],[-82.67688775194361,41.453785900230052],[-82.67688040104423,41.454016411077973],[-82.676880387396295,41.454225017558102],[-82.676865761131921,41.454279994487692],[-82.6768219308276,41.454307384925499],[-82.676763671741071,41.454318412521118],[-82.676719819571531,41.454340308859436],[-82.67670525814269,41.454351329786853],[-82.676712473870197,41.454389775308123],[-82.67674165144507,41.454411687688712],[-82.676814703056735,41.454417197764158],[-82.676916847394239,41.454422733918904],[-82.676946070383494,41.454395286240704],[-82.67698254099075,41.454323867900982],[-82.677004376787636,41.454093325964351],[-82.677011800959789,41.453851735213291],[-82.677011726592937,41.453802376953327],[-82.677019050207221,41.453747416428939],[-82.677077464734822,41.453654150890259],[-82.677121261396081,41.453588300191541],[-82.677128487056365,41.453538835468592],[-82.677128510462623,41.453483981403288],[-82.67704834294473,41.453313743903962],[-82.677026467541893,41.453231377005039],[-82.677004518474178,41.453160090006747],[-82.677011843765172,41.453044781351885],[-82.67701915843881,41.452956944749907],[-82.677026418869502,41.452885592077678],[-82.677004533057044,41.452830697222694],[-82.676968127533868,41.45279772140114],[-82.676865900869714,41.452770299024031],[-82.676727356089032,41.452731876900366],[-82.676668943577837,41.452704355941755],[-82.676647025585964,41.45267143900449],[-82.67663982091689,41.452605521412607],[-82.676683521540866,41.452484818552179],[-82.676698212996484,41.452446323833705],[-82.676734620181634,41.452418951611136],[-82.67679304084821,41.45241891044715],[-82.676844104937899,41.452435369590432],[-82.67685867704715,41.452457314772303],[-82.676822272214224,41.452484777071689],[-82.676800276201106,41.452523198169771],[-82.676807589597743,41.452556147885055],[-82.676829466354562,41.45257816670442],[-82.676924346776062,41.452594617408906],[-82.676968141163599,41.452589114910808],[-82.676968121136227,41.45252327271583],[-82.676982692757633,41.452484779709408],[-82.676997332110957,41.452462858925031],[-82.677055730997253,41.452457323563905],[-82.677114066734248,41.452435396026161],[-82.677157817351002,41.452418905334923],[-82.677201635744268,41.452418986849629],[-82.677230790728728,41.452435405062445],[-82.67727462946425,41.452501328737149],[-82.677311086807592,41.452517730494655],[-82.677391384480558,41.452539707741096],[-82.677420563732582,41.452561710001881],[-82.677427877447116,41.452594659670204],[-82.677384015728009,41.452764814571083],[-82.677310975283007,41.452973405343592],[-82.677289076658909,41.453127117012855],[-82.677281795534071,41.453253413796304],[-82.677296344713042,41.453330212976603],[-82.677347421540404,41.453560862427878],[-82.677361982291131,41.453670627705108],[-82.677362068325195,41.45375295206896],[-82.677310925210222,41.453928617455041],[-82.677303665041336,41.453999970136763],[-82.677325541106669,41.454082336965136],[-82.677405776215679,41.45414827013105],[-82.677500550891423,41.454197688152853],[-82.677668409361502,41.454230637638538],[-82.677858153593974,41.454258043391093],[-82.678004048598254,41.454307435683994],[-82.678179200006511,41.454367839961392],[-82.67825940251781,41.454395312341646],[-82.678310502807591,41.454389882840701],[-82.678332454622165,41.454340473344573],[-82.678332441666825,41.454126372912548],[-82.678310520460201,41.454033018189421],[-82.678252238164802,41.45397811433611],[-82.678179262801123,41.453961615308188],[-82.677960350959737,41.453945174079884],[-82.677974955882561,41.453945141117629],[-82.67798226775237,41.453615731977827],[-82.677872780747762,41.45359931514308],[-82.678099131101234,41.45259468429493],[-82.678296099482694,41.45263315284123],[-82.678551670672647,41.451392466880961],[-82.678303490688123,41.45135951994515],[-82.678376470741568,41.451106974409335],[-82.678996679450506,41.45118934387591],[-82.678974829128691,41.4514143919926],[-82.67876324987229,41.451403429633785],[-82.678383574624164,41.453346775941469],[-82.678507646480213,41.453357755244888],[-82.678478417640008,41.453714595905005],[-82.678908918039525,41.453802436590792],[-82.678981946960747,41.453742103145963],[-82.679229919042967,41.45378054594196],[-82.679324902087984,41.453462106283865],[-82.679770137083963,41.451304689638739],[-82.680134941795515,41.451343135284674],[-82.68014952858924,41.45145839418133],[-82.679602065723984,41.453945256662074],[-82.679521800802618,41.454022089244425],[-82.679477996171258,41.454055064767743],[-82.679426918282473,41.454065988839716],[-82.679324818405703,41.454071443036987],[-82.679215352343235,41.4540605215726],[-82.679018303413727,41.454033044587533],[-82.678930788820608,41.454033061314284],[-82.678901544862441,41.454055015421346],[-82.6788797231073,41.454137299322419],[-82.678850474224916,41.454488645965625],[-82.678828600861664,41.454587503816455],[-82.678835827668564,41.454598477140209],[-82.67885773758772,41.454598517560846],[-82.678952577294467,41.454543630299852],[-82.679018292402716,41.454510695356291],[-82.67916426179525,41.454488658153345],[-82.67928825020725,41.454477750367218],[-82.679426907356515,41.454483201427102],[-82.679521813189709,41.454505143948204],[-82.679587455435822,41.454543636652851],[-82.679609353536421,41.454571058918262],[-82.67959477437293,41.454697372328113],[-82.679587454409699,41.454873029108356],[-82.679594725459197,41.454894990491411],[-82.679623957756945,41.454900418192501],[-82.679645823681525,41.454889470348476],[-82.679682315913809,41.45482363530229],[-82.679784501935089,41.454450326441375],[-82.679806408525593,41.454389928576006],[-82.679835564078971,41.454345998019768],[-82.679879282786416,41.454291136176316],[-82.679923086313664,41.454197812434963],[-82.679945068243796,41.454126424688162],[-82.679959668727605,41.454005605302427],[-82.67997418662226,41.453923337835704],[-82.679988827756773,41.453753068453636],[-82.680010745605031,41.453665288569503],[-82.680018013209605,41.453626811823575],[-82.680039932106553,41.453599380000597],[-82.680076391912195,41.453555522816949],[-82.680178606997018,41.453489628117538],[-82.680404760060711,41.453341398175453],[-82.68063823658774,41.453198645211025],[-82.680762382089767,41.453138284152075],[-82.681054249473519,41.453017555130685],[-82.681105301765641,41.453001046263331],[-82.681149020664037,41.453006532017895],[-82.681236644664054,41.453033983885256],[-82.68130961967627,41.453050480964762],[-82.68140438211293,41.453066929652017],[-82.681513902201317,41.453061455177611],[-82.681601446282244,41.453039458541014],[-82.681740119995965,41.452990052874803],[-82.681791174407678,41.452973633742737],[-82.681842270908689,41.452968112653778],[-82.682134102363065,41.453017526940222],[-82.682323794073554,41.4530614992468],[-82.682593780268476,41.453067006709368],[-82.682819925422322,41.453066940152418],[-82.683075359633989,41.453055996153822],[-82.683243150623042,41.45307245529856],[-82.683440198132899,41.453099925015955],[-82.683571475211423,41.453116377775991],[-82.68365913048595,41.453121849813954],[-82.683768545356983,41.453149340968025],[-82.683914419632814,41.453193231616432],[-82.684031175679195,41.452935267795937],[-82.684417898597999,41.452973648885717],[-82.684447070562641,41.453023031237997],[-82.684366892363386,41.453325045208516],[-82.684279324159149,41.453341459869513],[-82.68414071900466,41.453407350733229],[-82.684053075315248,41.453522665077429],[-82.683914432394459,41.454022161489299],[-82.683899812137369,41.454077139185998],[-82.683885211928143,41.454137520890491],[-82.683914406466201,41.454192397419099],[-82.683950913512817,41.454219875125879],[-82.683980168233319,41.454230795756864],[-82.68403124540994,41.454219869661756],[-82.684067692874763,41.45420339320502],[-82.684133297796521,41.454203333127772],[-82.684235464602907,41.454214356772134],[-82.684374113909172,41.454247273807745],[-82.684563818009735,41.454263770294126],[-82.684731709624771,41.454274731373388],[-82.684965223875736,41.454318687706134],[-82.685096526249723,41.454340632692031],[-82.685198691072614,41.45435156542834],[-82.685337305464031,41.454346111253656],[-82.685424939966822,41.454346087851647],[-82.685519727756514,41.454368027099186],[-82.685636545086723,41.454390003633414],[-82.685731407568142,41.454400952861967],[-82.685818902226742,41.454395526905003],[-82.685942961272303,41.454373532042794],[-82.686001295527021,41.454351599993856],[-82.686045119535876,41.454324116080038],[-82.686074241459153,41.454302161949393],[-82.686103467190676,41.45424724004868],[-82.686103489747097,41.45416491418797],[-82.68610345128161,41.453950814328891],[-82.686110746958249,41.453890449389007],[-82.686147232075641,41.453824612431056],[-82.686183685481552,41.453780663349157],[-82.686227509039938,41.453753179374381],[-82.686285910448376,41.453747729319836],[-82.686336932631576,41.453753196053299],[-82.686373417807587,41.453775178927238],[-82.686446453741695,41.453835536726025],[-82.686526643381256,41.453917857122946],[-82.68662885604364,41.454027686598323],[-82.686709097921394,41.454093522977068],[-82.68674556077508,41.454110011683497],[-82.686811287550256,41.454110038351821],[-82.686891551279103,41.454093548756411],[-82.687001004446387,41.454071586868785],[-82.687095823642693,41.45407163692645],[-82.687124965432147,41.454055086540542],[-82.68718335063096,41.454016670026363],[-82.687234433320469,41.453978270557997],[-82.687263600049889,41.453967304215681],[-82.687292812140569,41.453967325946074],[-82.687307410780079,41.453994763745051],[-82.687329305649229,41.454049656416892],[-82.687351184084406,41.454071583089068],[-82.687431503341386,41.454126519144815],[-82.687679580309123,41.454247267501472],[-82.687737899398655,41.454280188444997],[-82.687745292773414,41.454302147493117],[-82.687745272300717,41.454384473307115],[-82.687752511208203,41.4544558839724],[-82.687767110159612,41.454483321704821],[-82.687796345207701,41.454488837339937],[-82.687840071582485,41.454466848547511],[-82.687949605162686,41.454406423963135],[-82.688022543700882,41.454384456653891],[-82.688066317768545,41.454373545891706],[-82.688095459433185,41.454356995261101],[-82.688132005147921,41.454335111771286],[-82.688153867062397,41.45432407229638],[-82.688234079302859,41.454324065629926],[-82.688321662340414,41.454340523875814],[-82.688423829932233,41.454351543752416],[-82.688482178002445,41.454362486398949],[-82.688504133358464,41.454373513044494],[-82.688540611553719,41.454422877106687],[-82.688584411741829,41.454505280011176],[-82.688620867275532,41.454549150007317],[-82.688671953011578,41.454598569730756],[-82.688723016016709,41.454642495392768],[-82.688839798492666,41.454713828420651],[-82.689014909266959,41.454790699687791],[-82.689109767338081,41.454829118021337],[-82.689160859105087,41.454851065575795],[-82.689211922638449,41.454894991006668],[-82.689255729410192,41.454949921689646],[-82.689255761995469,41.455015763592883],[-82.689262985194262,41.455054208150329],[-82.689226548348458,41.455131034113037],[-82.689051516788439,41.455998473263278],[-82.689124512039442,41.456047841157584],[-82.691277058634853,41.45631677033974],[-82.691320909154982,41.456267306545236],[-82.691539716940184,41.455339502709172],[-82.691568876030018,41.455240715540661],[-82.691561485671684,41.455191284859765],[-82.691576120607195,41.455169362306549],[-82.691605287087313,41.455158394861591],[-82.691707483836012,41.455147433879425],[-82.691831542074127,41.455125432636997],[-82.691919062031346,41.45509793408138],[-82.691962886285737,41.45507053798093],[-82.691984800520899,41.455043103970048],[-82.692021227469425,41.454993659072713],[-82.692050421102564,41.454960713637959],[-82.692079541219073,41.454938758016446],[-82.692137970364655,41.454911327079536],[-82.692167163902894,41.454878381616837],[-82.69218905488755,41.454845453540266],[-82.692210954158782,41.454757581643918],[-82.692232826124382,41.454691687622656],[-82.692254670803038,41.454647771476353],[-82.692283887279643,41.454620320016247],[-82.692364150102577,41.454603826593932],[-82.692422501328721,41.454614857245957],[-82.692495480699748,41.454631347073835],[-82.692561178396588,41.454653258262198],[-82.692663336785557,41.454719128092542],[-82.693013553573948,41.454955184095546],[-82.693217895610729,41.455092416834006],[-82.693903828646881,41.455558973298658],[-82.694465774276253,41.455948720211055],[-82.694684774443076,41.456096903142587],[-82.695348797066814,41.456558009073731],[-82.695998390288167,41.457002570575618],[-82.69642888699363,41.457304445003757],[-82.69699816561868,41.457694161067145],[-82.697530959744796,41.458061894975806],[-82.69796879939733,41.458369329572257],[-82.698450555386714,41.458698631644545],[-82.698654800918462,41.458835855871605],[-82.698698691998672,41.458852321048568],[-82.698764348617445,41.458863240497912],[-82.698815378012569,41.458868791584962],[-82.698851920106677,41.458846814666899],[-82.698873808905262,41.458813885370745],[-82.698881089437194,41.458780901694226],[-82.698859181868613,41.458753483346726],[-82.698019891009494,41.458166184341401],[-82.697720686921912,41.457968571947568],[-82.697377620077134,41.457732515200391],[-82.697049187204229,41.457502005999984],[-82.696698897500255,41.457255065039689],[-82.696363164330194,41.457024481400602],[-82.696085904489252,41.456832395542847],[-82.695991042069622,41.45676651129299],[-82.695648011215624,41.456535943071742],[-82.695319613865777,41.456310922630259],[-82.694801498525564,41.455954130684908],[-82.694706638684067,41.455888245307044],[-82.694640965467812,41.455844357538524],[-82.694604476406923,41.455822377395513],[-82.694611667943889,41.45576750788058],[-82.694662797183824,41.455712621329617],[-82.69469921923087,41.455520502255276],[-82.694743043094803,41.455295397942692],[-82.694721091839384,41.455256990680191],[-82.69462627114774,41.455256946987085],[-82.694553217511483,41.455251448359554],[-82.694436564561869,41.455240557365549],[-82.694356229336293,41.455240480136098],[-82.694005980174609,41.455196641589339],[-82.694042394855742,41.455059376421751],[-82.69495458089915,41.455180050795747],[-82.694830632569136,41.455822376889593],[-82.69489631123048,41.455838882703873],[-82.694976548500563,41.455844365287874],[-82.695093383591143,41.455954151643674],[-82.695071505988807,41.456074899868618],[-82.695217443577818,41.456102291930229],[-82.695275774397743,41.455910209979855],[-82.695326779392389,41.455685089662929],[-82.69536319634436,41.455125118079017],[-82.695662400898243,41.455158085968314],[-82.695604081990723,41.455465459575834],[-82.695574926249336,41.455591719513073],[-82.695494633149877,41.456052899066265],[-82.695480090160743,41.456124270055966],[-82.69551654848172,41.456195609597145],[-82.695574943356277,41.456245008474873],[-82.695640692820859,41.456277995911847],[-82.695699043706185,41.456288934808015],[-82.695742846321068,41.456228571387271],[-82.695837617685072,41.455624684904812],[-82.695874067979759,41.455553260989767],[-82.695925071154562,41.455553319408708],[-82.695961604991766,41.45558619713006],[-82.695939718843661,41.455816832970882],[-82.695859582203767,41.456371234531296],[-82.695910693106768,41.456481088617338],[-82.69603478676791,41.456579868268612],[-82.69621722970497,41.456717058262981],[-82.696319371543112,41.456777430641438],[-82.69641418736542,41.456832326572346],[-82.69645800612787,41.45683231059634],[-82.696501759116046,41.456788430719861],[-82.696552830833014,41.456579792013912],[-82.696582015403521,41.456404172203158],[-82.6965892287228,41.456327234721869],[-82.696545492262956,41.456233935381519],[-82.696538168419806,41.456200987171947],[-82.69659658013245,41.456113206267233],[-82.696684131812489,41.456008872550093],[-82.696757030970986,41.455893586107102],[-82.696786192298589,41.455909999179362],[-82.696786258379603,41.455981424962296],[-82.696749767410552,41.456212006228583],[-82.696655048557943,41.456826791262166],[-82.696910419204571,41.456854277729072],[-82.69711450900445,41.455778243095857],[-82.697369930607664,41.455706829232447],[-82.697888141849148,41.456475325146954],[-82.697705726016665,41.456541248803163],[-82.697340873518712,41.456107626276541],[-82.697194836631311,41.456085642691043],[-82.69710746331593,41.456568725098776],[-82.6972533109778,41.456574228484172],[-82.697486807639478,41.456442429732945],[-82.697581667326716,41.456563256429121],[-82.697041790010019,41.456749927571124],[-82.696998043931444,41.456991514630722],[-82.696976154742146,41.457024443582689],[-82.6968301820812,41.457073885349779],[-82.696866759978619,41.457172694500962],[-82.69703458344776,41.45722200891533],[-82.6976255391249,41.457024315528514],[-82.697786095298227,41.456969433273237],[-82.698369790843913,41.456782741925061],[-82.698610609416377,41.456711360827846],[-82.698683593965711,41.456700374775941],[-82.698734667997343,41.456689352088624],[-82.698800324779228,41.45670036160508],[-82.698902470190092,41.456733259785985],[-82.698931707092669,41.456738772529846],[-82.698982804791456,41.456733243746385],[-82.699041087870228,41.456727788911088],[-82.699223597601232,41.456683839201993],[-82.699464367366829,41.456601468309863],[-82.699697831467233,41.45651902476353],[-82.699829146809122,41.456486098988975],[-82.699953252891675,41.456447605140504],[-82.700011607757261,41.456431160024266],[-82.700077193143102,41.456425686773031],[-82.700135569383065,41.456414645570092],[-82.700186716626092,41.4564201943179],[-82.700215926597949,41.456447594515488],[-82.700259742862102,41.456529992576606],[-82.699551922461808,41.456749602908232],[-82.699106901065193,41.456886963627703],[-82.698486690711619,41.457073657675807],[-82.698442829852183,41.45700783275074],[-82.697727742198879,41.45723843787183],[-82.697757026406506,41.457254938945546],[-82.697735043200609,41.457265891969122],[-82.697720484797387,41.457276915506789],[-82.697684060494353,41.457298800253007],[-82.697705944044785,41.457348286721967],[-82.697713242703372,41.457375650783334],[-82.697705914545452,41.457397646367767],[-82.697596530547401,41.457436100590179],[-82.697611038215285,41.457469032734359],[-82.697669528328788,41.457567878391465],[-82.6976767350411,41.457573356425314],[-82.698063506421477,41.457447039541343],[-82.698194877274034,41.457622630433399],[-82.698888103945322,41.457402973821637],[-82.698931891948973,41.457507260191278],[-82.698275159570301,41.457721514209311],[-82.698194961540437,41.457781875677711],[-82.698172978237821,41.457792828786957],[-82.698121950478239,41.457814839274192],[-82.698114643682487,41.457842238860238],[-82.69810741007403,41.457886210528791],[-82.698136547431261,41.457924601054813],[-82.698260574795583,41.458034367938708],[-82.698289859499226,41.458050868863673],[-82.699004859045303,41.457798284046596],[-82.69907782103013,41.457781803706169],[-82.699143525195495,41.457776239153716],[-82.699187295987556,41.45779270592714],[-82.699209229408666,41.457825708269169],[-82.699194691346008,41.457869607801285],[-82.699150892110495,41.457902500651151],[-82.699041435889129,41.457951946046755],[-82.698559884797234,41.458116685775572],[-82.698530645875522,41.458138644790068],[-82.698559905627661,41.458177123468033],[-82.698654738840332,41.458347218738815],[-82.69869123202227,41.458341725685422],[-82.698778779165522,41.458319805910811],[-82.699107148581902,41.458198941959516],[-82.699253129725562,41.458429529539366],[-82.699282295171244,41.45844603196894],[-82.699333346724146,41.458429514976466],[-82.699523144468472,41.458325199206442],[-82.699822278052238,41.458171438868781],[-82.699858723498252,41.458154957424533],[-82.699895191842188,41.458171441807281],[-82.69988067879757,41.458193363600991],[-82.699136421109912,41.458797394973779],[-82.699099924195338,41.458830269968516],[-82.699026978799296,41.458934569819704],[-82.698961338502428,41.459038941829974],[-82.698720623903682,41.459220119358648],[-82.697159174313967,41.460466438526716],[-82.697027903039498,41.460455495808887],[-82.696940326851248,41.460499392147177],[-82.696918387428028,41.460548804915874],[-82.696933036681301,41.460614701221658],[-82.696984110013062,41.46065862293662],[-82.697049770558635,41.460669633369022],[-82.69713003942033,41.46065313647459],[-82.697166534028483,41.460647643876882],[-82.697633667583347,41.461026344080928],[-82.697677441960039,41.461015339546861],[-82.697721220382206,41.460976953195825],[-82.697721245689237,41.460954975372438],[-82.69734174671072,41.460658568287649],[-82.69729790373141,41.460625618801714],[-82.697283256457212,41.46055981258796],[-82.697312428074568,41.460493899976179],[-82.697866960968824,41.460060124954374],[-82.698589357792926,41.459489120629577],[-82.698720611269522,41.459384770287507],[-82.698771713400632,41.459379331590519],[-82.69961831137077,41.459878787175207],[-82.700472225340079,41.460378218246056],[-82.700530675954269,41.460411130609003],[-82.700523324084955,41.46045510415599],[-82.700012648183673,41.460921750082896],[-82.69953108440653,41.461393908178337],[-82.699334136450005,41.461591553660071],[-82.699129869397595,41.462036282989061],[-82.699786595534235,41.46183859711055],[-82.700406916249221,41.461640815386254],[-82.700457899731362,41.461662849480952],[-82.700837514690775,41.461926278169244],[-82.701041823211639,41.462074485754947],[-82.701100299809454,41.462085419984071],[-82.701968613640844,41.461755878944679],[-82.702486654711265,41.461552754511736],[-82.702530476552994,41.461552736142089],[-82.702596087485489,41.461662462428301],[-82.70277870198511,41.461942402381645],[-82.703391569346024,41.461739220586409],[-82.703749383258597,41.462271645600467],[-82.70411441397799,41.462891962232533],[-82.704231157276084,41.463056593816091],[-82.704296939729986,41.463094979966854],[-82.704384516421314,41.463106021588395],[-82.704442849438479,41.463083990089146],[-82.704508511182723,41.463040052632337],[-82.704523045475611,41.462968680746833],[-82.704486574485941,41.462924816204435],[-82.704420957760462,41.462897326346031],[-82.70436250409908,41.462891887838836],[-82.704194559546167,41.462573542799412],[-82.703829529970989,41.461953226369694],[-82.703588624889107,41.461541566632249],[-82.703588600035673,41.46150860085136],[-82.703843892363281,41.461431680038963],[-82.703865804412487,41.461431715616179],[-82.703902298237395,41.461481074394477],[-82.704230902617141,41.462041042263387],[-82.704267347715813,41.462051941137517],[-82.704522739160609,41.461969613054393],[-82.704530089624754,41.46195311108611],[-82.704420553171786,41.461739013793924],[-82.704237956774719,41.46140971708008],[-82.704099301659156,41.461162634539086],[-82.704084621903036,41.461118717096099],[-82.704237903182971,41.461069337893655],[-82.704274350092476,41.461080326815726],[-82.704741727265926,41.461859721860733],[-82.704756289057755,41.461876259245102],[-82.704800062697331,41.461865252006746],[-82.705004397752234,41.461799352289688],[-82.705033586614292,41.461793785379172],[-82.704814538314025,41.461371175715676],[-82.705135560784854,41.461266796434828],[-82.705142815554424,41.4612557902039],[-82.704974918520307,41.460866108946391],[-82.705084279357123,41.460822153668829],[-82.705244859940422,41.460772664884715],[-82.705281355299007,41.46079464148395],[-82.705807033265501,41.461678370879966],[-82.705880021948985,41.461667380157081],[-82.706150016231291,41.461585011960814],[-82.706164647535232,41.461563087637757],[-82.705901692654137,41.461068984386181],[-82.705908996468395,41.461041584380098],[-82.706054994861034,41.460997625026941],[-82.706098698403338,41.461025078836613],[-82.706368882469206,41.46150259127522],[-82.706456431010338,41.461480665610182],[-82.706624317666353,41.461431246605336],[-82.706609660501812,41.461392823521301],[-82.706376017262173,41.460948185866734],[-82.706354127795834,41.460926173005241],[-82.706419861024997,41.460926188260864],[-82.706565743118745,41.460937173555223],[-82.706646034001281,41.460926164040572],[-82.706675198285268,41.460887721011311],[-82.706682426661914,41.460816367223273],[-82.706675190717078,41.46072307056216],[-82.706631361380346,41.460613203484066],[-82.70656564953569,41.460508975388528],[-82.706485325404216,41.460349750335361],[-82.706405002114039,41.460163143491286],[-82.706397622228607,41.46009173629561],[-82.706426762415205,41.460020417610515],[-82.706470605550521,41.45999841999631],[-82.70652170502558,41.459992887812518],[-82.706579992225542,41.46001490085397],[-82.706733371615925,41.460152054820448],[-82.706755189666481,41.460212439102165],[-82.70760223693101,41.461716484945633],[-82.707624154077109,41.461798844989225],[-82.707726363253144,41.46189757643905],[-82.707799378796295,41.46191955022865],[-82.707850408844408,41.461925007186316],[-82.707894208768082,41.461919582807134],[-82.707952634723284,41.461892053800753],[-82.707981798635615,41.46185361045287],[-82.707967140575619,41.46181518756439],[-82.707850360790076,41.461590122438565],[-82.707251504535819,41.460382511497436],[-82.707185862870858,41.460267294003373],[-82.707178433344367,41.460184898888244],[-82.707200389214194,41.460140978324674],[-82.707251393518106,41.460113559872141],[-82.707287960043431,41.460124546062133],[-82.707338990966562,41.460157475030492],[-82.707382789707879,41.460206814296797],[-82.707609228997029,41.460645972478751],[-82.707886733165083,41.461205877994708],[-82.707937745964273,41.461288256153928],[-82.707981543334469,41.461310123417441],[-82.708047323210252,41.461293653978217],[-82.708105582289249,41.461255228735112],[-82.708112931471149,41.461211344855194],[-82.708090992120333,41.461150962653569],[-82.707682030069009,41.460349547083396],[-82.707689330701996,41.460322056942992],[-82.707667462804707,41.460223303161392],[-82.707579762484627,41.460075087076447],[-82.707696518494544,41.460025615213802],[-82.707732989788767,41.460042097032961],[-82.708105391328218,41.460618426722128],[-82.708149234268078,41.460596428472364],[-82.708382808667409,41.460942255154023],[-82.708652934780886,41.46137589819363],[-82.708952185379587,41.461277055958604],[-82.708959390418258,41.461255061520013],[-82.708477448770694,41.460387810498595],[-82.70840452993977,41.460360341331707],[-82.708338742496835,41.460267014030514],[-82.708221920843769,41.460085904695447],[-82.708127033185548,41.459882852246309],[-82.708105069852934,41.459816976032315],[-82.708097832313811,41.459751061197565],[-82.708112413642354,41.459718148656791],[-82.708119616177783,41.459668682518284],[-82.708097701856829,41.459613794285985],[-82.708053971161604,41.459525993779849],[-82.708053895182502,41.459482040052507],[-82.708061197938903,41.459454639926669],[-82.70810494490857,41.459438137478166],[-82.708177906197832,41.45942165136038],[-82.708250965344618,41.459427141170373],[-82.708375012265762,41.45953689665302],[-82.708440746825147,41.459564382524597],[-82.708484521048121,41.45958084566707],[-82.708659609569338,41.459564282843907],[-82.708769063728042,41.459542300117903],[-82.708871260908879,41.459503852002186],[-82.708995298714825,41.459476428172543],[-82.709024391027057,41.459476356046103],[-82.709031767645229,41.459492819543733],[-82.709243535454092,41.459915529346418],[-82.709272774568944,41.459921039400854],[-82.709761542643136,41.459767226262734],[-82.70976886694406,41.459745229998049],[-82.709586338486886,41.459355502927849],[-82.709571729278238,41.459328068219172],[-82.709557064448163,41.459234702059476],[-82.709535117207153,41.459091994963181],[-82.709498568241045,41.4590041783052],[-82.709454836124138,41.458916378356442],[-82.70944741032622,41.458888926902723],[-82.709447456290093,41.458872443149261],[-82.709483994684334,41.458850462921589],[-82.709549652018026,41.458833994457024],[-82.709629844658394,41.458828478689696],[-82.709761212624699,41.458861382971591],[-82.709914584640472,41.459102925560053],[-82.71000221599104,41.459262039520553],[-82.71001677954628,41.459305957920726],[-82.710016807596347,41.459338923639734],[-82.710024138631468,41.459371870818273],[-82.710111748367623,41.459525580721845],[-82.710119100631829,41.459536550153985],[-82.71035253853259,41.459448681061076],[-82.71038903120521,41.459443184294358],[-82.710447383525945,41.459426643837524],[-82.71048389721301,41.459399169305307],[-82.710615393846311,41.459701113959404],[-82.710615372858697,41.459723091693185],[-82.710681093952275,41.459854789081128],[-82.710695633427207,41.459893213390544],[-82.710717620331693,41.459937111318943],[-82.710732158475409,41.459948153938626],[-82.710790535838143,41.459937107288788],[-82.711191902458708,41.459810799271857],[-82.711235648829145,41.459794295643611],[-82.711257535553614,41.459788835834956],[-82.711308634382505,41.459783301533101],[-82.711432717050513,41.459739391341785],[-82.711447252898864,41.45975034383352],[-82.711483730676434,41.459821677836821],[-82.711505691634699,41.459832699940314],[-82.711549423058756,41.45989302731072],[-82.711622408661711,41.459882032999779],[-82.711673555287476,41.459860104831279],[-82.71165887080538,41.459816188453125],[-82.711344852538474,41.459289261298409],[-82.711067432025956,41.458806193798914],[-82.710819092693228,41.45837259243509],[-82.711213144543095,41.458246213071583],[-82.711249661187495,41.458246210034517],[-82.711373794485226,41.458454769327687],[-82.711205943949039,41.458509689043169],[-82.711315511762919,41.458646948461777],[-82.711446726033458,41.458592033478574],[-82.71173879547473,41.459031107284872],[-82.711979631373552,41.458965192260088],[-82.712023401765904,41.458954182332221],[-82.712008787383184,41.458899276238739],[-82.712074464584447,41.458860828617134],[-82.712067107795292,41.458822387601529],[-82.711942946784575,41.458608335144561],[-82.712023256675764,41.458575434256268],[-82.712460982368142,41.458443536471151],[-82.712731214483071,41.458844202256486],[-82.712971998887056,41.458767297216809],[-82.712972019094451,41.458745319496202],[-82.712504580230018,41.457889038081063],[-82.712519158940708,41.45785612502781],[-82.712949670825765,41.457718748415587],[-82.712986146723253,41.457762700280973],[-82.713446183479292,41.458569550761169],[-82.713686921090428,41.458509127992713],[-82.713672305431771,41.458454222134307],[-82.713453281423355,41.458020549912746],[-82.713715897958139,41.457927195203425],[-82.713759692277009,41.457921678616792],[-82.713810724591994,41.457954604688055],[-82.713861911623795,41.458047966335606],[-82.713869169594332,41.458064431287717],[-82.714088063866058,41.457992984278498],[-82.714548182533193,41.458761458597486],[-82.714621166306372,41.458750462417932],[-82.714927526222937,41.458640509988719],[-82.714832578663689,41.458481328813413],[-82.714416335486959,41.457751382473774],[-82.714722741171869,41.457652418626814],[-82.714744757326002,41.457701899777042],[-82.714854239440115,41.457872033133988],[-82.714949055481597,41.457844498288523],[-82.715416547444391,41.458678881437024],[-82.716540136702335,41.458327227614504],[-82.716591208689735,41.458316197019151],[-82.716583798986917,41.458266768388079],[-82.716415833483524,41.457953935991803],[-82.716386635232112,41.457904562382524],[-82.716371998396824,41.457871634606882],[-82.716496077637828,41.457855100726611],[-82.716598248423367,41.457838623579804],[-82.716649294847073,41.457822098987734],[-82.716729510650808,41.457822072281949],[-82.716831756887146,41.457822076862939],[-82.71699956688721,41.457838486093053],[-82.717130929855045,41.457843910247647],[-82.717240378012121,41.457821919568474],[-82.717422789539427,41.45781090855305],[-82.717473911450327,41.457810865529041],[-82.717488494162737,41.457805423567258],[-82.717539557644528,41.457871223556602],[-82.71809403810164,41.457695406906261],[-82.718137827397314,41.457662507034058],[-82.718166951306372,41.457591095603171],[-82.71815227709709,41.457497820799247],[-82.718115742919451,41.45741550105847],[-82.717969735561709,41.457140983426697],[-82.717794438651111,41.456822678123523],[-82.717626494272338,41.456515251403779],[-82.717604547943637,41.456454871125523],[-82.717582609600655,41.45631765982862],[-82.717582529676505,41.456273796255864],[-82.717779528764467,41.456207803383904],[-82.717808697704228,41.456224301031988],[-82.717845198834382,41.456273655257384],[-82.718246997801089,41.457058568431513],[-82.718319985701058,41.45717934427099],[-82.718341850119515,41.457195770796041],[-82.718414838352729,41.457212243919976],[-82.718473290202283,41.457217765403556],[-82.718604594304992,41.457184728286322],[-82.718743246995572,41.457135278255819],[-82.718640945881234,41.456888300488309],[-82.718385241327596,41.456372320303394],[-82.718626009650265,41.456295403717355],[-82.718698964563714,41.456278911040577],[-82.718728159103378,41.45630090242544],[-82.718801246576106,41.456547866486105],[-82.719020604402246,41.457255970909998],[-82.71915947690421,41.457722535921043],[-82.719210537084678,41.457760953517713],[-82.719261635911494,41.457755505763082],[-82.719480548305967,41.457689542602765],[-82.719619081674153,41.457640093302793],[-82.719641035754265,41.457623642191578],[-82.719648305643247,41.45759065741963],[-82.719399678580814,41.456586116721581],[-82.719304532135681,41.456229325604696],[-82.719297309253662,41.456168905640027],[-82.71930454888971,41.456103045280678],[-82.719333678174735,41.456059105237287],[-82.719392070936181,41.456026166663904],[-82.719472302519719,41.456004160403381],[-82.719545238846408,41.456009644886201],[-82.719603620847096,41.456026155554191],[-82.719683991968068,41.45608647229934],[-82.719742325268854,41.456196297570493],[-82.719778964589693,41.456404895296473],[-82.719793604927304,41.45654212523413],[-82.7198083701375,41.456706734994611],[-82.719837603328216,41.456789073331088],[-82.719917957328576,41.457052591151331],[-82.719910763969963,41.457206270420663],[-82.71993273814337,41.457272144175441],[-82.719983772951494,41.457305067457931],[-82.720049502258419,41.457305074995936],[-82.720085967352489,41.457294081219722],[-82.720144309869042,41.457250154313506],[-82.72018801373558,41.457173300120736],[-82.720180713494059,41.457096398324097],[-82.720166000653094,41.45686585560631],[-82.720114869203712,41.456734125559898],[-82.720078164826973,41.45645968676078],[-82.720056094124786,41.456113782570498],[-82.720056081311256,41.456058929294635],[-82.72009253810549,41.45602046387215],[-82.720180048924405,41.45599303401324],[-82.720318703183636,41.455970963767243],[-82.720399038675353,41.455971022794088],[-82.720471929433771,41.455992900360933],[-82.720515806065592,41.456031334807086],[-82.720545014311014,41.456108178989602],[-82.720596167183032,41.456322233766969],[-82.720625493363485,41.456475997106239],[-82.720720484585158,41.456849272460076],[-82.720771771828296,41.457118178571946],[-82.720844717428207,41.457151133847354],[-82.720859322844731,41.457151095401301],[-82.720917741294869,41.457123650026453],[-82.720976108624427,41.457085216681946],[-82.721041761067283,41.457068741746959],[-82.721173045999336,41.457057679402403],[-82.721253278192449,41.457035671891049],[-82.721297116548399,41.457013758793821],[-82.721311713792346,41.456986248650146],[-82.721311589505575,41.456881947882628],[-82.721274948564528,41.456596519841675],[-82.721260296994515,41.456431818511916],[-82.721209077689807,41.45633305638588],[-82.721172617048481,41.456267219575608],[-82.721157962096711,41.456179349148925],[-82.721114139878011,41.456075071966467],[-82.72108484068859,41.455926892767266],[-82.721084799095991,41.455866455499773],[-82.721099390541823,41.455811563768144],[-82.721128569567071,41.455778611237591],[-82.721157679980081,41.45575664843404],[-82.721216102772345,41.455756584540268],[-82.721267233493904,41.455784101546172],[-82.721318267761944,41.455817024255225],[-82.721369388047435,41.45581697953196],[-82.721434987981297,41.455789516454523],[-82.721478754542957,41.455778502998449],[-82.721507958934467,41.455751044346236],[-82.721537078355439,41.455679632129687],[-82.721559048656616,41.455641202995118],[-82.721653878177847,41.455591775097027],[-82.721770574629275,41.455558863030959],[-82.721894571101643,41.455525841527653],[-82.721960204516847,41.455531343772371],[-82.721996751157931,41.455564212929893],[-82.722025986521643,41.455646550682566],[-82.722047970658167,41.455739895660571],[-82.722230802151358,41.456464483563884],[-82.722238044902952,41.456502925620015],[-82.722260004082287,41.456513855626532],[-82.722311073606633,41.456502822537502],[-82.72247881511376,41.456453382654765],[-82.72260284093521,41.456425944371276],[-82.722763422370519,41.456381925552833],[-82.722829022248334,41.456354461684242],[-82.722865580302411,41.456337971285009],[-82.722894707257296,41.456294030387532],[-82.722880078063611,41.456211744229464],[-82.722858051699887,41.456058052247585],[-82.722836057521761,41.455937235821011],[-82.722821488045213,41.45581648828378],[-82.722799485838891,41.455745121143131],[-82.722762963872668,41.455640825282529],[-82.722726452667459,41.4554871701378],[-82.722704418275654,41.455306006457356],[-82.722697057711116,41.455190735308911],[-82.722682443669811,41.455086381394558],[-82.722682309009372,41.455031529945472],[-82.722704175732076,41.454971124728353],[-82.722726034143804,41.454960168816399],[-82.722769902634113,41.454971130759397],[-82.722879316462553,41.455020471779541],[-82.722908528704494,41.455020484423784],[-82.722966942000653,41.454992948017463],[-82.7230544156306,41.454932550413879],[-82.723112831168592,41.454905103971385],[-82.723193076858962,41.454861117497281],[-82.723244112676127,41.454817208451317],[-82.723316980944432,41.454756849393945],[-82.72340450301148,41.454707349434997],[-82.723535751332093,41.454586578027836],[-82.723674421243217,41.45446578528788],[-82.723783808179391,41.454355879661755],[-82.723849338126087,41.454262574083408],[-82.723893078075989,41.454169234870271],[-82.723936808708814,41.454048424007794],[-82.723987808404743,41.453971549046074],[-82.724192037875468,41.453790325591385],[-82.724323264090643,41.45369144095865],[-82.724476425013563,41.45359808185168],[-82.724600416136212,41.453488226630689],[-82.724673375519544,41.453422370990559],[-82.724717149112706,41.45336199708121],[-82.72475357546449,41.453241205389567],[-82.724782654911479,41.453136826811317],[-82.724811797892656,41.453070997827247],[-82.724855568747159,41.45301053383271],[-82.724928511094305,41.452966655703946],[-82.726503997054252,41.452082198069419],[-82.726533192220529,41.452104187476408],[-82.726577009835538,41.452180990934359],[-82.726708437085847,41.452329166401626],[-82.726744996948781,41.452389595714969],[-82.726766968496108,41.452504827358602],[-82.726788890499932,41.452609161101314],[-82.72689849105214,41.452850617788755],[-82.726986156727037,41.453009808350451],[-82.72700080815433,41.453070206335234],[-82.727095701652104,41.45328972614201],[-82.727176149232392,41.453415968766045],[-82.727190696758385,41.45345439086671],[-82.72719073660204,41.453564187272576],[-82.727183546660328,41.453613564313983],[-82.72721277937346,41.453668519097278],[-82.727256614365487,41.453723344593833],[-82.727263948453185,41.453805739797211],[-82.727263941199581,41.453855099015847],[-82.727315121165816,41.454019791290264],[-82.727329694980597,41.454063707326746],[-82.727373532736578,41.454118622803428],[-82.72741738358134,41.454151470582282],[-82.727453804148766,41.454156958207328],[-82.72751954550381,41.454134983900467],[-82.727650814821544,41.454096532733708],[-82.727796688669287,41.454058042107803],[-82.727884310723184,41.454030514663842],[-82.727935327450126,41.45400858124588],[-82.728000990138639,41.453970124787723],[-82.728073944142281,41.453904177018302],[-82.728205171080447,41.453755928865348],[-82.728270776561359,41.45362965353128],[-82.728285241830378,41.453574762790474],[-82.728263301931548,41.453492407042837],[-82.728095163565513,41.452899562327211],[-82.728043947998401,41.452701994850514],[-82.728029358829446,41.452680056542462],[-82.728014695664783,41.452592187091462],[-82.72795623067212,41.452405627146838],[-82.727912232992068,41.452240917251991],[-82.727861042278519,41.452048753577223],[-82.727809880369449,41.45186217386599],[-82.727729445940852,41.451510843017786],[-82.727707413950895,41.451433982868615],[-82.727707507535882,41.45142848710676],[-82.728422288391357,41.451043948615222],[-82.729822535760903,41.450258365888168],[-82.730107048467275,41.450099072470358],[-82.730172665169476,41.450077098523501],[-82.730968045072274,41.450131690581173],[-82.731026381451173,41.45016458916394],[-82.731055639677379,41.450224946902054],[-82.731084944157729,41.450395100983854],[-82.731106807317218,41.450460974321459],[-82.731311352465397,41.450702438579796],[-82.731333206102306,41.450740930307013],[-82.731377548126019,41.451476506230897],[-82.731429177767851,41.452283488970522],[-82.731458551215596,41.452442653140828],[-82.731465812908255,41.452459116925752],[-82.731721163396543,41.452458964456802],[-82.731750335525007,41.452426009344258],[-82.73171288910568,41.451031727852822],[-82.731683188045849,41.450279628588376],[-82.731682900395199,41.449944747412339],[-82.731704744791401,41.449856869018923],[-82.731784893038068,41.44971965410668],[-82.731865086028364,41.449692145450364],[-82.732302930792159,41.449680956358236],[-82.732324731713035,41.449708459985587],[-82.732391853957026,41.451695684800143],[-82.73241416616915,41.452178761723665],[-82.732735106829949,41.452151137801643],[-82.732757002699657,41.452123696363536],[-82.732873473774205,41.451673475773234],[-82.732931637169742,41.451420939771367],[-82.732931511261199,41.451245302465004],[-82.732916788864074,41.451146445815134],[-82.732902175653294,41.451020205812746],[-82.732953188295284,41.45099827023386],[-82.732997016185053,41.450976262774169],[-82.733033462474182,41.45093779341515],[-82.733055318308445,41.450877386388491],[-82.733062570167831,41.450817019325861],[-82.733025941821992,41.450718222631558],[-82.732989393165042,41.450635907788417],[-82.732974763369583,41.450581004581764],[-82.732938188340896,41.450493195761851],[-82.732908981968507,41.450394377238922],[-82.732916221006619,41.450306538594731],[-82.732930774856101,41.450246151558858],[-82.73294539464932,41.450224224017092],[-82.732974551610639,41.450213246236224],[-82.733025547647458,41.450213198225306],[-82.733835585564051,41.450377526733298],[-82.733996184252803,41.450415907351555],[-82.734039891907273,41.450443350505758],[-82.734061864312679,41.45048174985137],[-82.734106092691434,41.451162472930747],[-82.734121008449534,41.451574144415808],[-82.734143202057808,41.451930942711655],[-82.734150570868223,41.451969382126755],[-82.733852079007477,41.452853340235137],[-82.733662809248344,41.453424364149981],[-82.732665233490223,41.45636725906197],[-82.731682311388042,41.459288126012304],[-82.731063358051614,41.46112192906098],[-82.731056053122231,41.461171398067755],[-82.731165625457223,41.461275582083175],[-82.731289770427892,41.461346940789454],[-82.731515918107021,41.461291924633933],[-82.733412651168152,41.460462252682753],[-82.733521991203972,41.460368821707668],[-82.733594882271078,41.460264501129025],[-82.733959005771027,41.459303625103203],[-82.735051172162159,41.456168612555913],[-82.736099514286323,41.453126843027619],[-82.736805642198107,41.451045979300069],[-82.73684934692119,41.450875804815269],[-82.736805408480208,41.450776939608978],[-82.736688621882877,41.450639813466445],[-82.736601059815186,41.450628886210815],[-82.736586332323142,41.45048067098331],[-82.736549777264244,41.450348908175449],[-82.736535049643109,41.450250052059836],[-82.736491180928525,41.450090927901485],[-82.736440034993151,41.44993722782911],[-82.736425349284346,41.449821978062481],[-82.736425240494427,41.44970119395154],[-82.736410513244039,41.449602337801075],[-82.736432027651304,41.44910283714448],[-82.736439138263606,41.448916101787162],[-82.736417192300678,41.448833837702985],[-82.736395242074209,41.448702034394735],[-82.736402451416325,41.448658150815305],[-82.736438960452844,41.448608690706628],[-82.736504612627385,41.448570229547613],[-82.736599407919087,41.448542767289119],[-82.736672376107109,41.448531757399806],[-82.736810915652157,41.448465804280104],[-82.737635423587605,41.448580708601909],[-82.737657384929605,41.448591725728477],[-82.737715708242717,41.448597149344458],[-82.73777409978662,41.448591673257603],[-82.737825160285581,41.448580633437452],[-82.737934612269413,41.44856411742748],[-82.738022090910292,41.448558561869376],[-82.738095112739387,41.448558538982844],[-82.738160740157639,41.44856403211061],[-82.738226392140945,41.448574929115075],[-82.738321336672314,41.448602406753515],[-82.738467300565333,41.448635237829905],[-82.738554767529081,41.448651659470976],[-82.738678919159923,41.448679055497806],[-82.738766467245853,41.448711958821278],[-82.738861359558172,41.448777807227721],[-82.738905149125813,41.44882173037562],[-82.7389416616343,41.448871077770619],[-82.73898555941723,41.44893697667576],[-82.739058546177446,41.449052155047141],[-82.739087852208471,41.449096117027153],[-82.739109745968307,41.449118033538376],[-82.739175375659599,41.449172885186059],[-82.739277624938552,41.449249700751835],[-82.739379766223408,41.449304540435691],[-82.739474725552341,41.449359398602489],[-82.739511159997335,41.449392353996025],[-82.739533081072324,41.449419764367747],[-82.739584281638614,41.449485642630755],[-82.739606202776713,41.449513052986994],[-82.739642610293743,41.449540514389611],[-82.739722909975939,41.449584335208513],[-82.739905474150689,41.449683083391157],[-82.739978474760392,41.449727014474632],[-82.74000763254233,41.449765394030436],[-82.740036882905926,41.449798277822296],[-82.740058766032547,41.449842171731234],[-82.74008075766956,41.44990804141397],[-82.7401026432712,41.449952025347422],[-82.740117328347949,41.449968466325181],[-82.74015382887309,41.449990431800799],[-82.740197536343317,41.450017782551349],[-82.740285211559296,41.450100131980172],[-82.740329082008898,41.450160446342373],[-82.740358204373919,41.450215399477244],[-82.74038752548779,41.450286742588382],[-82.740402188574549,41.450347138698149],[-82.740438760034735,41.450456832536844],[-82.740467909787156,41.450517279580154],[-82.74048255689091,41.450550204147042],[-82.740511780697787,41.450577593860146],[-82.740548336023807,41.45061054708664],[-82.740635887637694,41.45064344892085],[-82.7406723753367,41.45068730176817],[-82.74070889266838,41.450736738580339],[-82.740796518064371,41.450857458766997],[-82.74086962695165,41.450923274978528],[-82.740935298041379,41.450961641912706],[-82.741022890782034,41.450978149837631],[-82.741081254502902,41.450967088073483],[-82.741197957072558,41.450939560550921],[-82.741270927054344,41.450928547728786],[-82.741351150253053,41.450955975567261],[-82.74141687273476,41.450955971043754],[-82.741504364885145,41.450928435225173],[-82.74166489438241,41.450878986612523],[-82.741752440847421,41.450862438490773],[-82.741847281047939,41.450867937374532],[-82.741898277454212,41.450867885434413],[-82.742007715332861,41.450823894009893],[-82.742095209451392,41.450796447784796],[-82.742233888540284,41.450807316953991],[-82.742401784399917,41.450867642781901],[-82.742467466671087,41.450884031259697],[-82.742518530496582,41.45087307938789],[-82.742576814252288,41.450845625089784],[-82.742671700002049,41.450812572058126],[-82.742817628844293,41.450812522089187],[-82.742934357707995,41.450790486767076],[-82.742999970514646,41.450768505589764],[-82.743109392631936,41.450697131661734],[-82.743182225057225,41.450658647947279],[-82.743262533761808,41.450631129623112],[-82.743364586167004,41.450570675744402],[-82.743444869687863,41.450537753392098],[-82.74354699160061,41.450515668704895],[-82.743627182715329,41.450488241980928],[-82.743678298459415,41.450488187445394],[-82.743722102351214,41.450510131112175],[-82.743736658851162,41.450548550992629],[-82.743736731201849,41.450587010373731],[-82.74377320341685,41.450603390704643],[-82.743802386061077,41.450597904155032],[-82.743838907962015,41.450575913305023],[-82.743860706351199,41.450553965591773],[-82.743882519266407,41.450438703705359],[-82.743933539653014,41.450323359135218],[-82.743969881488709,41.450241023146837],[-82.744013622649774,41.450202529756979],[-82.744079271772989,41.450164064350183],[-82.744195919017969,41.450125635996791],[-82.744290765627156,41.450109065288665],[-82.744487737881585,41.45007058906824],[-82.744743109205515,41.450004565295579],[-82.744991095550859,41.449922079891756],[-82.745202624803312,41.449850595556796],[-82.745282784398228,41.44981758373239],[-82.745406769052181,41.449762649794195],[-82.745465142648925,41.449729698314719],[-82.745589081134398,41.449641798750427],[-82.745691178377086,41.449542971709725],[-82.745880717498579,41.449383640067431],[-82.745968115908212,41.449290260089867],[-82.746055550864014,41.449180396422555],[-82.746121107937071,41.449076089048347],[-82.746172243216591,41.44903216833827],[-82.746376392630751,41.448922243345237],[-82.74700358983803,41.448598006679404],[-82.747134752701839,41.448543051886851],[-82.747200490219257,41.448499088993557],[-82.747317094615696,41.448405714561304],[-82.747433679658556,41.448284868520247],[-82.747550394318779,41.448213469599615],[-82.747696167829943,41.448136494833982],[-82.747995193059594,41.447993599925027],[-82.748097348027628,41.447955117701362],[-82.748352606757734,41.447845222844855],[-82.748505716244566,41.447751742510555],[-82.748695310156776,41.447652843285908],[-82.748753588357587,41.447625385937464],[-82.748833854766445,41.447614347438481],[-82.748979728635675,41.447581324376522],[-82.749132942357861,41.447531886552405],[-82.749176614728711,41.447504380946633],[-82.749300607791952,41.447405487810393],[-82.749424480820352,41.447306596364925],[-82.749512030774753,41.447268154936552],[-82.749606907644932,41.447235096318444],[-82.749672450704608,41.447224101111935],[-82.749752772298777,41.447224049849559],[-82.749905958467409,41.44724045364039],[-82.750004244221998,41.447257430482956],[-82.75016905491087,41.447237147633942],[-82.750439247082014,41.447050639921734],[-82.750570671605701,41.446929924817923],[-82.750796955974607,41.446748858468901],[-82.750972213233723,41.446655667983329],[-82.751183888052068,41.446567957460118],[-82.751628942275516,41.446447418591177],[-82.751745761654917,41.446397991183247],[-82.751957522303471,41.446233446775025],[-82.75207441747294,41.446057827428213],[-82.752183926308348,41.445865747311707],[-82.752227841236973,41.445745012588269],[-82.752271699771384,41.445613289956718],[-82.752301013460695,41.445563844268349],[-82.752330240958443,41.44542667004027],[-82.752345039721746,41.445207029840084],[-82.752388970649008,41.445042429872231],[-82.752418265433136,41.444965602635293],[-82.752505827319425,41.444883293769273],[-82.752878175916464,41.44459254166113],[-82.753038718656896,41.444526683903057],[-82.75371015054084,41.444296491226112],[-82.754388787328907,41.444165083471638],[-82.755395532977076,41.44419844885013],[-82.757707971384335,41.444435593490631],[-82.758751199249559,41.444485485472264],[-82.75924720791393,41.444524105209112],[-82.759677616299058,41.444584713349037],[-82.760370671817043,41.444694802122065],[-82.761486660185923,41.444854433653788],[-82.762624704878348,41.445041548402678],[-82.763091472483282,41.445140587453082],[-82.763850117043319,41.445360437713056],[-82.76476923164256,41.445591421223206],[-82.765783118110576,41.445882731274253],[-82.766315571825643,41.446064064771576],[-82.766950162873272,41.446294897045078],[-82.767314863184069,41.446421337663374],[-82.767723308672529,41.446602588767291],[-82.767934788868274,41.446706973216898],[-82.768197386536158,41.446789404461057],[-82.768321374153231,41.446783985130388],[-82.76843078076331,41.446849946451579],[-82.768430776605257,41.446871833910606],[-82.768540124483678,41.44692680729505],[-82.768861036859533,41.4471684874175],[-82.769298667330773,41.447388194827539],[-82.769685222291074,41.447525550523096],[-82.76985292776736,41.447613491444677],[-82.769969635219752,41.447701316363656],[-82.770027988541671,41.4477782400065],[-82.770049830471976,41.447833117666143],[-82.770151906943369,41.447893515633069],[-82.770640697586188,41.448052893013461],[-82.770859553173707,41.448102394934324],[-82.770983538031174,41.448162815056207],[-82.771049164859136,41.448234221853035],[-82.771063676493881,41.448283627767871],[-82.771129334038548,41.448338550952855],[-82.771194961970792,41.448387980191939],[-82.771391942212361,41.448420974644279],[-82.771661851460308,41.448547330218005],[-82.771793079433436,41.448618716654558],[-82.772216156326309,41.448821973768553],[-82.774798188029607,41.450206181903404],[-82.775593206313133,41.45062363966634],[-82.776709253577664,41.451227804096547],[-82.776804040761775,41.451310196003433],[-82.776884194022657,41.451431004229185],[-82.776905986171869,41.451584689574489],[-82.777256271731744,41.451562793204396],[-82.777278180072358,41.451562814883495],[-82.777409421340238,41.451612307218156],[-82.77921847669873,41.452573494373581],[-82.779364390168638,41.452699768416331],[-82.779364312431966,41.452880903080789],[-82.779444438238826,41.452930373350242],[-82.779561253527547,41.452946850093667],[-82.779772858260628,41.452979873916775],[-82.779874954037325,41.453062240158353],[-82.779874797265421,41.453358667307448],[-82.779860194941946,41.453402577917224],[-82.77986014466893,41.453545251659627],[-82.779889271135303,41.453594700333817],[-82.779947637092675,41.453627663708581],[-82.779984122284034,41.453644122421998],[-82.780115393356354,41.453633173285588],[-82.780254140258791,41.4535453675052],[-82.78033435194115,41.453545386656522],[-82.780480293030607,41.45358933361608],[-82.780691788223692,41.453710176940007],[-82.780903375895576,41.453847501480112],[-82.780976263295727,41.453951756030975],[-82.780998015525739,41.454182361914356],[-82.781034593021261,41.454215301903247],[-82.781246113533726,41.454253818620963],[-82.781340963932848,41.454281262185333],[-82.781435822731183,41.454374637716171],[-82.781559807513801,41.454517371326425],[-82.781785887514133,41.454676627176177],[-82.782136004305883,41.454879806546963],[-82.782478916858608,41.455143354163994],[-82.782814412629165,41.455407015710144],[-82.782960360407642,41.455472846662126],[-82.783274021021896,41.455599216546652],[-82.783390674610658,41.455692612679009],[-82.783675207571434,41.456005520324254],[-82.783828339540108,41.456263540735343],[-82.783901264124893,41.456351399771364],[-82.783981490213947,41.456417348248237],[-82.784047059591245,41.456560084584723],[-82.784098114277995,41.456719258894751],[-82.784105339104855,41.456790663322515],[-82.784170921623456,41.457021218769611],[-82.784324114719141,41.457246361488643],[-82.784324027230738,41.457273744483643],[-82.784338696616786,41.457284775746373],[-82.784360584931619,41.457345144059225],[-82.784353206254877,41.457438482223807],[-82.784294854812586,41.45753729505995],[-82.784221744926924,41.457630572314137],[-82.783791055713095,41.458031225680507],[-82.783791033265231,41.45809157370752],[-82.783893230025356,41.458146552969126],[-82.784228808634239,41.458228985571715],[-82.784345554795934,41.458316794775179],[-82.78461540469975,41.458591377152658],[-82.784994774979396,41.458860385703915],[-82.785147890847171,41.4591130000532],[-82.785162504632211,41.459156908024241],[-82.785184355256717,41.4591678276797],[-82.785184359357785,41.459189804969625],[-82.785206243413143,41.45920630851122],[-82.785220888208912,41.459255710330126],[-82.785271965009485,41.459332558624538],[-82.785330206591382,41.459469823438248],[-82.785374038605099,41.459535705420727],[-82.785490690098669,41.459733401622117],[-82.785636496181624,41.459941993901865],[-82.78602310794362,41.460452637214267],[-82.786380515323998,41.460836912767476],[-82.786395161426242,41.460886314386762],[-82.786468032781002,41.460963183779512],[-82.786599300993245,41.461182809125567],[-82.786723315282671,41.461347513606178],[-82.786774388735722,41.461380496614794],[-82.786985974187601,41.46146836042233],[-82.787051632419335,41.461539757119191],[-82.787117240451877,41.461666007823645],[-82.787153710510012,41.461720924750075],[-82.787255810646045,41.461863631601375],[-82.787554932819333,41.462291863156359],[-82.78764977400516,41.462335874559884],[-82.787795761076737,41.462341350901355],[-82.788233456852026,41.462500635574145],[-82.788423273590809,41.462528127355434],[-82.789101893036872,41.462478839686078],[-82.789459495505881,41.462533802646199],[-82.789831633778348,41.462660144665357],[-82.790196442277932,41.462802902433275],[-82.792100931345558,41.463236920459124],[-82.792254205513061,41.463280827914062],[-82.792414733238132,41.463357678129007],[-82.792633662803837,41.463533416221985],[-82.792998419114312,41.463873781432575],[-82.793268330050978,41.464252643841185],[-82.793355872752443,41.464400886277637],[-82.79358925896473,41.464757709726221],[-82.793654964198936,41.464856483337272],[-82.793676834819024,41.464911445698959],[-82.793705967669993,41.464938823138759],[-82.793786249087233,41.465218862142002],[-82.793800821105918,41.46529573549482],[-82.79382270698261,41.465312147239956],[-82.793822714108074,41.465334124427429],[-82.793917495042081,41.465449467650622],[-82.794136377276303,41.465636102029684],[-82.79442094395921,41.465833780396331],[-82.794727389311149,41.466108307271412],[-82.794939077234389,41.466251007704237],[-82.794990110262574,41.466316953531731],[-82.794990053449226,41.46651456989175],[-82.79503383670324,41.466569460086653],[-82.795427856407215,41.466684723575881],[-82.795756313108427,41.466684818295057],[-82.796164997697815,41.466602504984301],[-82.796683247362836,41.466437864804206],[-82.796792683588592,41.466415888753041],[-82.796924073209581,41.466421401398875],[-82.797237821486434,41.466487293336222],[-82.797493233425683,41.466487353920371],[-82.798347108555163,41.466383120558504],[-82.798806944239388,41.466366740345691],[-82.799740977321306,41.46647660192243],[-82.80015703746561,41.466591864456817],[-82.800448970191326,41.466591887122249],[-82.800682420170588,41.466542565446858],[-82.80079196522675,41.466498606626928],[-82.80109114231827,41.466427268211611],[-82.801492511145696,41.466405398084184],[-82.801726099295792,41.466339499113865],[-82.801864797763884,41.466284634235897],[-82.801952301187654,41.466218772249],[-82.802018000983352,41.46613091435708],[-82.802069170803776,41.466015632421332],[-82.802083700593386,41.465900384298195],[-82.802076436970694,41.465785117454118],[-82.802105703392215,41.465691795773473],[-82.802229678468635,41.465658778212863],[-82.802711430610344,41.46566437649075],[-82.802820826476719,41.465697248477802],[-82.802923029159388,41.465768693375928],[-82.803061603752425,41.46591684855494],[-82.803229517873774,41.466065083858211],[-82.80322949572961,41.466081567157531],[-82.80382060695068,41.466619565287949],[-82.803922668086855,41.466707404363731],[-82.804251122808139,41.467031279234462],[-82.804542961906805,41.467399141884314],[-82.804740011309264,41.46761320967812],[-82.804739989568603,41.467629692963207],[-82.804769217885465,41.467651661799152],[-82.804834943327492,41.467750428494483],[-82.804944366074196,41.46788768996403],[-82.804988117571256,41.467915195283055],[-82.805002714419047,41.467953606476023],[-82.805236202107039,41.468233573529616],[-82.805272691474329,41.468288484181485],[-82.805345746261679,41.46837083268629],[-82.805345722185677,41.468387225933888],[-82.805396810723295,41.468420200272426],[-82.805396767595354,41.468453166829555],[-82.805674172440433,41.468788016970507],[-82.80603169136846,41.469243653820264],[-82.80611196524967,41.469331472797151],[-82.806126595898519,41.469375377610994],[-82.806155825501023,41.46939734605823],[-82.806199512018807,41.469474210653878],[-82.806265199873891,41.469545595571844],[-82.806294471363245,41.469594944811554],[-82.806360159451742,41.469666329668435],[-82.806360138147255,41.469682812937513],[-82.806710438377536,41.470110999318855],[-82.806746843262275,41.47017140510593],[-82.806929387590813,41.470380022404832],[-82.807016968213745,41.470467815955423],[-82.807016893101391,41.470495288687317],[-82.80718478395886,41.470676394091882],[-82.80757887113397,41.471115598622198],[-82.807593470328783,41.471154009411116],[-82.808972888358426,41.472713054254584],[-82.809235643665616,41.473014979816817],[-82.809315893740717,41.473097302509174],[-82.80955682328279,41.473393716170357],[-82.809644414237169,41.473481597535041],[-82.80981953073524,41.473706629697311],[-82.809899784955363,41.473789041968949],[-82.809914472790055,41.473821956733048],[-82.81005306114703,41.473986585745301],[-82.810148024339469,41.474085429329548],[-82.810191772437634,41.47415130271726],[-82.810607874971893,41.474639868698304],[-82.810607854806946,41.474656351929795],[-82.810658895273377,41.474700223142143],[-82.810695393137962,41.474755131825845],[-82.810980094531033,41.475079045086169],[-82.81098007446586,41.47509552831459],[-82.811607857041025,41.475831062187346],[-82.811651607884187,41.475896934944601],[-82.811731898049757,41.475984749548509],[-82.81179027630813,41.475973831794114],[-82.812082251322835,41.475776119174078],[-82.812038481710118,41.475271152975999],[-82.812023771691841,41.475155824297971],[-82.81154932933147,41.474606934796228],[-82.811549349252644,41.474590451570144],[-82.81142525829371,41.474447753360032],[-82.811235456194481,41.474211696239628],[-82.810980057306494,41.47392073819789],[-82.810936242158277,41.473843877558146],[-82.810746423575452,41.473624302763703],[-82.810688106820166,41.473525513044258],[-82.810680793142225,41.473404753503551],[-82.810695398477719,41.473344356344363],[-82.810753742459724,41.473229047862638],[-82.81094352324186,41.472965574734559],[-82.81099454900847,41.472828314103552],[-82.811001919320333,41.47268012197015],[-82.810987284499291,41.472636217894973],[-82.810936163497331,41.472559292167489],[-82.81084866112252,41.47246600614536],[-82.810724533187354,41.472356183447729],[-82.810622409932833,41.472240970137314],[-82.810622383945997,41.472197016095194],[-82.810761060850041,41.472098186420865],[-82.810790206953342,41.471966494537782],[-82.810819420293512,41.471906047431034],[-82.81088507304122,41.471851151205286],[-82.81102371480381,41.471845724982948],[-82.811089497652702,41.47181271374815],[-82.811147832718206,41.47173586534376],[-82.811220791681805,41.471681033981099],[-82.811388665684603,41.471598676892839],[-82.811549305756571,41.471587679379532],[-82.811593002704612,41.471565734236911],[-82.811651381027943,41.471516266360872],[-82.81173164564845,41.471362602193103],[-82.81176821110769,41.471329690673606],[-82.811899591128196,41.471252771710454],[-82.812023689051799,41.471159484443923],[-82.812169607777619,41.471011270348619],[-82.812322896532976,41.470874018585725],[-82.812680426700695,41.470648970573379],[-82.812935924487064,41.470522626411459],[-82.81305268781729,41.470385409175179],[-82.813205934105326,41.470281122758543],[-82.813672960620309,41.470045067634331],[-82.813862760829991,41.469946238480411],[-82.814052488356651,41.469874881695262],[-82.814081669436334,41.470006644929263],[-82.814125561910501,41.470352453969809],[-82.814161993156475,41.470396374027729],[-82.814344457897647,41.470390882880821],[-82.814446590135134,41.470368915264856],[-82.814453987767152,41.470325024221729],[-82.814293342320298,41.470275588474649],[-82.814234910581874,41.469902267168941],[-82.814220393949967,41.469858361631267],[-82.814220325433681,41.469748566657493],[-82.814461129859879,41.469589395078664],[-82.81462906107383,41.469518021029074],[-82.815234746341872,41.469380740359341],[-82.816322210826556,41.469210537159668],[-82.816665237329872,41.469183050660781],[-82.816694344568177,41.469243388412664],[-82.816708984249402,41.469424559248118],[-82.816723566288445,41.46951791217684],[-82.816723592223127,41.469737503822515],[-82.815818692150259,41.469979046003736],[-82.815833239433999,41.470066905287759],[-82.815899013820527,41.470072351602539],[-82.816592254105942,41.469957099351468],[-82.816752858671819,41.469902140754201],[-82.81681855645202,41.469836251866887],[-82.816862290006299,41.469781428409071],[-82.816884186976026,41.469622197917921],[-82.81702287281577,41.469605685150199],[-82.817833010802545,41.469671511427642],[-82.817956984413172,41.469677027211716],[-82.817978902237712,41.469462943226873],[-82.817876741876375,41.469440959962057],[-82.816971759059101,41.469452021851218],[-82.816964443434216,41.469391610029973],[-82.817022800400011,41.46918298509425],[-82.817030113551198,41.469106129393872],[-82.817051966093175,41.469056785664804],[-82.81854082755153,41.469045677276974],[-82.819219527400776,41.469138972509597],[-82.819219608608165,41.469171846977694],[-82.8191830482982,41.469204760751992],[-82.819117367409248,41.469331088045941],[-82.819117435453293,41.469556173279415],[-82.819029810279048,41.469600072861581],[-82.818482492610883,41.469627554995832],[-82.818227069897063,41.469627541171604],[-82.81821973991967,41.469720880108866],[-82.818635789371314,41.469786717003259],[-82.818964259520087,41.46978674527297],[-82.819051744758397,41.469759240793536],[-82.819124746396994,41.469693415200531],[-82.819212289954592,41.469578090892924],[-82.819277993395431,41.4693969102279],[-82.819343674555441,41.469309133038067],[-82.819453126865,41.469232192221838],[-82.819650097666624,41.469171790347886],[-82.819891027872742,41.469171760208162],[-82.820482106934179,41.469308948088617],[-82.820686476809797,41.469380290575025],[-82.821117131169572,41.46956144776248],[-82.821306891397583,41.469671210432679],[-82.821540514933261,41.469786492778006],[-82.82202224980729,41.470055376633013],[-82.822620794056974,41.470428600035369],[-82.823270459881556,41.470895133306065],[-82.823438296135365,41.471021362665411],[-82.823708365342185,41.471257387503144],[-82.823788699227791,41.471312227219009],[-82.823788682445496,41.471328710382977],[-82.82394925107721,41.471460458481886],[-82.824533278485461,41.472036740700375],[-82.824693971444617,41.472206945842316],[-82.824693954905101,41.47222342899871],[-82.824730410915748,41.472250862367233],[-82.825066286627134,41.472667962017837],[-82.825183101198931,41.472849130938755],[-82.825329152449427,41.473013803063786],[-82.825650322828537,41.473337641258006],[-82.825810934867292,41.47347488028278],[-82.825832849868107,41.473513262572261],[-82.825913206699965,41.473590077584667],[-82.825920478619949,41.473623017952853],[-82.826227290901969,41.474578205915591],[-82.826234544467255,41.474627539364995],[-82.826271142966874,41.474715407210397],[-82.826293061022568,41.474792249419735],[-82.826322214544049,41.47485807817749],[-82.826329574363257,41.474923982886466],[-82.826351474274858,41.474940478195421],[-82.826366103944736,41.475039233195808],[-82.826409887687475,41.475127076928452],[-82.82641716247916,41.475198477274375],[-82.82645368995459,41.475275267520608],[-82.826460999368322,41.4753521616068],[-82.826504868620333,41.475434509645254],[-82.82651219163084,41.47549483055618],[-82.826541382808941,41.475566243016416],[-82.826548724430936,41.475610170815187],[-82.826614420017094,41.475621106529985],[-82.826942812512769,41.475566170225932],[-82.826950063600677,41.475500303620414],[-82.826869795913169,41.475247760600126],[-82.826825926205686,41.475127042715592],[-82.826825870348102,41.475061112067081],[-82.826760169909889,41.474896516432217],[-82.826599468115049,41.474364051242489],[-82.826548274186891,41.474182922265776],[-82.826533678895757,41.474166401023638],[-82.826533710987391,41.474133434740956],[-82.826475197012869,41.473968814823401],[-82.826467991438108,41.473908401961282],[-82.826409443319108,41.473738288249699],[-82.82639493349383,41.473677901334064],[-82.82636560545717,41.473546143801592],[-82.826423992166724,41.473518645592755],[-82.826540874061337,41.473518680394236],[-82.826825446212865,41.473562527268044],[-82.827037209702524,41.473606449537705],[-82.827117395054543,41.473655794950076],[-82.827117483229983,41.473727129320231],[-82.827029879683707,41.473831471846083],[-82.827029951624496,41.473880919361868],[-82.827088306519229,41.473886387096826],[-82.827132084473547,41.473858940528288],[-82.827212367657808,41.473771107073091],[-82.827343767309529,41.473661294655749],[-82.827460507885959,41.473600893523212],[-82.827737804236975,41.473534967878784],[-82.827891017942434,41.473485515547779],[-82.82816108714978,41.473337199286171],[-82.828453023781933,41.473238343601544],[-82.829394370913249,41.472985674594298],[-82.829503838778479,41.47293079134738],[-82.829591406461304,41.472859413306374],[-82.829671700215513,41.472755095106443],[-82.829700843889341,41.472667263054838],[-82.829853997587506,41.472381734546218],[-82.8299488751518,41.472178647029857],[-82.829977998548955,41.472068838045487],[-82.829985185298426,41.471898670718851],[-82.829919512695795,41.47173948061512],[-82.829912219348031,41.471684563657909],[-82.829795285782609,41.471410178549661],[-82.829773386264876,41.471393683875959],[-82.829773366683327,41.471371707003144],[-82.829525124047947,41.470954577827172],[-82.82945937832153,41.470707569909422],[-82.829437419181431,41.470586774544955],[-82.829408195050846,41.470509959066739],[-82.829393627495563,41.470383731931577],[-82.829364366208196,41.470301332662096],[-82.829342475455093,41.470153154764098],[-82.829284000522208,41.469900626800758],[-82.829218123976432,41.469499870491717],[-82.829210776028035,41.469379112823191],[-82.829174204943712,41.469181539574336],[-82.829035223265123,41.468182436898935],[-82.829027924867532,41.468012319767944],[-82.828888899634634,41.46677723259868],[-82.828888806158062,41.466667438125967],[-82.829268332024071,41.466639874187322],[-82.82932672917876,41.466595981522552],[-82.829363213155389,41.466552077173148],[-82.829370493351121,41.466491614103539],[-82.829297499391984,41.466442245811749],[-82.82923903673192,41.466513611012672],[-82.828866969523588,41.466546640593727],[-82.828808437147131,41.466112981257915],[-82.828779177757724,41.46599221167655],[-82.828720646672181,41.465558552214397],[-82.828706001614123,41.465514650558717],[-82.828706009135431,41.465382877233111],[-82.828749799841447,41.465377407056764],[-82.828786253488744,41.465404839233038],[-82.828800883012008,41.465465224035931],[-82.828888461976376,41.465454193562955],[-82.828873897076022,41.46532796617543],[-82.828844696557084,41.465311497344302],[-82.82874242349412,41.465327985569452],[-82.828706039309992,41.465311540880606],[-82.828684088417859,41.465267575266694],[-82.828654906104717,41.465234713257544],[-82.828654887010373,41.465212736347134],[-82.828538115828053,41.465075524382677],[-82.82847232008973,41.464971188105089],[-82.82846500916493,41.464855923975485],[-82.82849415481185,41.464806552200066],[-82.828501396798714,41.464663765271013],[-82.828384626219759,41.464488183054328],[-82.828406527878059,41.464334444620654],[-82.828413756917527,41.464208230871016],[-82.828289605915714,41.463944676860692],[-82.82828226733173,41.463900839099267],[-82.828245792648232,41.463812969720721],[-82.828245773049261,41.463752622740536],[-82.828216623805218,41.463725164312457],[-82.828208997845522,41.462912668642474],[-82.828216239866364,41.462731511579349],[-82.828238166782853,41.46267667023929],[-82.828369381255683,41.462446074801015],[-82.828405882653698,41.462424147671776],[-82.828486013100999,41.461781840885067],[-82.828471350242381,41.461715962199733],[-82.828500595302216,41.461644611574442],[-82.82855155200113,41.461408536770975],[-82.828617132401092,41.461156016663033],[-82.828675471544202,41.461084653666575],[-82.82873393110799,41.461051658821141],[-82.828872527914271,41.461024234787381],[-82.828945441257829,41.460985785854128],[-82.828945417634642,41.460886978727352],[-82.828865193630591,41.460810163429215],[-82.828850565354273,41.460749778534534],[-82.828835836515722,41.460464308657102],[-82.828806614926762,41.460349032598216],[-82.828777397719605,41.460310586737855],[-82.828770091510663,41.460272152688063],[-82.828682578047733,41.46014041999215],[-82.828675155551068,41.459855013986221],[-82.828704346794126,41.459794562684699],[-82.828821025873737,41.459690296700003],[-82.828879448548037,41.45961343793762],[-82.828886623828922,41.459498123408437],[-82.828820925548698,41.459465211648443],[-82.828835557126254,41.459316992798314],[-82.828864685470307,41.459322474197371],[-82.828901184983891,41.459300546932241],[-82.828915805091526,41.459245641490078],[-82.82882810044984,41.459064463082925],[-82.828806143454088,41.458866836879096],[-82.828828050562691,41.458828388559056],[-82.828835318164835,41.458537434644143],[-82.828930130547334,41.458345337055704],[-82.829068652781302,41.458098231486282],[-82.829046718118107,41.457961042375494],[-82.82903217893373,41.457933621918926],[-82.829032028886189,41.45775789630121],[-82.829075778767432,41.457708562218436],[-82.829294700024789,41.457433966884253],[-82.829433241978307,41.457247297981588],[-82.829542655796487,41.457055147671973],[-82.829761379885923,41.456654455483118],[-82.829834280120906,41.456539085738449],[-82.830002083397844,41.456341502277283],[-82.830118836798803,41.456231649337838],[-82.830118852162201,41.456215166141284],[-82.830228237359577,41.456132811870603],[-82.830505523922255,41.456039498382772],[-82.830614838708783,41.455946156230311],[-82.830607462971599,41.455726500932172],[-82.830753428445533,41.455616722724926],[-82.830782585647256,41.455589237285963],[-82.830797118663952,41.455539827255684],[-82.830789814516095,41.455501483315309],[-82.830928419911231,41.455364170325801]]]]},"properties":{"NAME":"Erie"}},{"type":"Feature","geometry":{"type":"Polygon","coordinates":[[[-81.39106904905897,41.569736796119379],[-81.390853031662417,41.522486205280714],[-81.390818195618237,41.519625118621803],[-81.390940138042325,41.500559511645946],[-81.390969468279124,41.500015608095843],[-81.390991865225374,41.498840445945667],[-81.391014629277649,41.49752805369009],[-81.391074979286302,41.494568482360975],[-81.391082447719739,41.494337860751614],[-81.39106814731943,41.494013903957494],[-81.391160656003194,41.485958494365889],[-81.391192100003749,41.482142118717526],[-81.391229671351724,41.480363023200454],[-81.391245642707375,41.477837067002334],[-81.391260370730677,41.477661362683854],[-81.391245819650592,41.477573495749589],[-81.391261712436318,41.475344082869668],[-81.391277116286403,41.473949344917877],[-81.391284552030342,41.473696829872814],[-81.391285085426134,41.472785236748699],[-81.391256250594751,41.472181272449497],[-81.391309369779776,41.469040362566339],[-81.391347239092752,41.466959291368994],[-81.391362212463761,41.466382753998893],[-81.391370070833474,41.46555907209347],[-81.391486763778701,41.455159196273911],[-81.391486920332795,41.455065786509451],[-81.391503225356487,41.452501524452025],[-81.39151117296376,41.451573528952615],[-81.391519455296944,41.450123898241642],[-81.391536420651519,41.446873242670719],[-81.391558584423663,41.446477910323402],[-81.391574159993283,41.444907457690967],[-81.390333641624892,41.444912481582065],[-81.389107694374445,41.444911948234164],[-81.387881747044219,41.44491140190997],[-81.386655800178616,41.444910932691826],[-81.385422430879515,41.444910385289717],[-81.38518167197455,41.444926684473877],[-81.383860794834874,41.444926143055326],[-81.38254000453982,41.444920001549185],[-81.381219126902081,41.444919340009271],[-81.37989836947861,41.444918753140023],[-81.378577459861077,41.444912567000046],[-81.377256702023089,41.444911860066213],[-81.375935825019667,41.444911228619027],[-81.375819107975289,41.444911159489621],[-81.375488115663998,41.439848194090992],[-81.375009203690368,41.432324860327604],[-81.37500410514312,41.432240454529804],[-81.374815830748275,41.429123442375143],[-81.374519474189185,41.424544065139344],[-81.374504840963027,41.424434308501773],[-81.375003819822552,41.424411931408386],[-81.376195735903082,41.424385724995474],[-81.377399456847314,41.424375388775566],[-81.378603176766873,41.424364950029279],[-81.37981407740152,41.424354655284425],[-81.381017796284397,41.424344191541742],[-81.38222881553493,41.424333871239746],[-81.383512746390963,41.424328970293722],[-81.384796764079638,41.424318560128746],[-81.386087994425168,41.424313696353771],[-81.387371891326069,41.424303258069983],[-81.388488040167005,41.42429823591948],[-81.389611608163904,41.424293177898761],[-81.390727756310795,41.424288134148398],[-81.391851171421251,41.424277650248449],[-81.391875501667926,41.420801841917054],[-81.391876661790349,41.419044698632412],[-81.391899991842067,41.416974551099635],[-81.391908155260992,41.41564570191521],[-81.391908995384654,41.414432176715252],[-81.391940139031036,41.411631745508409],[-81.391971014131329,41.409204686078454],[-81.392001406388687,41.407354213625602],[-81.392033210551205,41.403741056660373],[-81.392042090025015,41.401544598519003],[-81.392050305209011,41.40021569480178],[-81.392058045107788,41.399688512466724],[-81.392074062779216,41.397761070524304],[-81.392074834042319,41.396646303454482],[-81.392001821766485,41.376658021414627],[-81.392010262046796,41.375016013485926],[-81.391989626329391,41.373390592627707],[-81.391801318369176,41.350344748801454],[-81.391780967303276,41.348285585243097],[-81.390877390149527,41.348279725368911],[-81.389536650542681,41.348268214033865],[-81.388203234155782,41.348262065807226],[-81.386862494274922,41.348250521559358],[-81.385871473461151,41.348233562816482],[-81.384880573137579,41.348216685576773],[-81.38469111439295,41.348216594968136],[-81.383481557400216,41.348194037901024],[-81.382272001312941,41.348171469378848],[-81.381055154911067,41.348148913719633],[-81.37982372697617,41.348126394923128],[-81.378585007838026,41.348103708720942],[-81.378446526569576,41.34809272295535],[-81.377295331356791,41.348053704696234],[-81.376144049399286,41.348020081687963],[-81.37500381358339,41.347964424531234],[-81.3722749008721,41.347927436331197],[-81.3709560538163,41.34791714133577],[-81.369637207519048,41.347901340796994],[-81.36831837089818,41.347891016899553],[-81.366999538711795,41.347880678489304],[-81.365680706013819,41.347864834384417],[-81.364361880516753,41.347854466681518],[-81.363043052796399,41.347838593037309],[-81.36172422978342,41.347828195492511],[-81.360441837365542,41.347817767223994],[-81.359159442749458,41.347807324379623],[-81.357877044339958,41.347796866727919],[-81.356594640384543,41.347786394011287],[-81.355312228972608,41.347775905946193],[-81.354029808034326,41.347765402222684],[-81.352740089333196,41.347754885156959],[-81.351457654136865,41.34774435052671],[-81.350175219499519,41.347733801462773],[-81.348965644457763,41.347712232281431],[-81.347748786806932,41.347696143671939],[-81.347654065062571,41.347701664223301],[-81.346364345787649,41.347691074553644],[-81.345074624311636,41.347674979163003],[-81.343697465482578,41.347658893310737],[-81.34231302350733,41.347648283907013],[-81.341074314692477,41.347643112170061],[-81.339835606192011,41.347637927003007],[-81.338626037347126,41.347616248249864],[-81.337278025902364,41.347594587130835],[-81.336440064130528,41.347556329747874],[-81.335208646462007,41.347556584049883],[-81.333977228876918,41.347556825099701],[-81.332745811369165,41.347557052901401],[-81.331594545361042,41.347557253896603],[-81.330450565902552,41.347557442156578],[-81.329299300001097,41.347557620082512],[-81.328155320636796,41.34755778542565],[-81.327142496903789,41.347552431137828],[-81.326136958668499,41.347541575868973],[-81.325124135401055,41.347536203753037],[-81.324016587960429,41.347530832532811],[-81.322909039797821,41.347519959475825],[-81.321801492835959,41.347514566876164],[-81.320693946057659,41.347509163590985],[-81.319440667843878,41.347487285545888],[-81.318187390970095,41.347470884971486],[-81.316934114268847,41.347448979580584],[-81.315709984914903,41.347438041909996],[-81.314485855919983,41.347427091204011],[-81.313261727274238,41.347416127466033],[-81.312168755577062,41.347410641875804],[-81.311075784064585,41.347399654756245],[-81.309982812692269,41.347394148399985],[-81.308882555442096,41.347377649168727],[-81.307789584793497,41.347366630841542],[-81.306689328372514,41.347350110650247],[-81.30549434720669,41.347344556814583],[-81.304299366113625,41.347338990581406],[-81.303097098609911,41.347333411381804],[-81.301887545512457,41.34732232784625],[-81.300677991730979,41.347316722760553],[-81.299461151508225,41.347311104181578],[-81.298506625511621,41.34730001294178],[-81.298251598912742,41.347299982494533],[-81.29708576415149,41.347294344981613],[-81.295919928078135,41.347294186826311],[-81.294746806757971,41.347288524645371],[-81.293580971908881,41.347282851708002],[-81.292451566212023,41.347288155502206],[-81.291322161831744,41.34728795709924],[-81.290192755442078,41.347293238784324],[-81.289063348648384,41.347298509416476],[-81.287729919815078,41.347303725987594],[-81.286396492555085,41.347303436013668],[-81.285070349226089,41.347308623488601],[-81.283736918843886,41.347313793935136],[-81.282352482413827,41.347318935818713],[-81.280968042792765,41.347329552240929],[-81.280836885799488,41.347329516719903],[-81.279561745488181,41.347334654750433],[-81.278286604616596,41.347339778698135],[-81.277011463177644,41.34734488856293],[-81.275736321164814,41.347349984344397],[-81.274461178572039,41.347355066042304],[-81.273186035393692,41.347360133655975],[-81.272756134201444,41.347354496554779],[-81.271327970104579,41.347364982442983],[-81.26989251715942,41.347380935229921],[-81.269069151050743,41.347369641146358],[-81.2677430065864,41.347380101677899],[-81.266424155323847,41.347385052042185],[-81.265105302520226,41.347395473241036],[-81.263786450963579,41.347405875824492],[-81.262642466077622,41.34742732321908],[-81.261622362277208,41.34743234340295],[-81.260594975968729,41.347431860114462],[-81.259567589306485,41.347431368144854],[-81.258430901139079,41.347436305209847],[-81.257294211792953,41.34744123269649],[-81.256157525592258,41.347440660070902],[-81.255013546865868,41.347445565870778],[-81.25376027875248,41.347439423912299],[-81.252499722340019,41.347433267962728],[-81.250003774895561,41.347431921577119],[-81.245664348610688,41.34743961300623],[-81.240119464797118,41.34741493425642],[-81.236622073376779,41.347422049847005],[-81.234822379175696,41.347439316054299],[-81.233088248898099,41.347451032092295],[-81.231973436086037,41.347445996022863],[-81.228556083573324,41.347425336127401],[-81.227069630476066,41.347425862009239],[-81.226326394294233,41.347409644175109],[-81.224512045121401,41.347404756802277],[-81.222916298457605,41.347410755178096],[-81.217473261776789,41.347406826325482],[-81.215578773443141,41.347423782817664],[-81.213655127540108,41.34741325876692],[-81.20881689115285,41.34744721562388],[-81.203337435915941,41.347470077283546],[-81.197704960578889,41.347481708860791],[-81.194804928449855,41.347492917738812],[-81.192888574036857,41.34748753607947],[-81.191409411263834,41.347487598763273],[-81.190768197846722,41.347487620022868],[-81.189806377717858,41.347487645206954],[-81.187766153057069,41.347476689638455],[-81.185711355714375,41.347476680038099],[-81.183649271700318,41.347476633505714],[-81.181426885033929,41.347465559623799],[-81.177645184254757,41.347454322879734],[-81.173783329523559,41.347453934881202],[-81.16946242353761,41.347447856026491],[-81.166555108612101,41.347419913465274],[-81.165637010138155,41.347408762172691],[-81.161010076737327,41.347380343441266],[-81.157301240881878,41.347362963801494],[-81.153184344028162,41.347372800298302],[-81.148870702069985,41.347387915050824],[-81.145635474220256,41.347386789473475],[-81.141001288017762,41.347390433024302],[-81.137248809934746,41.347394234080532],[-81.13255639194918,41.347402924200807],[-81.131565458202658,41.347385946749455],[-81.128927795222381,41.347368100411515],[-81.125003736225153,41.347349491293947],[-81.11762596228138,41.347353370747527],[-81.113684090245357,41.347355304997777],[-81.104284728720657,41.347381280471936],[-81.100153253712236,41.347382714890585],[-81.099154996161744,41.347383038777167],[-81.079656243183152,41.347480970173294],[-81.077754458091732,41.347486730763499],[-81.05526820433856,41.347597354393329],[-81.030442852464773,41.347713935505787],[-81.026639257517871,41.347707322674275],[-81.024999771723785,41.347712291446335],[-81.022944955638849,41.347706112355283],[-81.022114287112473,41.347700332611069],[-81.016897153499258,41.347692831218779],[-81.016102938455603,41.347692491776122],[-81.004247978497219,41.347791048817236],[-81.003213299913057,41.347795989316118],[-81.003220229081577,41.348213308237519],[-81.003231595682834,41.35194719389947],[-81.003294450321235,41.363418041523126],[-81.003386046704065,41.375009884860695],[-81.003393112541929,41.375234957010171],[-81.003306741078134,41.389995234664966],[-81.003278838244114,41.396364950784893],[-81.003258746361794,41.402064855955764],[-81.003254297646521,41.406721382322182],[-81.0032496171129,41.411537160649338],[-81.00322794066453,41.419136951145099],[-81.003232358449438,41.422272362781513],[-81.003221718841417,41.425874553297618],[-81.003394587374203,41.436280264892922],[-81.003426162528868,41.441535269560369],[-81.003402994923263,41.442908043464946],[-81.003427611974416,41.447893979996103],[-81.003432732996004,41.450288131961202],[-81.003457691932283,41.454878713070002],[-81.003448169191344,41.457278270760249],[-81.003458444207808,41.461791944160446],[-81.003447203380816,41.46572913174591],[-81.003429614794982,41.468749243679717],[-81.003426757854498,41.471648559997504],[-81.003400515461223,41.476030452788677],[-81.003390151280556,41.47912738906291],[-81.003377786040318,41.484426333455175],[-81.003352203228673,41.488335923379672],[-81.003338074996961,41.495655514271071],[-81.003334189374641,41.500009887111283],[-81.003325553180275,41.501475990453592],[-81.003300598482497,41.504836500807741],[-81.003317079816966,41.519360575524658],[-81.003260028300673,41.535202896736635],[-81.00320154154231,41.53523032090856],[-81.003173639194515,41.55041328511993],[-81.003067086567114,41.563168915146797],[-81.003030324375686,41.571471324194789],[-81.003012332183346,41.575188728508323],[-81.002828925195132,41.592090397418254],[-81.002880242572246,41.600140639942659],[-81.002872908810474,41.60828956410753],[-81.002901875419624,41.616668931166487],[-81.002945462579305,41.625009726507933],[-81.002954258494242,41.631329726629247],[-81.002966373855088,41.641943315349657],[-81.002935511805788,41.690332093223496],[-81.002891184610448,41.690705441232652],[-81.002956921522454,41.690914135264116],[-81.002986007922829,41.691100852862618],[-81.003007765033701,41.691304053780591],[-81.002934352075258,41.691523650478857],[-81.002957183255347,41.698502402819216],[-81.003029378192409,41.714771200855935],[-81.014117139003304,41.714661560280149],[-81.015634047123541,41.714634704942654],[-81.03868055636228,41.714471640512649],[-81.102367716181234,41.714247470622524],[-81.101692551464012,41.641368602179583],[-81.112093401198948,41.64137113426176],[-81.118029503330817,41.641346811407018],[-81.120562058051988,41.641356600472513],[-81.125003760275376,41.641359832140488],[-81.131297360314676,41.641324524405491],[-81.138872999972477,41.641305591056685],[-81.17501647354996,41.641280704320913],[-81.178822703825091,41.641270065949378],[-81.182863068425988,41.641215425710058],[-81.19137569191372,41.641193460248942],[-81.196901966101493,41.641193138527889],[-81.207127299441481,41.641142489563698],[-81.21766010417447,41.64116214903936],[-81.243241503549072,41.641055571654661],[-81.250003798792136,41.641041259208116],[-81.258178803014516,41.641001282761586],[-81.261069974778849,41.640975091618238],[-81.262577730188866,41.640986622304354],[-81.279339108481992,41.640920090375381],[-81.287763818453442,41.640839721515789],[-81.291335698982593,41.640845936946306],[-81.294885648723195,41.640808053325465],[-81.294879175088752,41.637832041215091],[-81.294931285422038,41.634433248288886],[-81.294990747319957,41.630963001522225],[-81.295014379931956,41.625023620295295],[-81.295156503521184,41.615483949710715],[-81.2952087230763,41.611695326105114],[-81.295223598265238,41.610509289982787],[-81.295275595666041,41.607621128137993],[-81.29531268477767,41.605754167475901],[-81.295899332883891,41.569970065741622],[-81.305579772614593,41.569998540755591],[-81.311041412958176,41.570015157953641],[-81.375003831715588,41.569866048604382],[-81.39106904905897,41.569736796119379]]]},"properties":{"NAME":"Geauga"}},{"type":"Feature","geometry":{"type":"Polygon","coordinates":[[[-82.841600932168717,41.2899861752825],[-82.841556779024529,41.288937664026491],[-82.841541974867951,41.288399682259545],[-82.841534681757565,41.28836674629585],[-82.841519825051563,41.287713481818123],[-82.841446333974829,41.286159929875154],[-82.841424199506989,41.28550117740528],[-82.841424184442971,41.285468239491451],[-82.841004538457568,41.27469215088805],[-82.840828009845197,41.270388299693828],[-82.840666142041059,41.266260111336891],[-82.840548197722555,41.262746751001529],[-82.840540824950509,41.262527165767501],[-82.840518683887737,41.261819002822328],[-82.840518664223069,41.261775085391783],[-82.84030476968401,41.255258883097717],[-82.840304754895513,41.255225944972771],[-82.840135503618782,41.250021589046085],[-82.840111034079797,41.249193187925066],[-82.840088707925418,41.248248942220322],[-82.84003721731969,41.247183922988967],[-82.840007658505868,41.246327510526037],[-82.839948734944997,41.244977013515332],[-82.839897073369215,41.243604553236231],[-82.839823595992797,41.242232098545692],[-82.839771947249787,41.240859642247358],[-82.839713035953963,41.239481704557022],[-82.839646876781401,41.238114758695723],[-82.839588015056336,41.236747825192374],[-82.839536450727564,41.235375416353271],[-82.839477617080334,41.233992032899856],[-82.83941150963777,41.232597671405351],[-82.83933814450711,41.23122526996525],[-82.839279325996117,41.22985286400484],[-82.83922052102119,41.228502416230882],[-82.839161711570739,41.227135498847055],[-82.839102905442203,41.225768580935075],[-82.839044100137556,41.224396172819304],[-82.838978030160234,41.223029255819924],[-82.83892650496513,41.221662334524837],[-82.838860434730833,41.220278947489817],[-82.838801651188248,41.218923006614446],[-82.838735596188258,41.217556087808724],[-82.838706228872184,41.216924779492643],[-82.838684079982002,41.216178185434117],[-82.83861076546053,41.214816757412372],[-82.838588582355626,41.213987817469011],[-82.838508004924066,41.212626390713993],[-82.838434706496727,41.211275941152728],[-82.838368686603474,41.209936468832758],[-82.83830993992423,41.208596994379008],[-82.838229392857329,41.207263014840429],[-82.838170654486589,41.205923539840434],[-82.838097378129433,41.204573088795165],[-82.838038648149265,41.20323361331517],[-82.837965383292101,41.201888651501278],[-82.837906659533488,41.200543685886714],[-82.837840674332782,41.199204211584778],[-82.837796497271299,41.19786473177934],[-82.837730516142756,41.19651427771678],[-82.837686347008429,41.195174797646466],[-82.837620377136986,41.193829833019919],[-82.837561679296911,41.19248486651378],[-82.837510250823954,41.191134408442956],[-82.83744429495367,41.189789443475412],[-82.837392895497189,41.188488392689116],[-82.837334222340161,41.187159894956707],[-82.837290067551777,41.185787475340284],[-82.837224133280799,41.184458977706818],[-82.83717272983732,41.183119496317381],[-82.837114060383271,41.181774526047647],[-82.837069925405743,41.180429551565389],[-82.837003997359389,41.17909007110147],[-82.836938072310204,41.177750589862491],[-82.836879411425414,41.176400126721205],[-82.836798955189707,41.17504417810855],[-82.836754839427698,41.173715669226581],[-82.83670346518484,41.172398140880922],[-82.836681321023065,41.171508806069951],[-82.836629935772422,41.17015284846903],[-82.836578563912141,41.168824339062915],[-82.836527309952686,41.167792276070081],[-82.836512652919552,41.167462893811724],[-82.836475819659981,41.166145359586629],[-82.836424447376913,41.164794889537767],[-82.836365820170116,41.163460889882138],[-82.836321717501278,41.16211041722967],[-82.836263094062076,41.16077092683777],[-82.836218998844942,41.159425943027053],[-82.83616038135979,41.158086451713586],[-82.836101760793213,41.156730490629698],[-82.836057678007208,41.155396485054524],[-82.836006334775504,41.154062480634529],[-82.835954990301332,41.152717496245216],[-82.835903648727651,41.151372511439703],[-82.835852314134598,41.150038505781453],[-82.835808238738508,41.14868802883506],[-82.83574963537302,41.147321085194378],[-82.835712843782758,41.146014524180735],[-82.835632466528565,41.144664053600593],[-82.835603176283271,41.143999795436976],[-82.835573884824143,41.143330047377979],[-82.835508040618222,41.141985062640728],[-82.83543493835819,41.140640078931369],[-82.835376368513252,41.139311561143316],[-82.835325047270715,41.137939123061351],[-82.835259220478065,41.136605116011417],[-82.83519339510319,41.135265618660995],[-82.835142104888845,41.133931612262153],[-82.83507630537575,41.132570169669371],[-82.83501779469988,41.131241671268569],[-82.834966558980184,41.129918666014007],[-82.834886279485445,41.128562730211875],[-82.834842311493034,41.127217768202193],[-82.834776562208219,41.125867318809597],[-82.834747667270832,41.125022757692925],[-82.834670366440307,41.123849545605189],[-82.834597123492642,41.121999472543536],[-82.834516663083605,41.1201768069389],[-82.834436106762141,41.118359728144277],[-82.834348340117344,41.116537091299477],[-82.834282261213346,41.114720055621206],[-82.834216270468517,41.112897433010559],[-82.834128525496027,41.111080290330491],[-82.834026141299702,41.109263199716345],[-82.833952855579554,41.107451589685276],[-82.83387236417947,41.10562901417552],[-82.833806371851352,41.103800892396563],[-82.833725805353851,41.101983720922746],[-82.833637984957974,41.100166664161868],[-82.833543025179324,41.098349542019058],[-82.833484267557353,41.096532384805002],[-82.833418371655384,41.09471525056999],[-82.833337804301593,41.09289267449261],[-82.833257310258617,41.091081085913366],[-82.833169676947335,41.089269430202066],[-82.833081897059273,41.087452281565092],[-82.83299412805718,41.085596759712168],[-82.832913704181266,41.083812550704295],[-82.832818769191888,41.081990019408266],[-82.832745741933167,41.080518706239459],[-82.832731064907065,41.080161877776938],[-82.832672358619121,41.078344713830695],[-82.832599221587898,41.076522104087374],[-82.832540526518187,41.074705028865864],[-82.832467398937624,41.07288241777421],[-82.832386793636232,41.070730431072711],[-82.832386760051662,41.070724936980078],[-82.832379395041912,41.070219818752584],[-82.832277218291182,41.068452175336759],[-82.832167786204806,41.066684468686375],[-82.832101885338304,41.064911297413495],[-82.832050625023356,41.063138075425613],[-82.831977471746143,41.061364842586343],[-82.831911604279895,41.059575188294062],[-82.83183843314562,41.057796547152194],[-82.831758041686854,41.056023333267461],[-82.831692293854715,41.054250154864384],[-82.831626430516337,41.052476886424671],[-82.831538801138905,41.050703692093158],[-82.831494759689932,41.048936018423127],[-82.83142165669743,41.047162770135756],[-82.831326814766427,41.045197463003696],[-82.831275585942905,41.043654819723912],[-82.831216982413508,41.041876112337114],[-82.83114398813791,41.040097362167096],[-82.831085342899854,41.038329642259519],[-82.831026821528582,41.03656191920907],[-82.830968271759588,41.034788700795936],[-82.830909760254357,41.033020975335091],[-82.830844017505072,41.03123678957202],[-82.830785463764997,41.029480051971674],[-82.830726952980214,41.027690344505878],[-82.830661273454638,41.025933627915848],[-82.8306027205455,41.024154908325656],[-82.830529761671201,41.022392630362567],[-82.830463965346809,41.020613933535593],[-82.830398293450656,41.018835233563856],[-82.830325304701859,41.017045479042956],[-82.830266792729304,41.01528873179317],[-82.8301864893958,41.013230029928721],[-82.830157266170502,41.012346204855838],[-82.830127975478106,41.011451300987822],[-82.830098788171711,41.010572969358705],[-82.830062313865511,41.00968907822196],[-82.830025774861028,41.008794198275744],[-82.829989336922807,41.007915800512677],[-82.829960089252097,41.00702647884988],[-82.829923673938325,41.006131595710414],[-82.829894493052024,41.005253171535585],[-82.829865195820915,41.004374840183822],[-82.829828689599438,41.003485461103097],[-82.829799550225488,41.002596152253851],[-82.829762980857055,41.001717775566078],[-82.82973379813096,41.000822891881306],[-82.829697860040284,41.000023628403902],[-82.829687136171074,40.99930740311661],[-82.829643311884098,40.998324737860671],[-82.829606859176494,40.997440855924367],[-82.829570402721842,40.996595432930555],[-82.826367778532017,40.996535537132651],[-82.822882640425831,40.996486687824493],[-82.818861241120672,40.996421249610663],[-82.814622613417029,40.996350176207173],[-82.812956059197106,40.996322816190286],[-82.805493055400206,40.996207610580143],[-82.804377236524303,40.996191132186482],[-82.802645537160586,40.9961636533518],[-82.800623997224164,40.996136084975618],[-82.796711422156037,40.996075384053071],[-82.796544716210946,40.996069876771465],[-82.796479566051744,40.996069811765793],[-82.788111093739559,40.995969835604058],[-82.784227779421698,40.995919595968644],[-82.783887262862279,40.995908465453375],[-82.780518408502587,40.995869233066919],[-82.779076556643687,40.995863360741922],[-82.776374185827208,40.995840576299805],[-82.775041092482269,40.995834693518816],[-82.771280924938395,40.995811490088983],[-82.767136571654845,40.995782626045219],[-82.762869116674736,40.995758939839867],[-82.761419913786938,40.99575289392196],[-82.757152321657642,40.995723622713392],[-82.753239689638946,40.995699888712956],[-82.750004206335504,40.99569274969717],[-82.746253800788793,40.995700346892832],[-82.741290439265313,40.995675466116744],[-82.736131526323717,40.995655884082517],[-82.730371345391092,40.995636206068127],[-82.724980789647859,40.995610540290357],[-82.711453795443759,40.995520472322603],[-82.701751762801393,40.99541247598949],[-82.691926341047022,40.995369739307563],[-82.686933922308754,40.995342568683341],[-82.686173103111656,40.995326121842936],[-82.683919630920585,40.995309691628002],[-82.679151834230211,40.995276689506539],[-82.674565183744704,40.995248992011874],[-82.66969594013041,40.995221079441848],[-82.667645320277899,40.995209882731452],[-82.664572967654394,40.995143686604514],[-82.659899150149442,40.995011408377216],[-82.655949916736901,40.99490657220295],[-82.654616595225932,40.994873427888955],[-82.649109377620988,40.994812017286137],[-82.6432471590483,40.994750153052593],[-82.630682552535347,40.994580783985569],[-82.625004167988976,40.994501228386781],[-82.62202052139429,40.994491927578558],[-82.618810527041219,40.994471690910167],[-82.61536137555639,40.99445149185015],[-82.61235418596813,40.994425502290568],[-82.609173032973843,40.994394032923267],[-82.606020821007718,40.99437345583285],[-82.602723623249645,40.994347371744119],[-82.599614786905192,40.994310152066419],[-82.596578402296288,40.994289299835685],[-82.59347677736254,40.99425192056713],[-82.59195495999856,40.994241425257044],[-82.590433145484596,40.994225418339148],[-82.587179401751555,40.994198883257376],[-82.584099648261414,40.994166707690866],[-82.580896819054047,40.994123468200769],[-82.577889704856574,40.994096563481698],[-82.574621724080743,40.994042167483315],[-82.57255659144154,40.994004008852961],[-82.570005973615707,40.993965864338477],[-82.566991606798695,40.993916719790832],[-82.563774351110325,40.993867507458759],[-82.560752740491225,40.993829182730167],[-82.558238355145591,40.9937852897177],[-82.555325437795688,40.993735842992336],[-82.552600919168384,40.993697312920702],[-82.549622790258013,40.993653210056806],[-82.546651910509922,40.99360354081022],[-82.543767985116162,40.993559296305676],[-82.541115957027017,40.993531489494124],[-82.537992967229343,40.993481590369036],[-82.535159853490171,40.993431669685307],[-82.534283114579821,40.993415028264685],[-82.531631165236661,40.993376041367434],[-82.528486515823175,40.993325892136404],[-82.525167968205167,40.993281097508529],[-82.521842166584122,40.99324169088618],[-82.518813435986473,40.993196791608987],[-82.51620494729984,40.99316293977212],[-82.513081984962213,40.993134314880471],[-82.509944514725888,40.993105592201054],[-82.506633134911709,40.993065718510628],[-82.50358260040737,40.99302586894202],[-82.500763934174174,40.992986052383117],[-82.500004129745562,40.992974701213065],[-82.497656637800446,40.992981454094462],[-82.496584221596493,40.992976546051601],[-82.495098775129449,40.99296635162758],[-82.492200333416818,40.99294585236246],[-82.489294620187536,40.992914273500269],[-82.486352675058185,40.992904564566508],[-82.483388972878728,40.992900241934606],[-82.480432482180703,40.992879331055406],[-82.477504968966258,40.992874774038697],[-82.474533965302271,40.992875618666922],[-82.471541205605462,40.992865392959075],[-82.467722367921695,40.992871732025208],[-82.464787591673939,40.992861334254272],[-82.461838352993766,40.99286188355719],[-82.458881907128273,40.992862419997024],[-82.457374717863686,40.992857205994554],[-82.456766050225241,40.992857318639096],[-82.455932753727524,40.992851977400584],[-82.452990864154614,40.992863435852954],[-82.449998248144951,40.992863842343667],[-82.447107078078645,40.99287514071181],[-82.444128951850814,40.992875390481537],[-82.44116531648227,40.992875561807452],[-82.438223418162508,40.992881146639],[-82.435303255930506,40.992886656537046],[-82.43293379271671,40.992886618185544],[-82.432998990872065,40.993693728146361],[-82.433085921667058,40.994923609434331],[-82.43314387013686,40.996169961318934],[-82.433245300549601,40.997416313972444],[-82.433310501716079,40.998657174929136],[-82.433390199212511,40.999903526437087],[-82.433394635922141,41.000024857882366],[-82.433451735723608,41.001064391011973],[-82.433531366921102,41.002382116478593],[-82.433618226908806,41.004067706704028],[-82.43371234003024,41.005764278393499],[-82.433813707183418,41.007466340931806],[-82.433893338387037,41.009157421838971],[-82.433994721808517,41.010804579239384],[-82.434096108352193,41.012523113237336],[-82.434183006337832,41.014214194145126],[-82.434262661537133,41.015910765233713],[-82.434356820712594,41.017590864924088],[-82.434450985563103,41.019287435906179],[-82.43453790723116,41.020994987488457],[-82.434617607928033,41.022087601195423],[-82.434639335251461,41.022658614955041],[-82.434733518133754,41.024388128111276],[-82.434827708585729,41.026084697862188],[-82.434929155038006,41.027792248411053],[-82.435023358941393,41.029472345958304],[-82.435117568795789,41.031168914714925],[-82.435211785095973,41.032865483161657],[-82.435298757197828,41.034562051245494],[-82.435378493527182,41.035742511262676],[-82.435458225637447,41.037433588354148],[-82.435552465757183,41.03913564637665],[-82.435646712580535,41.040832213715809],[-82.435740966032142,41.042534271430284],[-82.435835226298778,41.044225348046766],[-82.435914989436867,41.045927405628582],[-82.436031019304025,41.047618482265264],[-82.436139804891297,41.049309558944486],[-82.43624859823818,41.051006126254862],[-82.436357399475924,41.052708184272646],[-82.436466208547429,41.054399261541015],[-82.436546012834384,41.056051905756256],[-82.436625824260986,41.057748474590774],[-82.436676611407677,41.058539108697445],[-82.436720149261717,41.059445043900048],[-82.436792721385544,41.0611580856662],[-82.436887060810349,41.062843675332424],[-82.436966898082545,41.064540244702123],[-82.437010443458391,41.065325387496294],[-82.435603152842717,41.065325397489978],[-82.431772998191704,41.06534180911418],[-82.427928329977277,41.065363582829008],[-82.424061893192331,41.06539071638678],[-82.420217215306863,41.065406741712238],[-82.416372528172701,41.065439109982918],[-82.412556856849164,41.065454883718125],[-82.408719416585797,41.065476016125395],[-82.404889230556577,41.065486041095774],[-82.401015510285845,41.065506906363936],[-82.39717080155792,41.065527650685759],[-82.393362362083806,41.065542789136664],[-82.389481376612579,41.065557772469838],[-82.385643915688831,41.065567153300478],[-82.381813695958144,41.065587390961973],[-82.377954458829905,41.065601996503247],[-82.37500409752424,41.065611456320937],[-82.374048921330257,41.065610157953977],[-82.373620921472607,41.065610393021004],[-82.371655027932761,41.065616942846169],[-82.369739912454747,41.065623432939248],[-82.367752252977951,41.065629927057117],[-82.365793604546681,41.065630882177892],[-82.363813200980601,41.065642794983496],[-82.361723977668191,41.065649231173559],[-82.357770405776719,41.065656406491911],[-82.355804494368357,41.065651702577597],[-82.353816830344144,41.065663444680851],[-82.351923463981137,41.06566413722279],[-82.349979317152304,41.065664815575538],[-82.347926361658637,41.065676477067392],[-82.345953193544233,41.065671605409264],[-82.343972773744284,41.065672192246048],[-82.341948827822364,41.065672756392622],[-82.34001918963601,41.065678751374975],[-82.338038770759866,41.065684725651536],[-82.336776526179051,41.065690506580808],[-82.336820379570824,41.066541542251379],[-82.336951995503327,41.069209951966783],[-82.337083686621057,41.07202660803069],[-82.337200882371206,41.074837776617095],[-82.337318095855196,41.077654435719325],[-82.337413554474281,41.080465609165415],[-82.337494517906634,41.08328776715954],[-82.337590003293897,41.086104431057855],[-82.337692757581749,41.088921093037875],[-82.337795522070181,41.091732264036565],[-82.337891043774803,41.094548926824309],[-82.33795028859646,41.09736559746711],[-82.338002284103936,41.1001822688864],[-82.338054280826668,41.102982467251714],[-82.338106292980285,41.105799135883203],[-82.338172822315883,41.108593836711002],[-82.338224864874022,41.111437954039552],[-82.33828410312158,41.114221696725352],[-82.338350545527476,41.117076865894411],[-82.338424197572252,41.119888127583437],[-82.33849789040616,41.122776254908516],[-82.338554774434016,41.125021984142535],[-82.338555083152954,41.125813622008451],[-82.338584595685163,41.127016078457615],[-82.338658651803314,41.130650923220685],[-82.338718221075297,41.134335182819818],[-82.338762847917863,41.136954213171904],[-82.338792258298511,41.137849171396823],[-82.338792353819585,41.138085265334524],[-82.338829362061404,41.139803791059506],[-82.338939800878279,41.143482412659857],[-82.339035772304669,41.147210450541166],[-82.339146286958567,41.150916521109551],[-82.33922048976055,41.154600636336625],[-82.339301969814414,41.158284748137554],[-82.339383462908287,41.161968858378295],[-82.339398887097943,41.164044265525682],[-82.339399569266249,41.165625530568796],[-82.339408430862917,41.169320637231898],[-82.339431832189163,41.173026720968004],[-82.33946878171723,41.174454242690146],[-82.339527854425228,41.176622976917351],[-82.339616654222638,41.180296102068965],[-82.339727306326651,41.184062561422657],[-82.339816130600084,41.187746670339386],[-82.339883161884771,41.191425290574138],[-82.339986553831025,41.195109383806312],[-82.340053634857171,41.198826421216026],[-82.340119900741584,41.200704145297571],[-82.340164311869174,41.202466573394055],[-82.340253155507867,41.206013386720031],[-82.340356657471204,41.209785298622862],[-82.340422747437131,41.211218287083625],[-82.34041586084544,41.212052835986391],[-82.340438364985687,41.213557210356143],[-82.340483675851601,41.217208337223546],[-82.340529021376994,41.220914364496316],[-82.340625263075239,41.224587432456779],[-82.34076515724955,41.228271467095084],[-82.340883252216869,41.231955506123775],[-82.341023200580238,41.23564501030517],[-82.341156001704377,41.239317909404527],[-82.341281630347623,41.243023676966772],[-82.34142182251118,41.246723955136979],[-82.341466147492312,41.248003145459236],[-82.341520818543827,41.250021273414291],[-82.342166131623642,41.275960842435559],[-82.342166177531354,41.276059669408113],[-82.342166190284459,41.276087121344226],[-82.342432016118295,41.284234773373065],[-82.375004115622971,41.284080625546423],[-82.377674265581916,41.284076493427271],[-82.380571274171231,41.284061409564671],[-82.383431907596915,41.284046231304927],[-82.386372592028138,41.284031022722928],[-82.388730918972001,41.284015527046527],[-82.391678717520008,41.284005734641468],[-82.394575527258127,41.283990371596126],[-82.39747961194395,41.283974937093724],[-82.40036185779492,41.283959421250678],[-82.406140894255984,41.283928173512422],[-82.409052241130595,41.283912444353646],[-82.411963581481544,41.28390213066379],[-82.414853079164146,41.283902718582937],[-82.415879324815535,41.283897419333137],[-82.417320431013749,41.283903162241529],[-82.418768817790635,41.28389790733064],[-82.420260872033779,41.283898130458702],[-82.421665585682476,41.28389832256628],[-82.423121248778088,41.283887522667492],[-82.424394952147097,41.283882175150268],[-82.425850612781232,41.283871340214766],[-82.427306272050018,41.283860486601121],[-82.428761928736321,41.283860594899387],[-82.430217585021197,41.283855194232395],[-82.431665961906262,41.283849774592483],[-82.433121615690467,41.283849826982056],[-82.434577268847391,41.283838880148693],[-82.435996529338198,41.283838895088991],[-82.437437623749389,41.283838892127569],[-82.438893273572575,41.283833380318718],[-82.44035620052729,41.283827849641284],[-82.441804569891545,41.283822300846204],[-82.442619732368243,41.283822259807692],[-82.444199112872042,41.283855105311602],[-82.447030353308321,41.283909780858075],[-82.449832482329199,41.283964389455441],[-82.452620053766253,41.284007950739813],[-82.455444021822643,41.284067908664518],[-82.458217040843778,41.284116826000272],[-82.461026452314869,41.284165668273069],[-82.463399171921978,41.284214545419943],[-82.466215869510677,41.284274239130795],[-82.46900345666235,41.284333871928069],[-82.471783765168098,41.284387949025479],[-82.474302053564259,41.284431065350937],[-82.477104210687742,41.28450147713567],[-82.479877247694205,41.284555361042628],[-82.482708520396514,41.284620135066781],[-82.48499391312815,41.284663111601205],[-82.486223947766348,41.284690041577555],[-82.490714632726821,41.284786899886321],[-82.493480376302259,41.284862482728343],[-82.496318912740264,41.284943452114355],[-82.499870733400954,41.285034941239097],[-82.500004154000052,41.285034870767426],[-82.504452840155551,41.285131945351523],[-82.512145483208513,41.285283923191407],[-82.519998606153422,41.285396827360309],[-82.527487873784224,41.285492595343641],[-82.535341069781978,41.28556050762645],[-82.542495541941051,41.285666204436531],[-82.550341448279184,41.285798976027351],[-82.55850760918463,41.285909263384944],[-82.566171577778277,41.286018997697113],[-82.577132593973232,41.286193705318318],[-82.581426758446042,41.286275392926392],[-82.585124080057867,41.286263715021732],[-82.586084803520521,41.286269004553773],[-82.592795290039987,41.286272873332756],[-82.596565378004939,41.286266303054546],[-82.600437353874653,41.286259576730352],[-82.605757664925676,41.28624119820212],[-82.606478200014905,41.286240921060738],[-82.607919273504237,41.286245843413695],[-82.612045975858805,41.286249607176451],[-82.6155832263387,41.286253445439954],[-82.623458501251676,41.286293197977948],[-82.625004192364528,41.286303271029567],[-82.630668734772314,41.286358493585681],[-82.642415557280984,41.286462131508252],[-82.650290392549508,41.28653075171912],[-82.661171045487208,41.286621483860841],[-82.676796918522342,41.287024592820323],[-82.699060499588583,41.287249346937053],[-82.725931275337899,41.287627505491926],[-82.735116280540737,41.287717299030199],[-82.742336103866322,41.287829386767463],[-82.750004230571406,41.288014107577581],[-82.84007979164852,41.289948143088964],[-82.841564541661469,41.289986184980471],[-82.841600932168717,41.2899861752825]]]},"properties":{"NAME":"Huron"}},{"type":"Feature","geometry":{"type":"Polygon","coordinates":[[[-81.125003774428166,41.813012411249169],[-81.125532496887146,41.812810742375383],[-81.125877598620093,41.812657154687223],[-81.126252085149304,41.812509117990857],[-81.126619182625205,41.812339111052161],[-81.126861388252792,41.812267868107412],[-81.12725783599663,41.812147275286833],[-81.127977332508976,41.81186761729024],[-81.128337110987715,41.811714005792496],[-81.128880316185558,41.811478223250489],[-81.129232791042583,41.81134659428988],[-81.129790753075696,41.811088813605579],[-81.130473497404097,41.810803687100957],[-81.131170964492867,41.810480079611089],[-81.131420682362176,41.810320909685977],[-81.131567472152867,41.810222204446603],[-81.131986018663937,41.809969796833222],[-81.132323851027195,41.809750356484841],[-81.132529393110971,41.809596729339802],[-81.13269823268773,41.809508895677745],[-81.13285249396931,41.809415674420336],[-81.133058015988212,41.809311404925438],[-81.133586720350863,41.809009685132395],[-81.134585151042131,41.808532496031859],[-81.135040294633484,41.808291112853581],[-81.135135751589075,41.80823074332843],[-81.135363284768786,41.808121039503668],[-81.135994720657507,41.807736952898857],[-81.136361838975347,41.807544937265114],[-81.136611447671555,41.807402328975222],[-81.136927109279242,41.807243158424299],[-81.137235473416283,41.807106062994194],[-81.137947553030187,41.806782396390084],[-81.1384980723723,41.806568536275933],[-81.139202624466336,41.806442485604542],[-81.139452257851843,41.806371296964031],[-81.140391798999403,41.805921419827719],[-81.140670825209867,41.805806238138729],[-81.141243272168126,41.805608730737127],[-81.141448781857321,41.805564973488558],[-81.141669036760049,41.805493636082204],[-81.14188917099716,41.80542238847152],[-81.142278193430855,41.805296258308282],[-81.14257184020029,41.805208435290062],[-81.143738882721536,41.804824539598435],[-81.145155352005801,41.804396812639617],[-81.145272872554315,41.804358473981139],[-81.147078300034067,41.803793502988405],[-81.147305885716079,41.803722235412906],[-81.14778293833912,41.803568682113557],[-81.148869275142559,41.803135299228394],[-81.149419706553019,41.802860949265067],[-81.149581270317768,41.802767605748031],[-81.149816115253742,41.80266335787271],[-81.149977570654983,41.802575598313553],[-81.15002163173456,41.802526182013139],[-81.150395995574982,41.80232312311275],[-81.150851078988637,41.802048711018493],[-81.151107951148916,41.801895072810204],[-81.151166722100456,41.801856625307884],[-81.151864050538776,41.801406612291359],[-81.152128370797115,41.801198108881934],[-81.15228979307004,41.801099267389624],[-81.152341181069602,41.80104443621353],[-81.152869703780752,41.800682189666013],[-81.153192702994673,41.800501077140595],[-81.153596388887166,41.800287070000017],[-81.154315642051941,41.799908438632407],[-81.154917486059446,41.79966146452243],[-81.154924775528187,41.799639567499078],[-81.154829392234134,41.799568090007618],[-81.154836788811423,41.799540698531068],[-81.154873500680267,41.799540648993087],[-81.15499081810016,41.799573636632893],[-81.15510822940503,41.799595635399236],[-81.15524765540701,41.799562751202259],[-81.155445820463768,41.79952987736042],[-81.155592561840464,41.799485994209356],[-81.156113564256984,41.799359818163751],[-81.156656751243432,41.799101926076084],[-81.156972255896761,41.798915318780111],[-81.157317221477129,41.798717771671093],[-81.157845635233912,41.798525735894692],[-81.158418124823157,41.798295266717126],[-81.158491438686909,41.798251301044381],[-81.159012553126246,41.797982439613747],[-81.159482204612445,41.79778489330279],[-81.159673069076703,41.797675101885652],[-81.15992987562926,41.797510455254972],[-81.160201458036724,41.797334798786849],[-81.161030686402881,41.797065948064862],[-81.161603039823646,41.796934270830199],[-81.161793796132216,41.796879419213305],[-81.161889225172018,41.796824521621801],[-81.162065375503488,41.796753207196588],[-81.162483679715479,41.796676415953407],[-81.163261456309101,41.796533811170136],[-81.163547586801016,41.796451529511728],[-81.16371647875053,41.796319785386252],[-81.16399536810988,41.796089256377073],[-81.16446494071532,41.795919071318004],[-81.164765864844725,41.795787406617769],[-81.165125431679243,41.795573332053905],[-81.165308909953339,41.795452553224152],[-81.16581524735021,41.795167109089405],[-81.165888588063936,41.795090262778047],[-81.166218822710434,41.794892710110723],[-81.166534414261719,41.794711570624791],[-81.166651868041129,41.794612772602434],[-81.166703218165082,41.794596305156006],[-81.166754602941992,41.794546871701534],[-81.167312305376967,41.794255942056338],[-81.16775263179872,41.793910147946072],[-81.168024149447888,41.793723484330471],[-81.168310343869493,41.793580753145044],[-81.168618547901232,41.793432584670114],[-81.169168886438811,41.793185611379108],[-81.169616418598437,41.792976977427195],[-81.169836560585139,41.792845238566251],[-81.170115391073651,41.792697019439977],[-81.170474919855863,41.792526882691845],[-81.170592436792461,41.792455552135635],[-81.170878543627879,41.792329297645523],[-81.170966602233719,41.792268909121084],[-81.171010622525557,41.792257944988677],[-81.171494914996714,41.791983407105008],[-81.172221309525924,41.791692561771193],[-81.172456139699747,41.79156629016952],[-81.172734941970589,41.791456525004953],[-81.172867046685525,41.791396158825535],[-81.17365945691958,41.791088722026814],[-81.173916290204815,41.79100087446038],[-81.174195101413389,41.790940554699283],[-81.174495876601185,41.790858223580138],[-81.174884765412983,41.790649658183071],[-81.175024207662474,41.790589188280414],[-81.175376325906399,41.790402564493107],[-81.175493803724819,41.790320240312504],[-81.175772625908053,41.79013354714057],[-81.175911931346619,41.790023807542234],[-81.176322864760635,41.78982619215283],[-81.176491608927194,41.789743788227916],[-81.176748372435441,41.789590092551634],[-81.177232636816086,41.789321114873523],[-81.177621478448799,41.789145416172751],[-81.178494616766415,41.788673261439001],[-81.17896416034641,41.788525084555459],[-81.179573058622609,41.788289048880422],[-81.180159987809688,41.788030977041416],[-81.180835064091141,41.787750966283689],[-81.181062452247346,41.787685126450526],[-81.181487994976365,41.787514941223421],[-81.182052890944973,41.787300849205415],[-81.182177579504824,41.787262371339295],[-81.182727766743525,41.787125129943881],[-81.18316793998774,41.787108666527509],[-81.183527451004636,41.787081251584517],[-81.183894213764759,41.787064812584539],[-81.184657274412316,41.786965951615684],[-81.185016673442121,41.786900071881426],[-81.185383469989546,41.78681229182601],[-81.185853089186381,41.786658502375701],[-81.186227160611693,41.786548730530988],[-81.186637985063783,41.786373055826125],[-81.186960835091625,41.786279667657901],[-81.187085471234383,41.786224791640798],[-81.187239606991326,41.786175361754509],[-81.187562327395369,41.786038107499685],[-81.18774574591643,41.785961247523481],[-81.187885198616627,41.785911750693522],[-81.188633467865969,41.785494486359994],[-81.189154214092483,41.785258364598626],[-81.189609035242171,41.785071708243066],[-81.190041880019649,41.784901479378298],[-81.191193619334058,41.784401745813433],[-81.191729090254327,41.784105240239079],[-81.192088544742205,41.783863699692169],[-81.192345352994863,41.783704384666137],[-81.192902829053807,41.783325511748238],[-81.193100849141203,41.783226641354368],[-81.193298906832396,41.783100388927565],[-81.193746320896565,41.782820324869959],[-81.193922399422377,41.782748961746854],[-81.194274493480265,41.782545797052222],[-81.194905328459825,41.78223821676486],[-81.195272060531366,41.782062495885519],[-81.195572880478565,41.781897784627972],[-81.196123029192805,41.781573761821583],[-81.197149912930584,41.781084990022052],[-81.197347886669874,41.780975213759781],[-81.198008092064867,41.780601723927425],[-81.198932302162362,41.780151393267055],[-81.199526336921139,41.779942749446647],[-81.199959104730979,41.779805449416919],[-81.200575272883128,41.779635132017269],[-81.200898035192708,41.779607637048187],[-81.201213473837356,41.779624108755009],[-81.20151428332295,41.77969545862269],[-81.201565561234503,41.779700863058537],[-81.201785612191031,41.779766769390228],[-81.202027718408033,41.779805164817027],[-81.202247735298243,41.779783160815221],[-81.202401793107114,41.779717227728128],[-81.20243844242124,41.779662399885716],[-81.202533863802486,41.779547030698737],[-81.202570426396932,41.779464641169035],[-81.202629130302228,41.779420763083678],[-81.202636504493583,41.779393278359223],[-81.202768488371703,41.779272440235587],[-81.202849109221589,41.779234017717641],[-81.20287114651164,41.779201102825787],[-81.20312053649468,41.779030878128303],[-81.203685303643525,41.778668332801999],[-81.203751295189534,41.778646418607543],[-81.203875919327686,41.778558558316021],[-81.204330722459417,41.778393731030235],[-81.204514065629141,41.778305855724234],[-81.205181499277828,41.778069670425793],[-81.205584896475827,41.77786097513993],[-81.20578286159062,41.77771812817911],[-81.205885498583868,41.777679664109492],[-81.206222884391934,41.777487477751407],[-81.206310908626065,41.777432556470607],[-81.206464921783066,41.7773556293007],[-81.206875653330471,41.777185376724269],[-81.206971034096469,41.777135936044267],[-81.207139725799365,41.777059071609294],[-81.20769709210451,41.776839282781552],[-81.208415839232288,41.776553626874133],[-81.208701911774028,41.776460244366923],[-81.208980572619069,41.776344897222522],[-81.209281198672883,41.776213116437255],[-81.209596605224363,41.776075723494216],[-81.209779917100732,41.775982345464634],[-81.209897277731855,41.775921963605683],[-81.209919328273088,41.775894541663035],[-81.210249255597475,41.775746221774661],[-81.21074796708902,41.775515446592401],[-81.210931306407574,41.775394594909486],[-81.211422703919425,41.775136448514935],[-81.211782061414993,41.774938710979306],[-81.212156029735084,41.774757428404151],[-81.212537323664691,41.774609097175436],[-81.212735354684142,41.774493799848521],[-81.212940694463327,41.77440587033157],[-81.213270757459782,41.77423006970254],[-81.213388075467748,41.774158695626554],[-81.213908648700013,41.773851125252506],[-81.214128686371211,41.773697324074035],[-81.214363270623323,41.773576461468977],[-81.214752016065162,41.773356772415596],[-81.215184594196458,41.77307656209198],[-81.215455871539191,41.772955718618448],[-81.21585924355557,41.772686549163957],[-81.216093894435133,41.772587660287044],[-81.21652650731059,41.772356984056366],[-81.216805211712,41.772192168528527],[-81.217289158361993,41.771879067290847],[-81.217501777307305,41.771741756650812],[-81.21753845540367,41.771736282966117],[-81.217707065299138,41.771642919996921],[-81.218308366803498,41.771346255324929],[-81.218477048529451,41.771274778437757],[-81.218748349398552,41.771164915788489],[-81.218894994021326,41.771087985854123],[-81.21911492892356,41.771016590564592],[-81.219312992997544,41.770917674711178],[-81.219686964956963,41.770785816621888],[-81.220068292899711,41.770659347514268],[-81.220390925137551,41.770538484034518],[-81.221021582589785,41.770318669790484],[-81.221432231845696,41.770148365008609],[-81.222128772767249,41.769774758693423],[-81.222620042459084,41.769500088483767],[-81.22295732595417,41.769335241533312],[-81.223441370794362,41.769197854375882],[-81.22372734203411,41.769120925018242],[-81.223991349263159,41.768989095594989],[-81.224541330173878,41.768780247064065],[-81.224834707492221,41.768686820832514],[-81.225487367239353,41.768631701426514],[-81.22580273041774,41.768598668034166],[-81.226206077564598,41.768433874115409],[-81.226389440067095,41.768362455703148],[-81.226528803331277,41.768302020548653],[-81.227328039024201,41.767867965638082],[-81.22770204508241,41.767708630460071],[-81.228207938781566,41.76755480253199],[-81.228604004060912,41.767477744473481],[-81.22896338425106,41.767439215765762],[-81.229388831900664,41.76743910605186],[-81.230320323118846,41.767537618487253],[-81.231332523448046,41.767559226537948],[-81.231721279205274,41.767526125530019],[-81.231999991355153,41.76743820923825],[-81.232256583003263,41.767355740032635],[-81.232645244198679,41.767125026888905],[-81.233239162658649,41.766894174209774],[-81.233811139029669,41.766652463199982],[-81.234207017461117,41.766493062660984],[-81.234559110696765,41.766405081966234],[-81.234793735709061,41.766306167131944],[-81.235959376778439,41.765641368642555],[-81.236289305541391,41.765482001007875],[-81.236714622911151,41.765251194223765],[-81.236853906025345,41.765207228256074],[-81.237220443001505,41.765025895528268],[-81.237711720588237,41.764773152133834],[-81.237953644524254,41.764734648999401],[-81.238122300141995,41.764663149712753],[-81.238371565388505,41.764459894142661],[-81.238576834712489,41.764300591509311],[-81.238745367264968,41.764229181074704],[-81.239016681342306,41.764168637431766],[-81.239522572853787,41.763970794123416],[-81.239889144609606,41.763805840722576],[-81.240189827677511,41.763717941315235],[-81.240549097777787,41.763662794582835],[-81.240761796930883,41.76366271322722],[-81.240952540862395,41.763679159746836],[-81.241084557401535,41.763755894565627],[-81.241268004259794,41.763816219494323],[-81.241311953907044,41.763761365632114],[-81.241341141037765,41.76358557901829],[-81.241392449111061,41.763536203975136],[-81.241956986218881,41.763360199813611],[-81.242880661056162,41.762904040557629],[-81.243049198892663,41.762838115102078],[-81.243591889670469,41.76274446945127],[-81.243701821475668,41.762706047652543],[-81.243819111554942,41.762673014365404],[-81.243943757518409,41.762612584045698],[-81.244369008736768,41.762513507341872],[-81.244838335714491,41.76249134499826],[-81.245065639607219,41.762474739263446],[-81.245234271125867,41.762403315013685],[-81.245586191798424,41.762287815636995],[-81.245806151488367,41.762238257971859],[-81.246179959029774,41.762089833835446],[-81.246429285887842,41.762012830438977],[-81.246583225285448,41.762001782270396],[-81.246803265521578,41.761974199245095],[-81.247030539417693,41.761919218756638],[-81.247389658246831,41.761737765370299],[-81.247793023239879,41.761677179980936],[-81.247998195984863,41.761600177551394],[-81.248328029587697,41.761374919391741],[-81.24855529864999,41.761319935335102],[-81.248797305927326,41.76128131172004],[-81.249185937898673,41.761270111388434],[-81.249640611764946,41.761258946290113],[-81.250003808760596,41.761235886020309],[-81.250154441437743,41.761198395874381],[-81.250440542563979,41.761116168264266],[-81.250910011202663,41.76095175511518],[-81.251900206309514,41.760688652268129],[-81.2522597200268,41.760524204194347],[-81.252281702277685,41.760485695589914],[-81.252355094190577,41.760458332902942],[-81.252377120097577,41.760430902915658],[-81.252531176137083,41.760359588303324],[-81.252743856706431,41.760359660839804],[-81.253271719859413,41.760392904843805],[-81.253770473538154,41.760365682860161],[-81.254239897851335,41.760283580195818],[-81.254628538185557,41.760184991586861],[-81.254841284678577,41.760141105116446],[-81.255501438977731,41.7599548113024],[-81.255633521447464,41.759894439715389],[-81.255926841446538,41.759784799790637],[-81.256168981171555,41.759691576212155],[-81.25622762904338,41.759647670712042],[-81.25638907243497,41.759559850991344],[-81.256667792397806,41.759499600507986],[-81.257049186844668,41.759395434704089],[-81.25785598226075,41.759242123284665],[-81.258251946615047,41.75923132379274],[-81.258486605665098,41.759192964836032],[-81.258956053093328,41.759088863455894],[-81.259205294482442,41.759116491831179],[-81.259381347469031,41.759072588972032],[-81.259469425526234,41.759078153962101],[-81.25996792887392,41.759226630742447],[-81.260980060849363,41.759012930819189],[-81.261434808306262,41.758903267080527],[-81.262799039161692,41.758601915375131],[-81.262931121004101,41.75842624392039],[-81.263004508281341,41.758398873708394],[-81.263158417591342,41.758382396751422],[-81.263693973797686,41.758179493763755],[-81.264170546271501,41.758229102449128],[-81.264295188101215,41.758262050152084],[-81.264456439515058,41.758333553206938],[-81.264676482684322,41.758339078090152],[-81.265219154082359,41.758372315619297],[-81.265695818702426,41.758355984927235],[-81.265761746727179,41.758328540027833],[-81.265739933592783,41.7581748404507],[-81.265769325903335,41.758097941827145],[-81.265871972757012,41.758048614261796],[-81.266113933133965,41.758059669292649],[-81.266751987837367,41.758032418833615],[-81.267045326421069,41.757988678633396],[-81.267683382289675,41.757961422233862],[-81.267961960804001,41.757983465413808],[-81.268555921611153,41.758082495613188],[-81.268805242798649,41.758126582484216],[-81.268951880890185,41.758154068073345],[-81.269318535348646,41.758236516632252],[-81.269956390434004,41.758330120235811],[-81.270374366601374,41.758429106025439],[-81.271210360545069,41.758522680934306],[-81.271576935764315,41.758528291463819],[-81.271848304916205,41.758550340861738],[-81.272405603332274,41.758567021357798],[-81.273454300883643,41.758633227233169],[-81.273828311026293,41.758688260204607],[-81.274224240868662,41.758748823259722],[-81.274422205213881,41.75879274978616],[-81.274737536556856,41.758825854083142],[-81.275771596874279,41.758787681535324],[-81.276570997674611,41.758787900046642],[-81.276886282588123,41.758837390928946],[-81.277626906029525,41.758903495953334],[-81.278323548236642,41.758925659923726],[-81.278602215423049,41.75896415721229],[-81.279042255078338,41.758986225282939],[-81.279108253935902,41.759030197277809],[-81.279240181596364,41.759183982178143],[-81.279320673443863,41.759485967699938],[-81.279342599138388,41.759683616443745],[-81.279379251804585,41.759919778723315],[-81.279423236216928,41.759963714590583],[-81.279459855852608,41.759947231899581],[-81.280017244932978,41.759952885548337],[-81.280391025235943,41.760414201353655],[-81.281043747174266,41.760458255562611],[-81.281365973266574,41.761336809498765],[-81.281483409943434,41.761259959889067],[-81.281725438400528,41.761254587506471],[-81.281835447204784,41.761293045261176],[-81.281908689929153,41.761315021127267],[-81.281930682815371,41.761336943712564],[-81.282451307674108,41.761622616617416],[-81.282634588084534,41.761743486478636],[-81.28286928315714,41.761820364596204],[-81.283037835721117,41.761902810831273],[-81.283206536953216,41.762045603605195],[-81.283243158376095,41.762056591323621],[-81.283375164778704,41.762171913707093],[-81.283499806083611,41.762254288672018],[-81.283631692191108,41.762369611364193],[-81.283763676245371,41.762506911013809],[-81.283917551677789,41.762913287024567],[-81.282882642125799,41.765015939241103],[-81.282992675300719,41.765032420520576],[-81.283080592775292,41.764972125923414],[-81.283161427685158,41.764752513362815],[-81.283249415854399,41.764681139727593],[-81.283432873688128,41.764516486509685],[-81.283550329624134,41.764335243289715],[-81.283660284063032,41.764252916349967],[-81.283755702412449,41.764121176423721],[-81.283887835966567,41.763967458158724],[-81.28401251196928,41.76384122985224],[-81.284306030641488,41.763484361086448],[-81.284372051537247,41.763451501374497],[-81.284386726437589,41.763423993306759],[-81.284452698291361,41.763380145026836],[-81.284496725276213,41.763325182462289],[-81.284584828790784,41.763226425945135],[-81.284621447914446,41.763209942005979],[-81.28463619439583,41.763171535152281],[-81.284709526204992,41.76310560105928],[-81.284856261493047,41.762962924047763],[-81.285347763281223,41.762573224293142],[-81.285509145740221,41.762397543971311],[-81.2856338915728,41.762315178223432],[-81.285795231176309,41.762210923849274],[-81.286147350047827,41.761914521688155],[-81.286264816497052,41.761711388286962],[-81.286301434352453,41.761694903823262],[-81.286499498158136,41.761464277136113],[-81.286726998513288,41.761118465728245],[-81.286822406413378,41.760986723192076],[-81.287130534132999,41.760701236606067],[-81.287196492059905,41.760574971865815],[-81.287343244114027,41.760465167436259],[-81.287343240892056,41.76043769581311],[-81.287409303496986,41.760388351249901],[-81.287475270013474,41.760344411146569],[-81.287651318204212,41.760168780969536],[-81.287695393306393,41.760152277308187],[-81.287746750670337,41.760069913466566],[-81.287783367708982,41.76005351858641],[-81.288032838345671,41.759833928747838],[-81.288069479527138,41.759822937977233],[-81.288252908830174,41.759630805298059],[-81.288340927293049,41.759515472965795],[-81.288377543877033,41.759499077899036],[-81.288502323119133,41.759372754256006],[-81.288560999502451,41.759339820555745],[-81.288692925523492,41.759224557422193],[-81.289030414322056,41.758944576012276],[-81.289191832142777,41.758807350602311],[-81.289199141728332,41.758774456216493],[-81.289353129007154,41.758670125269362],[-81.289433789620261,41.758604259653609],[-81.289558548450927,41.758527383902972],[-81.289800557666766,41.758362752410299],[-81.290218721435906,41.758022395890158],[-81.290277395708955,41.75798946134654],[-81.290321414896965,41.757934586551642],[-81.290746790796618,41.757594209832646],[-81.290908181346765,41.757478959447617],[-81.29105487500081,41.75738563347506],[-81.291128194612767,41.757319785319659],[-81.291164833768207,41.757308793621185],[-81.291179479679485,41.757275790340429],[-81.291318930063468,41.757176988096738],[-81.291436255541015,41.757133095345964],[-81.29152419990659,41.757056221058136],[-81.291597563971408,41.756973889445874],[-81.291670937363406,41.756946501244116],[-81.292125615071967,41.756677471501604],[-81.292323664352253,41.756556721515686],[-81.292727078178373,41.756337179346737],[-81.292859116395391,41.756249382943864],[-81.292903117165594,41.756243866322507],[-81.292947133173712,41.756188990472403],[-81.293108375610643,41.756095624860009],[-81.293306436155106,41.755925514056308],[-81.293350411522141,41.755914502982911],[-81.293365176905709,41.755881589123561],[-81.293438472325917,41.755837626941997],[-81.293636516421728,41.755716874826085],[-81.293651186479849,41.755689455531773],[-81.293746494354863,41.755645526908985],[-81.293753826459778,41.755618036309102],[-81.293966589462954,41.755480852942497],[-81.294083898589619,41.755382014092035],[-81.294369954141899,41.755200867392354],[-81.294597249413016,41.755085623136097],[-81.294633956381276,41.755063641526284],[-81.294736614175335,41.75497033398554],[-81.29490525274997,41.754838576432917],[-81.294919992015693,41.754800168023984],[-81.295029961152224,41.754701347062301],[-81.295213362335318,41.754536584866912],[-81.295367355403826,41.75443783053764],[-81.295594659410483,41.754273134951276],[-81.295799994473199,41.754091922292872],[-81.296005391300312,41.753976641669674],[-81.29632072776144,41.753757044176673],[-81.296562784275054,41.753636353752235],[-81.296694780052533,41.753515586856174],[-81.296988055925951,41.753312437566784],[-81.297457392444585,41.753076405884691],[-81.297552737881986,41.753015990955966],[-81.298088135300148,41.752708538718025],[-81.298337463920888,41.752549364985775],[-81.298557398779295,41.752406660185713],[-81.298572160969201,41.752373745587477],[-81.298623444511222,41.752357219204015],[-81.298638111878702,41.752329799227219],[-81.298865382444461,41.752187074761011],[-81.299452061049706,41.751813730230943],[-81.299906794114946,41.751467928935305],[-81.300178055684526,41.751319682682386],[-81.300544743107835,41.751078141902155],[-81.300969976559827,41.750907963661838],[-81.301116650291107,41.750765175618788],[-81.301329305286202,41.750611495775658],[-81.301446706268791,41.750562098581028],[-81.301652048308952,41.750413841638391],[-81.301879357457153,41.7502820998346],[-81.302577286544889,41.750024502670954],[-81.30291393633054,41.74983416541523],[-81.30320728201238,41.749653068356679],[-81.303449294659444,41.749554251762952],[-81.303639861476384,41.749411435035825],[-81.303896546489398,41.749312668857542],[-81.30409447645475,41.749252247990469],[-81.304116503671594,41.749230302238132],[-81.304593048889799,41.749054662120159],[-81.304820393001364,41.748983263405869],[-81.305157691225716,41.748840505758352],[-81.305604899606024,41.748642871533889],[-81.306492127586282,41.748406864630823],[-81.306954101378977,41.74828052298367],[-81.307078726470039,41.748209213590975],[-81.307525990963171,41.747874301669391],[-81.307716633349088,41.747775433182056],[-81.308053903542557,41.74765464467788],[-81.308530452528856,41.747484482540102],[-81.308625806247079,41.747429553004466],[-81.308647778637919,41.747396617715822],[-81.308882385160686,41.747286820680117],[-81.309828171950031,41.746979383522564],[-81.309996810121561,41.746907952416116],[-81.310466064764029,41.746748790640716],[-81.311074618703287,41.746545565386604],[-81.31160980105075,41.74644125476123],[-81.312181652559744,41.746260100600686],[-81.312980838782693,41.745936101327302],[-81.313494057089628,41.745645121845996],[-81.313728648323774,41.745485865184918],[-81.313831264059516,41.745441900284732],[-81.313853286587687,41.74541995265686],[-81.31389727848989,41.745414518378077],[-81.314139217201117,41.745233263189647],[-81.314776995157189,41.744936803582974],[-81.314982327250704,41.744722590220427],[-81.315150887430235,41.744662230548037],[-81.315539483895165,41.744640268605835],[-81.315656758634205,41.744667689137692],[-81.315759454376177,41.744689655158133],[-81.315964707613048,41.74460730600228],[-81.316448491730327,41.744376652276138],[-81.316903062411669,41.744173458925083],[-81.317269649859767,41.743981315110339],[-81.317709491529413,41.743816529919584],[-81.317907387839284,41.743706725509192],[-81.318156675285735,41.743580385467787],[-81.318493957072548,41.743470554711656],[-81.318757853303325,41.743404701464428],[-81.31911708444693,41.7434046962099],[-81.319241667169422,41.743426598365097],[-81.319366354693216,41.743421118118839],[-81.319608263500911,41.743311278591477],[-81.319813524605237,41.743135607531599],[-81.320114104160638,41.742998311865641],[-81.320590535199855,41.742866470154439],[-81.320979155426713,41.742707219329759],[-81.321250348011233,41.742586395800672],[-81.321653505911229,41.742449079687368],[-81.322049346723389,41.74226782733529],[-81.322232712843643,41.742212910052423],[-81.322613910179356,41.742157978130656],[-81.323251668368286,41.741943796795432],[-81.32364019295666,41.741768053831983],[-81.32403597780646,41.741553828184145],[-81.324160680636993,41.741504477389391],[-81.324292580225887,41.741427544027879],[-81.324314542281144,41.741394605691163],[-81.324351221775061,41.74139459231457],[-81.324365875670267,41.741367168992447],[-81.324629794133941,41.741213391366102],[-81.324959660009128,41.741092573398433],[-81.325304177503114,41.740944240952466],[-81.325707334221264,41.740834382408067],[-81.326161820300527,41.740625657541457],[-81.326469709509198,41.740488414244957],[-81.326660299138879,41.740389513940876],[-81.326975401451534,41.740252248766744],[-81.327290633109982,41.740164341996483],[-81.327525282236124,41.740098371359664],[-81.327547177777518,41.740076421401689],[-81.327635159305075,41.740043474459362],[-81.327943002787237,41.739851283115009],[-81.328250852040867,41.739637023175604],[-81.328324161386234,41.739604117581536],[-81.328668646691241,41.739334987859927],[-81.328829931001252,41.739197706734764],[-81.329188983336238,41.738956095888746],[-81.329650776911308,41.738582593571763],[-81.329687442296233,41.738533218832643],[-81.329870600732804,41.738417851131963],[-81.329965883337479,41.738214734656104],[-81.330376311202684,41.737863264331665],[-81.330698799612819,41.737599595883054],[-81.330742727875787,41.737583166400228],[-81.33078675492132,41.737539174459101],[-81.331387724352624,41.737248130997735],[-81.331717554937725,41.737033888200962],[-81.332259909137647,41.736687884882997],[-81.332450441389753,41.736512143120727],[-81.332626297015125,41.736451736209119],[-81.333110085980579,41.736385753269559],[-81.333395964094606,41.736138576326695],[-81.333586428141871,41.735973821667322],[-81.333674378286091,41.735913397993009],[-81.33389427356245,41.735743153018831],[-81.334040774483441,41.735611311655177],[-81.334268053806269,41.735474010998196],[-81.335301416841858,41.735001633445385],[-81.335843739129643,41.734748927966827],[-81.335924310681733,41.734726985028054],[-81.335953627874176,41.734699517307249],[-81.336158906224497,41.73463352444918],[-81.336525394785099,41.734490767899025],[-81.336605912997101,41.734435768040868],[-81.336803797724556,41.734358896898442],[-81.337199632861086,41.734172096789734],[-81.33761005815451,41.734062174302593],[-81.337866543122288,41.734062141066651],[-81.338233149459697,41.734171851703721],[-81.338533736069266,41.734166282785459],[-81.338724306941174,41.734116901920608],[-81.338922080905348,41.733974094357905],[-81.339061347823971,41.733864245474436],[-81.339105299615454,41.733853217008679],[-81.339119916255015,41.733820297427286],[-81.339361822466927,41.73365547123143],[-81.339391108618656,41.733622508288505],[-81.339486351268022,41.733578541793975],[-81.339596272311553,41.733490666553429],[-81.339610888607467,41.733457746908805],[-81.339977236941706,41.733177619069124],[-81.340204386061842,41.732974463860764],[-81.340416938784898,41.732853587593524],[-81.340783316561982,41.732534996107248],[-81.341113002058137,41.732304333019293],[-81.341303521112124,41.732156048396369],[-81.341391429030281,41.732090124402696],[-81.341428109921196,41.732046150117199],[-81.341677243627288,41.731908859650773],[-81.341999752130164,41.731776934735265],[-81.342175558618436,41.731689040985245],[-81.342226908407071,41.731645112824239],[-81.342402772703508,41.731568207389088],[-81.342871727429056,41.731255158087947],[-81.343501838957394,41.730859569091663],[-81.343838922527993,41.730689314561644],[-81.343846230352469,41.730661820589638],[-81.34407340532546,41.730557467019167],[-81.344432520946057,41.730370661475028],[-81.344762261939437,41.730222313820562],[-81.344974799015347,41.730079541435124],[-81.345077307605237,41.730024559574495],[-81.345245894980565,41.72989272738932],[-81.345267812349263,41.729854290651524],[-81.345619528918789,41.729634537072613],[-81.346264441190542,41.72940372076674],[-81.346352308504834,41.729354276278819],[-81.346454846614066,41.729282899869055],[-81.34697524501459,41.72910703800256],[-81.347326942764596,41.729041031325906],[-81.348096414988206,41.728788206148252],[-81.348360337584907,41.7287661461162],[-81.348616834983005,41.728793556704275],[-81.34878543965452,41.728777009650599],[-81.349261649352343,41.728436437893777],[-81.349554730372134,41.728315476898388],[-81.350382839863869,41.728035249917497],[-81.351071772440477,41.727897664810115],[-81.351430894532015,41.727870076891762],[-81.351782715406941,41.727891958144205],[-81.352046578998994,41.727858897158782],[-81.352251764807164,41.727803950008933],[-81.352566938555114,41.727743347336414],[-81.352728314497668,41.727940999412894],[-81.35308736911972,41.727770644139305],[-81.353534241078236,41.727413571140175],[-81.353724619572063,41.727182851724791],[-81.353907729675143,41.727029073773181],[-81.354200726151191,41.726765428864802],[-81.35424464134023,41.726748899365212],[-81.354918632773561,41.726155671867296],[-81.355131008308945,41.725946948451565],[-81.35502829312378,41.725919528056899],[-81.355021012760943,41.725864608536355],[-81.355086892858679,41.725776765318443],[-81.355511805131187,41.725496582568553],[-81.355606995792826,41.725447106957468],[-81.355841430849239,41.725249301688827],[-81.35609057274047,41.725122964828465],[-81.356603376729808,41.724908613270387],[-81.357035641703249,41.724633895958469],[-81.357328675524499,41.724381231636443],[-81.357321204378692,41.72427137087238],[-81.358515082671289,41.723304501552057],[-81.358874138183268,41.723205553047016],[-81.358991379566874,41.723123129798687],[-81.359071977166238,41.723024249566883],[-81.359328340652937,41.722859423438877],[-81.359694682744347,41.722689024595105],[-81.359855810944467,41.722628618469336],[-81.360024180004956,41.722403363103084],[-81.360441669624421,41.722051851431857],[-81.36066878312468,41.72190350776571],[-81.360954504485122,41.72174407915378],[-81.361379404461147,41.721513323057614],[-81.362024073213604,41.721260428955759],[-81.362287896542341,41.721183479802058],[-81.362507710162404,41.72108451358978],[-81.362683488480741,41.72098010331316],[-81.362954606764063,41.720875658418343],[-81.363144951923729,41.720732831683783],[-81.363467373589174,41.720622817509593],[-81.363628544468426,41.720529440987427],[-81.364207364678691,41.720369876742275],[-81.364647047402087,41.720309291335695],[-81.364661709228187,41.720287357623043],[-81.364705674265863,41.720259835667186],[-81.36491059944683,41.720040131003969],[-81.365159664611568,41.719886304414665],[-81.3654600644563,41.719732402333541],[-81.365797112643961,41.719616930929334],[-81.366119416481396,41.719550863672104],[-81.366485682222049,41.719353063784702],[-81.366800718057689,41.719215593933271],[-81.367284292729778,41.719034166014865],[-81.367679783116472,41.718797899220284],[-81.367980209800876,41.718671462153424],[-81.368141201533376,41.718528632948065],[-81.368199752681178,41.718446210873537],[-81.368705213889143,41.718226337780919],[-81.36893966555273,41.718105426398473],[-81.369034890303823,41.718044951835978],[-81.369379103972037,41.717841631250003],[-81.369672116641965,41.717682249399274],[-81.370126278939523,41.717511805149215],[-81.370397255294336,41.717346909135593],[-81.370697547946065,41.71713814382516],[-81.371019878492632,41.716956777010168],[-81.371635152691326,41.71662701203519],[-81.371708324684207,41.716599482593082],[-81.37195738926151,41.71645113754785],[-81.372023347921171,41.716423631482243],[-81.372213648247055,41.716258815035403],[-81.372499326461011,41.716060991805449],[-81.372623748004102,41.715978532662447],[-81.37266038221604,41.715973098892697],[-81.37282155714658,41.715885115338047],[-81.372865459289741,41.715868579301009],[-81.372967968684335,41.715780697291791],[-81.37302664868362,41.715742226169127],[-81.373187702696782,41.715654332658488],[-81.373268358117386,41.715632272130811],[-81.373473574607857,41.715654117734445],[-81.373642025176139,41.715577187914349],[-81.37387623420183,41.715357463543171],[-81.374000804713589,41.715280496896021],[-81.3741984471161,41.715159607228308],[-81.374396333259057,41.715121039433768],[-81.374520907342628,41.715126485348449],[-81.374682229499214,41.715186752619623],[-81.374806701682843,41.715093393083379],[-81.374960472653271,41.714994443050529],[-81.375003843806567,41.714934066960346],[-81.375079159906178,41.71492891102519],[-81.375225821089231,41.714830083055467],[-81.375379759689466,41.71474239979846],[-81.375489791204743,41.714649094238659],[-81.375614409428138,41.714583302009885],[-81.375709742893562,41.714484459746245],[-81.375885620449282,41.714407693324866],[-81.376156972507701,41.71421569156302],[-81.376237528671808,41.714199308517472],[-81.376486780355819,41.714111585770603],[-81.377065849872622,41.713760516631666],[-81.377271072628773,41.713667261288343],[-81.377483747935372,41.713513636273071],[-81.377630368001888,41.713409402324586],[-81.377879647523429,41.71320639074515],[-81.377982241316474,41.713157060474302],[-81.378084900766723,41.713058282813485],[-81.378268134682017,41.712986983694002],[-81.37837082632862,41.71289369973708],[-81.378590664868383,41.712833449306402],[-81.378766598784921,41.712767667223481],[-81.378898540802183,41.712701848089615],[-81.378964550383088,41.712625075318982],[-81.379147706237404,41.712581245522998],[-81.37937499503127,41.712460533508441],[-81.379631589232559,41.71229595205709],[-81.379704864233787,41.712268512102959],[-81.379814766126714,41.712175292720154],[-81.379961370504304,41.712109423881209],[-81.380254622925904,41.711884464443372],[-81.38043791956008,41.711763802844459],[-81.380452626920729,41.711730879656287],[-81.380811757217941,41.71152794820992],[-81.380943763138035,41.711412677148466],[-81.381149033535422,41.7113084234783],[-81.381530160795805,41.711105504806284],[-81.381588827032971,41.711067122209705],[-81.381794065667961,41.710957371752521],[-81.381940649496357,41.710847633829815],[-81.382351184444843,41.710617229884114],[-81.382417161799552,41.710534957767202],[-81.382556447798578,41.710491082811885],[-81.382644399188123,41.710425220275425],[-81.382930327127355,41.710260613827153],[-81.383318940997825,41.709980822698981],[-81.383597475664359,41.709865594105921],[-81.383949335775284,41.709690130741876],[-81.384007949445447,41.70966264318654],[-81.384117944503032,41.709563917289927],[-81.384425754152687,41.709399317858761],[-81.384814303177208,41.709168875032475],[-81.3851221744941,41.708954824070872],[-81.385540068693942,41.708707977373123],[-81.385818619710449,41.708576348432032],[-81.386045844984736,41.708444621005363],[-81.386390359101682,41.708269084222785],[-81.386456302835711,41.708241660805975],[-81.386712875369213,41.708093530332],[-81.387416515613864,41.707775368609106],[-81.387702357580835,41.707638216015376],[-81.387892961495467,41.707533990205484],[-81.388347453333907,41.707320065803813],[-81.388581941678552,41.707298196302261],[-81.388875069167923,41.707193982377476],[-81.38964457625508,41.706859370842857],[-81.389798635552197,41.70675508556311],[-81.390377585359886,41.706453360983772],[-81.390736801483769,41.706228311429676],[-81.390751419013185,41.706200879871894],[-81.390883405751552,41.706124050001954],[-81.391074020384636,41.70600333558923],[-81.39119128370109,41.705877106003179],[-81.391345352836709,41.70569598723322],[-81.391403987520107,41.705613641952048],[-81.391550555984253,41.705503885377333],[-81.391741261201986,41.705339214425472],[-81.392093128740129,41.705053837371167],[-81.392202989898152,41.705015452068402],[-81.392298274777204,41.704971622042486],[-81.392444846845947,41.704922212454285],[-81.392738070766399,41.704757639941967],[-81.393214407776668,41.704505250506713],[-81.393544232206438,41.704351629470722],[-81.393844782133229,41.704187028978964],[-81.394042663872071,41.704077273370245],[-81.394570296999021,41.703802904851059],[-81.394702240733039,41.703720576242588],[-81.394856198465902,41.703621868800816],[-81.395288751557658,41.703248654431647],[-81.395442586543936,41.703149856534395],[-81.395735760601127,41.702979691917228],[-81.396058216811014,41.70288103280339],[-81.396160792875847,41.702831589916926],[-81.396336748666485,41.702655973205317],[-81.396483365626821,41.70259565951843],[-81.396901164534057,41.702288332459197],[-81.397033109626364,41.702129079647463],[-81.397143105995099,41.702035835242874],[-81.397326241615872,41.701953506722916],[-81.397619458340429,41.701772438354091],[-81.398007933473551,41.701525466834042],[-81.398337666471733,41.701322382592934],[-81.398623515308671,41.701097382036487],[-81.398740786376152,41.701015099612981],[-81.398902117384026,41.700866911527875],[-81.399246611105411,41.700641885886633],[-81.399554392264761,41.700466256278098],[-81.399825568655061,41.70027967438687],[-81.400038056663348,41.70016445311748],[-81.400236003546595,41.70001073129577],[-81.400807622569815,41.699571708934734],[-81.401115394406844,41.699396075131901],[-81.401884866754514,41.699022919557315],[-81.402126810187838,41.698814366803063],[-81.402170693130813,41.698797910144251],[-81.402251334923818,41.698721066577974],[-81.402522547867505,41.698523489346485],[-81.402647106141444,41.698397222213373],[-81.402888958104356,41.69823253323618],[-81.402984243207641,41.698133750292989],[-81.403138208810986,41.698040435888664],[-81.403160115612195,41.698007482719696],[-81.403314046887473,41.697908763878068],[-81.404039469205856,41.697491613160672],[-81.404222703913874,41.697409363279114],[-81.404552430877288,41.697211755465609],[-81.404721002443424,41.697129466355534],[-81.405036151061339,41.696926414121307],[-81.40552702561051,41.696651944200021],[-81.405732230109365,41.696547726850461],[-81.406032676627845,41.696339139347778],[-81.406208623781382,41.69620737244847],[-81.406435778083036,41.695982379720782],[-81.406941398909595,41.695609132669205],[-81.407491033698676,41.695279772499916],[-81.407916052882783,41.695065784176741],[-81.408538799113231,41.694802362312835],[-81.408553406556464,41.694774928471688],[-81.408656011358687,41.694714575554904],[-81.408861238860027,41.694615756882655],[-81.409117608592112,41.69452801472147],[-81.409557143882509,41.694539058614922],[-81.409769602688556,41.69450065086636],[-81.409974774036698,41.694374448526489],[-81.410223884003472,41.6941658531888],[-81.410392451521702,41.694028611889472],[-81.410634353124678,41.693858502172986],[-81.410656254693492,41.693825547603844],[-81.410846761248365,41.693699306077384],[-81.411073968579672,41.693562034206948],[-81.411088574667261,41.693534600054647],[-81.411374429829337,41.693304073348756],[-81.41137437492003,41.693276601588977],[-81.41141102186559,41.693238189758375],[-81.411638217083336,41.693024085432604],[-81.411938593002702,41.692809988497146],[-81.412473538527834,41.692502634977245],[-81.413111006619445,41.69189884385419],[-81.413286886100025,41.691723111388235],[-81.413396806134472,41.691624357332167],[-81.413572605201338,41.691492579844073],[-81.414151520383115,41.691130296644722],[-81.414393239175126,41.690916224748214],[-81.414950162442167,41.690499073082066],[-81.415235904909409,41.690273941758669],[-81.415558246424453,41.690059936360157],[-81.416049150843747,41.689730568196289],[-81.416100381569279,41.689681113339915],[-81.41626163823473,41.689587845224217],[-81.416561982717724,41.689373736646836],[-81.417184794916153,41.688874190051195],[-81.417558414287555,41.688583251801518],[-81.417734281107471,41.688445973528744],[-81.418188504999861,41.688078179167299],[-81.418518217359619,41.687836667021912],[-81.418979722343877,41.687518292569543],[-81.419140963755751,41.687331616161124],[-81.419309409872824,41.687199857026798],[-81.419580512326618,41.686963779953189],[-81.419866223404881,41.686738727671987],[-81.42023993832187,41.686447780544036],[-81.420613462774952,41.686294102343076],[-81.420928528418173,41.686167838794887],[-81.421155567970246,41.686030638082826],[-81.421551088670114,41.685860483135755],[-81.421748987091718,41.685750679922762],[-81.422261680705859,41.685492632624673],[-81.422796417436544,41.685317007761],[-81.423184648258243,41.685135885250531],[-81.423243271608385,41.685097478862481],[-81.423609595287928,41.684910761073951],[-81.424005078488349,41.684663766499639],[-81.424393408810332,41.684389234966851],[-81.42475235898128,41.68408733877034],[-81.424840152602357,41.684026936256778],[-81.425038039003539,41.683862273593981],[-81.425367619224829,41.683626146496486],[-81.425631345500193,41.683461509278565],[-81.426341846848686,41.68297834165017],[-81.426671432168789,41.682780761546603],[-81.426979187021772,41.682643519753505],[-81.427455225408622,41.682390899614646],[-81.428099766405239,41.682110988617502],[-81.428370822465808,41.681984688439904],[-81.428715011153002,41.681852980726561],[-81.428920202949712,41.681759621074143],[-81.42911058579908,41.681589394854207],[-81.42923516866702,41.681479582192225],[-81.429615971607106,41.681325937596164],[-81.429960195596138,41.681254574281908],[-81.430150699934032,41.681139289804825],[-81.430282541333213,41.681073403983063],[-81.430568120492993,41.680892190379453],[-81.430831872811765,41.680645125146441],[-81.430978317258706,41.680535318690843],[-81.431571558634971,41.680260804751796],[-81.431718007882807,41.680205941287205],[-81.432091589094611,41.680249843659062],[-81.43229664083843,41.680172961694957],[-81.432355227119274,41.680112573182825],[-81.432450484460873,41.680074204396263],[-81.432472406946147,41.680046740000449],[-81.43272149604563,41.679925916542288],[-81.433373320269567,41.67950318432348],[-81.433783407237442,41.679294561616565],[-81.43397386126621,41.67917368649767],[-81.434281509598549,41.679025526831879],[-81.434398657108886,41.678937624133432],[-81.434508549805571,41.678860737536944],[-81.434655011639109,41.67877290389773],[-81.434977266510387,41.678492911615926],[-81.435138373564513,41.678278740806675],[-81.435299554615213,41.678146985481327],[-81.435394741038621,41.678009715310736],[-81.435585076904346,41.677801107666575],[-81.435746301812898,41.677658362728259],[-81.435819518849073,41.677488118984833],[-81.435958626343634,41.677290423500381],[-81.436149033789277,41.677164140567477],[-81.436317501061424,41.677026861723355],[-81.436559186577341,41.676862192844773],[-81.436691018641341,41.676708389222377],[-81.436690979564091,41.676631557795872],[-81.437254878075919,41.676911610270579],[-81.437701666801701,41.676840193980993],[-81.437752936597036,41.676818201276795],[-81.437811528245746,41.676653506323227],[-81.437979967669321,41.676247179498411],[-81.438170285713682,41.675967140285287],[-81.438360784742017,41.675802482551319],[-81.438800077922551,41.675566348499913],[-81.439136998975897,41.675522457734161],[-81.439385967051919,41.675423597859272],[-81.439569070901769,41.675302741481794],[-81.440037783266391,41.674995243063627],[-81.440074379207445,41.675006271929441],[-81.440286691840114,41.675099584442904],[-81.440367302318151,41.675099635960564],[-81.440469799749977,41.675050153902198],[-81.44054300041185,41.674967817588886],[-81.440733452220755,41.674797571604287],[-81.440894515171564,41.674704269646739],[-81.441033743531577,41.674545028270131],[-81.441407103293301,41.674138720455055],[-81.441604893023126,41.673935478362026],[-81.441802622462177,41.673776281494796],[-81.441905124604403,41.673710404972461],[-81.442586156796565,41.674061769130866],[-81.442966968341253,41.673710371634499],[-81.443025487064901,41.67339732508426],[-81.442490878033126,41.67318321054271],[-81.442564118787104,41.673089883925279],[-81.442959521982289,41.673150240746615],[-81.443062032161791,41.672875755697241],[-81.442373634860857,41.672359680239886],[-81.442227128153135,41.672244320824156],[-81.442761742259464,41.671601938790801],[-81.443786947702137,41.67218390638272],[-81.443889537463292,41.672183870608144],[-81.444065186408807,41.672134463145809],[-81.444197039339599,41.672057572435321],[-81.444343478944901,41.67195324320582],[-81.444387441668397,41.671865342822755],[-81.444511931004129,41.671678682022502],[-81.444577739326235,41.671535933103165],[-81.444731576199587,41.671354743040915],[-81.445090343547832,41.671085659592357],[-81.445397819184549,41.670904414147913],[-81.445624841432576,41.670640883377821],[-81.445815147448073,41.670366325544386],[-81.445954272009047,41.67021257284604],[-81.446137304489895,41.66999839116486],[-81.446276427484463,41.669844638067509],[-81.446532656945038,41.66951514911954],[-81.446715711313473,41.669339427314007],[-81.446752367513852,41.669290015269723],[-81.446906060651429,41.669141789254823],[-81.447154962810146,41.66879584408268],[-81.447543013181829,41.668422425114919],[-81.44775538927577,41.668197317835165],[-81.448172676563587,41.667554826440707],[-81.448267819788114,41.667417545375486],[-81.448406932113485,41.667263789635484],[-81.448567981835225,41.667121027051905],[-81.448714364896674,41.667011197935835],[-81.448890143772957,41.666879366253319],[-81.449190202851725,41.666517003673441],[-81.449695347092188,41.665885512321154],[-81.449812487675544,41.665803088117407],[-81.450054139642631,41.665627401794751],[-81.450134583315716,41.665484592153064],[-81.450280997002054,41.665259468037853],[-81.45055194337904,41.665116722544653],[-81.450734881675402,41.664979365507264],[-81.45100573646809,41.664737809712562],[-81.451181448177451,41.664529142834951],[-81.451239968968054,41.664446767014567],[-81.451452252017546,41.664177697632219],[-81.45170844214816,41.66381523024144],[-81.451935351035132,41.663491248257344],[-81.452155051149219,41.66330456477769],[-81.452528440197014,41.663161771983887],[-81.452726017960103,41.663040927462866],[-81.452806592879796,41.66296954290798],[-81.45298954796381,41.662733372503588],[-81.453333618024118,41.662469815140781],[-81.453501988864687,41.662261083464934],[-81.453633721173048,41.662068889297423],[-81.454138847352255,41.661668053803801],[-81.454453505465963,41.66130561934456],[-81.454636492574693,41.661058457225032],[-81.454819508862641,41.660849755708632],[-81.455119610107857,41.660553220045273],[-81.455573429331622,41.66015231094314],[-81.455822340025549,41.659938212556064],[-81.455975996832024,41.659756917541067],[-81.456605470209666,41.659213262973061],[-81.456722590405164,41.659130921763243],[-81.457315454460414,41.65860911614957],[-81.457388653765946,41.658532263201472],[-81.457425288859483,41.658515814314228],[-81.45752047353011,41.658405997276702],[-81.457644878225352,41.658318131692013],[-81.45800345381997,41.657972085791222],[-81.458076729495616,41.657906220962737],[-81.45808398082427,41.657878719889119],[-81.45828891339157,41.657681004315698],[-81.458559748152823,41.657444924811642],[-81.458691520681015,41.657329556500038],[-81.45885252274023,41.657186779357353],[-81.459123362264265,41.656901248521919],[-81.459591643984382,41.656379477828274],[-81.459855189525499,41.656099378720121],[-81.460191702244828,41.655643615245168],[-81.460228267466917,41.655550243549385],[-81.460345384359812,41.655418448605637],[-81.46038934264655,41.655401969445968],[-81.460491801635584,41.655303109610095],[-81.460857736647824,41.655050430563854],[-81.461048042127985,41.654841779642155],[-81.461296750176018,41.654386004456121],[-81.461333381908631,41.654369554320397],[-81.461699281329999,41.654029051627887],[-81.461977371693706,41.653803833505307],[-81.462035922380238,41.65362813632062],[-81.462087061361274,41.65349083992453],[-81.462387095071321,41.65319428494189],[-81.462811552426132,41.652815352203206],[-81.463045688591976,41.65252428485109],[-81.463404177695381,41.652057434052402],[-81.463440807567039,41.652040983240816],[-81.463579890053254,41.65189270305428],[-81.463850562317447,41.651640037897032],[-81.46402626893105,41.651508272912892],[-81.464648303133472,41.651019457413305],[-81.465079957901821,41.650426293393487],[-81.465504450297814,41.650173632528336],[-81.465899602543701,41.649866054340904],[-81.466360565271273,41.649459577942281],[-81.466741026404648,41.649047751787712],[-81.46705570984507,41.648723652398417],[-81.467253262987526,41.648492983470447],[-81.467428796096385,41.648322752634279],[-81.467758151658657,41.648218369853581],[-81.467999647670752,41.648053544399438],[-81.468138746794537,41.647993079638155],[-81.468380314797557,41.647987592334054],[-81.468534061925908,41.64796003417289],[-81.468812141210876,41.6477732602469],[-81.468885195075543,41.647679916911692],[-81.468951161904755,41.647635962476031],[-81.469016971299737,41.647520670761253],[-81.469243733420697,41.647295463683697],[-81.469594900511808,41.646987871731255],[-81.470297385590186,41.646361785003116],[-81.470370555019926,41.646284833500268],[-81.470568128582556,41.646125586530545],[-81.470948622244123,41.645839938172806],[-81.471219320650135,41.645598243821233],[-81.471921696375006,41.64502700472854],[-81.472302100440558,41.644664528971511],[-81.472602172117405,41.644450282830228],[-81.472689907874596,41.644345982061537],[-81.473238694723989,41.643923019946939],[-81.473363051516131,41.643769212643441],[-81.473611727030359,41.643555092037623],[-81.473831302593013,41.643368292148743],[-81.473948375473853,41.643285941294849],[-81.474277618186591,41.643055191595288],[-81.474562913875729,41.642873979800662],[-81.474965398991984,41.642610327872205],[-81.475111725111248,41.642456524222176],[-81.475799411132527,41.641901779710892],[-81.476245706875545,41.641489878247192],[-81.476691917981839,41.641083471201341],[-81.476801699148481,41.64099007278314],[-81.477130876027999,41.640622151809495],[-81.47748194351442,41.640276117378448],[-81.477979442818452,41.639776367603325],[-81.478769437029058,41.638969005643823],[-81.478842592565485,41.638892147912607],[-81.478879212409552,41.638875695437619],[-81.47901807807709,41.638721920172351],[-81.479522881598811,41.638271488881237],[-81.47996172625281,41.637865098435114],[-81.480598318241121,41.637491575902921],[-81.480642215742478,41.637436633337437],[-81.481059202630149,41.637096075548961],[-81.481527241986143,41.63667865522779],[-81.481615038619339,41.636601733720703],[-81.482163798378139,41.636222704158577],[-81.482785549101692,41.635843636911353],[-81.483217213843432,41.635590910638079],[-81.483348903442547,41.635475614512131],[-81.483495050432992,41.635190025942883],[-81.483699794903004,41.634953911302603],[-81.48373645122993,41.634942860231675],[-81.483802271666477,41.634866026649533],[-81.48431434341893,41.634497937314791],[-81.484746098529442,41.634387960578429],[-81.484914283254795,41.634289081071763],[-81.485126351340909,41.634102288819719],[-81.485265337275038,41.633888149818517],[-81.485448050189859,41.633613479694304],[-81.485652829019344,41.633415816927574],[-81.485733332218729,41.633344323450409],[-81.485872334751079,41.633228990152389],[-81.486062422275936,41.633025802887268],[-81.486354991564468,41.632800567340453],[-81.486537901544992,41.632729092816298],[-81.486772048945539,41.632718020426552],[-81.487020839420296,41.632690492716847],[-81.487306260564196,41.632553102753555],[-81.487569495174668,41.632355276938128],[-81.487898705260818,41.632102588001636],[-81.488198589912983,41.631893796101487],[-81.488483821921506,41.631668581526654],[-81.488673957654569,41.631553205652253],[-81.488739780000301,41.631525725368832],[-81.488834965662036,41.631459840071749],[-81.488844452611175,41.625013588216092],[-81.488763040585496,41.623767452891173],[-81.488208374115246,41.588188972630824],[-81.488214204703567,41.586322099024962],[-81.488259773169943,41.570091174750424],[-81.447388905862312,41.569932051295545],[-81.446219076751021,41.569915683727956],[-81.439434077710231,41.569844676515771],[-81.437562355901392,41.569844709102824],[-81.433855468437201,41.569839192246995],[-81.420227002198004,41.569744714229664],[-81.417748432021099,41.569744332631899],[-81.413120321851792,41.569694056637779],[-81.412842478112339,41.569721453853894],[-81.39106904905897,41.569736796119379],[-81.375003831715588,41.569866048604382],[-81.311041412958176,41.570015157953641],[-81.305579772614593,41.569998540755591],[-81.295899332883891,41.569970065741622],[-81.29531268477767,41.605754167475901],[-81.295275595666041,41.607621128137993],[-81.295223598265238,41.610509289982787],[-81.2952087230763,41.611695326105114],[-81.295156503521184,41.615483949710715],[-81.295014379931956,41.625023620295295],[-81.294990747319957,41.630963001522225],[-81.294931285422038,41.634433248288886],[-81.294879175088752,41.637832041215091],[-81.294885648723195,41.640808053325465],[-81.291335698982593,41.640845936946306],[-81.287763818453442,41.640839721515789],[-81.279339108481992,41.640920090375381],[-81.262577730188866,41.640986622304354],[-81.261069974778849,41.640975091618238],[-81.258178803014516,41.641001282761586],[-81.250003798792136,41.641041259208116],[-81.243241503549072,41.641055571654661],[-81.21766010417447,41.64116214903936],[-81.207127299441481,41.641142489563698],[-81.196901966101493,41.641193138527889],[-81.19137569191372,41.641193460248942],[-81.182863068425988,41.641215425710058],[-81.178822703825091,41.641270065949378],[-81.17501647354996,41.641280704320913],[-81.138872999972477,41.641305591056685],[-81.131297360314676,41.641324524405491],[-81.125003760275376,41.641359832140488],[-81.120562058051988,41.641356600472513],[-81.118029503330817,41.641346811407018],[-81.112093401198948,41.64137113426176],[-81.101692551464012,41.641368602179583],[-81.102367716181234,41.714247470622524],[-81.03868055636228,41.714471640512649],[-81.015634047123541,41.714634704942654],[-81.014117139003304,41.714661560280149],[-81.003029378192409,41.714771200855935],[-81.003121746562826,41.74786297763589],[-81.003141813280251,41.750009840788366],[-81.002999429636247,41.769792859647268],[-81.002911022606654,41.778896148215786],[-81.002849070232713,41.782761406525012],[-81.002821783204226,41.788998707000708],[-81.002688217175887,41.798920272301906],[-81.002538699401853,41.809940040202086],[-81.002520929647488,41.813250935401022],[-81.002420088936319,41.819098481970549],[-81.002348388781542,41.825297480768754],[-81.002317519397053,41.826906226362631],[-81.002372174855651,41.839512728809716],[-81.002392558900397,41.841368485705452],[-81.002341839827778,41.848742240814524],[-81.002338173777872,41.852898608381572],[-81.00235253647935,41.8532829291333],[-81.002352758036352,41.853392197824405],[-81.002712253243587,41.853349034596242],[-81.003292642960488,41.853168168694978],[-81.003512966966341,41.853085932561548],[-81.004100686875788,41.85278977694734],[-81.004343166213388,41.852641609661617],[-81.004453381415544,41.852553790830832],[-81.004754854602552,41.852131184936937],[-81.004879761300259,41.852015984982451],[-81.005114890478566,41.851900782007604],[-81.005379296971611,41.851835025117396],[-81.005812599570689,41.851840776361648],[-81.006025564317113,41.851753043584601],[-81.006290181559535,41.851489586865306],[-81.006356305341413,41.851423745168937],[-81.006510713181797,41.85126459033939],[-81.006789793858644,41.851089038593571],[-81.00703961613884,41.851012291664155],[-81.007186556502361,41.850880607276437],[-81.0074290193797,41.850743424837177],[-81.007722803704382,41.850650282902599],[-81.007847705717509,41.850567955930167],[-81.008501493019153,41.850222427895922],[-81.008685179110131,41.850156579878636],[-81.009074467938035,41.849997591693253],[-81.009434361873502,41.849833019936682],[-81.009889765579786,41.849619175148511],[-81.010066207021296,41.849487486692816],[-81.010315880137114,41.849333817253502],[-81.010646490876681,41.849147267792901],[-81.010925658181577,41.848927846244059],[-81.011116681259125,41.84884560237478],[-81.011770347701017,41.848670196538315],[-81.012064213427124,41.848489139876435],[-81.012233178963982,41.848357448783894],[-81.012277253234203,41.848307998459546],[-81.01234337307379,41.848269624719819],[-81.012850270121334,41.847896525421149],[-81.013100053865159,41.847753837853027],[-81.01336442671311,41.847671673727099],[-81.01359953189133,41.847600409639533],[-81.01422376787724,41.847337084157459],[-81.014466207489136,41.847221953944221],[-81.014686608250088,41.847123217541082],[-81.015097801414655,41.847013562265239],[-81.015340240925099,41.846903833276244],[-81.015766230169007,41.846728332779797],[-81.016038049619752,41.846585722885187],[-81.016148131606357,41.846547340616169],[-81.01637587452575,41.846437609460139],[-81.01672839565552,41.84629498643077],[-81.01724980435192,41.846201876585639],[-81.017551007800321,41.846042772893419],[-81.017661195379247,41.84595493971252],[-81.018190031638284,41.845724554229925],[-81.018226771167306,41.845730042927912],[-81.018454407741231,41.845669751233103],[-81.018748062398771,41.845642413699814],[-81.019093182764536,41.845719367699367],[-81.019291446594508,41.845714020682379],[-81.019636526909252,41.845659199891067],[-81.020040493920305,41.845560503611566],[-81.020216817036825,41.845500215873209],[-81.020584033339347,41.845368558326342],[-81.021009919260663,41.845269854686173],[-81.021979326038604,41.844951726003167],[-81.022640388808838,41.84468841268319],[-81.023191258294332,41.844490959136685],[-81.024065142198921,41.844216696011593],[-81.024498463559041,41.844068619137772],[-81.024887601821234,41.843980897318978],[-81.02564405142698,41.843750511592702],[-81.026011262166307,41.843657296505043],[-81.026319692856816,41.843564093670437],[-81.026855742300597,41.843404995689973],[-81.02764157919637,41.843202061278156],[-81.028287731162052,41.843086974511507],[-81.028581461075902,41.842993679076024],[-81.029213029970265,41.84286760208407],[-81.029550843773762,41.842779877318229],[-81.030020794812515,41.84270860005693],[-81.030791733581751,41.842620937973408],[-81.03130577096519,41.842560722287104],[-81.031944527697647,41.842615759940543],[-81.03231898852799,41.842599442688304],[-81.033141393466352,41.842588670493235],[-81.033479117472339,41.842572269953301],[-81.034235442890989,41.842424241680853],[-81.034521828658598,41.842358404626353],[-81.035153370032432,41.842215811881637],[-81.035513179854064,41.842067625429678],[-81.035865659453222,41.841952405931345],[-81.036482553688018,41.84169443005635],[-81.03698184213934,41.841562767594262],[-81.037591416818515,41.841365315453942],[-81.038061285748327,41.841189703460238],[-81.038274275326529,41.841063443924952],[-81.038656223074995,41.840898757245455],[-81.039221593776304,41.840717704072873],[-81.03969154661371,41.840498220961891],[-81.0401468091586,41.840289639577421],[-81.041431902362064,41.839878101424056],[-81.041637449483488,41.839806691242998],[-81.042107497002064,41.839570715209632],[-81.042283633026273,41.839466438876244],[-81.042489280086613,41.839367645666165],[-81.042885806145662,41.839241399544811],[-81.043436501536732,41.839126172551673],[-81.043928465599492,41.839076806979698],[-81.045213308606847,41.8390605462275],[-81.045763875389994,41.839110047232779],[-81.046365951547358,41.839104671834185],[-81.046578849626414,41.839049822801606],[-81.046835840342496,41.839011348258687],[-81.046916659597429,41.839016899664621],[-81.047247089888927,41.838940024112333],[-81.047342566103154,41.838896120427492],[-81.047415901689362,41.838879697337077],[-81.047849207856032,41.838671094315963],[-81.048157553592844,41.838539372326771],[-81.048495355557392,41.83834170538529],[-81.048693530709912,41.838253892786575],[-81.049148733366565,41.838182543175442],[-81.049435110337996,41.838149634608065],[-81.050022582841365,41.837963024216357],[-81.050602631476082,41.837683100910631],[-81.051072514700849,41.837452492321916],[-81.051373577793328,41.837265821813965],[-81.051762763101991,41.83703533651282],[-81.052122510312316,41.83689259204688],[-81.052812595634677,41.836585136012118],[-81.053128361016419,41.83642043135962],[-81.053686375947208,41.836036110723953],[-81.053906687999699,41.835794528154302],[-81.054354543246149,41.835465198984132],[-81.055206206916012,41.834998497119621],[-81.055881666271944,41.834669142451311],[-81.056432327772811,41.834312193483463],[-81.056931531674067,41.834059659276718],[-81.057328043963935,41.833851038599235],[-81.057342711898201,41.833823559727783],[-81.057585024725782,41.833697339606069],[-81.05762905767763,41.833647868734623],[-81.05777589818824,41.833554571851025],[-81.058194398427005,41.833296488330362],[-81.05836324587402,41.83317021368466],[-81.058715576012375,41.832989082206062],[-81.058979956751557,41.832901217966118],[-81.059398390137005,41.832840835203534],[-81.060139844587766,41.832687149234289],[-81.060683107518784,41.832571843365066],[-81.061072247134717,41.832483998435933],[-81.061402585531695,41.832363217765504],[-81.061674217411692,41.832308309328546],[-81.062129326999468,41.832198448159467],[-81.062672619868096,41.832121593066447],[-81.0638838875483,41.831890975675137],[-81.064390467645822,41.831836020058809],[-81.065278720961246,41.831704285990511],[-81.066365272820931,41.831534060641765],[-81.066475302414702,41.831495536881015],[-81.066923184278295,41.831396739656263],[-81.067539820746418,41.831221011376165],[-81.068009633852256,41.831138589903723],[-81.068648305418193,41.831078223176299],[-81.068809819042684,41.831100103843681],[-81.068963931280408,41.831182516210752],[-81.06930901299306,41.831352722349003],[-81.069646716358577,41.831380079853275],[-81.06991834920089,41.83133614060975],[-81.070483567531511,41.831171416470887],[-81.070689157651174,41.831083561405421],[-81.070924070389225,41.830940744783994],[-81.071041406048806,41.830869426439662],[-81.071584716863924,41.830611307175246],[-81.072054444343706,41.830353141430543],[-81.072531551178386,41.830128025053753],[-81.072685770263107,41.830089557554587],[-81.073412509850911,41.829864369512734],[-81.073669404618769,41.829787464994375],[-81.073962983638083,41.829672166214714],[-81.074219946792482,41.829551305952549],[-81.07452817715513,41.829403030423002],[-81.074946635919005,41.82918884063416],[-81.075328262301468,41.828991156397677],[-81.07595955549975,41.828722060366829],[-81.076363320464012,41.828513369476234],[-81.076869781527478,41.828288125647731],[-81.077662470297881,41.828057462555272],[-81.078029503718341,41.827953092444474],[-81.07870479555595,41.827639997116719],[-81.079145179336678,41.827453248696401],[-81.079644251771541,41.827304918126444],[-81.07998923453053,41.827195062760126],[-81.080047964554112,41.827167640430588],[-81.080605875863782,41.826986298899143],[-81.080914114233011,41.82686547790869],[-81.081141685632218,41.826755611580751],[-81.081347113390237,41.826656749084393],[-81.08199302240395,41.826365632604691],[-81.082455452559586,41.826200833111216],[-81.082756423646714,41.82605254090042],[-81.083233483814226,41.825843863397736],[-81.084026127879412,41.825618560988261],[-81.084334452426489,41.825481247922248],[-81.084473835501115,41.825437281275278],[-81.084495842643364,41.82541528789038],[-81.084994950216569,41.825223069857806],[-81.085251820573575,41.825151633950661],[-81.085787588050366,41.824822027711711],[-81.086161858402164,41.824569460342516],[-81.086602170937269,41.824360706439677],[-81.087116043520226,41.824234309746444],[-81.087475591242722,41.824052995108282],[-81.087754482302188,41.823976042604713],[-81.08818021562756,41.823855202686708],[-81.088693953290132,41.823723304785283],[-81.089090310311377,41.823607888393568],[-81.089589421106368,41.823437537721233],[-81.090932464836513,41.822992526463487],[-81.091835215718575,41.822761679287751],[-81.092554492882442,41.822640678673878],[-81.093618677513405,41.822475709270705],[-81.094382058264472,41.822382132872931],[-81.09615096219261,41.822118112839625],[-81.096928871797701,41.822002530235928],[-81.097361920529863,41.821881650328947],[-81.097802279177344,41.821738695319745],[-81.098653482744936,41.821447491421019],[-81.098675483787375,41.821425495362583],[-81.099130509501933,41.821271624192477],[-81.099548758166392,41.821084817266971],[-81.100077202035905,41.82091439594177],[-81.100326729592481,41.820787989954766],[-81.100744936990267,41.820656121720219],[-81.100803652370772,41.820628598814011],[-81.101141202895505,41.82050769829803],[-81.102029107016548,41.820145011442669],[-81.102051218358653,41.820117610423857],[-81.102300601276482,41.819980211724399],[-81.102410693619149,41.819930755204055],[-81.102528078346921,41.81984841637594],[-81.102660169442174,41.819776962832456],[-81.103129730076787,41.819463818463518],[-81.103401253880762,41.819320993333719],[-81.103878217112864,41.819123129421783],[-81.104127698583298,41.819051658250551],[-81.104883515731714,41.818782381903958],[-81.105419164225466,41.818545998070341],[-81.106057605323301,41.818293214323866],[-81.106732661649588,41.818051381681173],[-81.107055417129359,41.817881028983216],[-81.107488419995875,41.817760111166848],[-81.107679191509334,41.817721562829654],[-81.10803143075735,41.817617111326406],[-81.108097503147775,41.817600566398951],[-81.108281003959732,41.817534642500128],[-81.108868021943721,41.817430057342335],[-81.10911762130624,41.817435495357067],[-81.109492002316586,41.817539621355088],[-81.109770942580298,41.817523052853517],[-81.11001305776692,41.817446081671939],[-81.110211180821452,41.817413106464038],[-81.110365340032317,41.817440430164957],[-81.110460772303682,41.817484382998288],[-81.110688385618161,41.817517220087247],[-81.111106619350309,41.817495019960965],[-81.111569020942412,41.817461876975457],[-81.111745214279807,41.817489267520706],[-81.111965496602281,41.817599029277922],[-81.112148971525528,41.817659287796225],[-81.112303138385144,41.81762085751685],[-81.112545122956519,41.817401119602977],[-81.112853214989229,41.817186810655059],[-81.113110105644353,41.817093335576409],[-81.113205515432199,41.81705487176891],[-81.113939268136662,41.816802040546605],[-81.11416664827081,41.816703098039135],[-81.11428409956541,41.81667010575368],[-81.114372134407148,41.816615075361319],[-81.114804998348703,41.816428198620869],[-81.114863684655077,41.816389770078651],[-81.115413829010706,41.816076585353173],[-81.116000819298932,41.815768765075291],[-81.116455636468558,41.815543490027736],[-81.117306657225384,41.815175228524289],[-81.118253121813154,41.814795874055996],[-81.118788738976235,41.814521058071612],[-81.119133558549692,41.814394603020972],[-81.119595760187892,41.814202273616445],[-81.120123944998156,41.814015277673334],[-81.120256015174647,41.813949298270067],[-81.120549492433341,41.813861352644182],[-81.121114494521748,41.81372925642065],[-81.121584146247287,41.813663099637651],[-81.122391392247764,41.813476068072823],[-81.122993070116905,41.813387877825278],[-81.123433446424087,41.813376687625336],[-81.124181933367609,41.813315894945966],[-81.124695583090087,41.813156364990135],[-81.124915579453784,41.813051914855905],[-81.125003774428166,41.813012411249169]]]},"properties":{"NAME":"Lake"}},{"type":"Feature","geometry":{"type":"Polygon","coordinates":[[[-82.020173004951175,41.513541564754028],[-82.020546229014656,41.513558202558102],[-82.020823768637825,41.513552659259901],[-82.021079438648343,41.513541879019499],[-82.021532559656976,41.513492631392076],[-82.02195559646232,41.513437940507345],[-82.022269847327834,41.513405099605507],[-82.022606204840116,41.513344903418734],[-82.023321781909388,41.513229830233584],[-82.023753030665532,41.513175166540933],[-82.024154909973618,41.513142337117884],[-82.024600563110084,41.513115174744591],[-82.0249432282275,41.513065804259611],[-82.025162861084453,41.512988998535384],[-82.025337805232127,41.512906692040524],[-82.025491118884432,41.512786044805786],[-82.025688962416439,41.512692681736681],[-82.026010152951116,41.512583011984376],[-82.026339240194702,41.512517286212443],[-82.026718570728846,41.512446103852618],[-82.027091669345424,41.512352938538591],[-82.027514893194649,41.512270611248617],[-82.027887712978895,41.512215865795419],[-82.028055984351354,41.512172123139074],[-82.02832577636083,41.512100661459669],[-82.028596675439829,41.512002101324242],[-82.028830308925905,41.511881261380353],[-82.029130055515779,41.511705798499783],[-82.029473418978498,41.511557614063214],[-82.029845597083707,41.511464264637425],[-82.03029130686329,41.511299853689941],[-82.030795590979054,41.511113378534652],[-82.031336423187668,41.510921388211585],[-82.031723434446164,41.510795158204871],[-82.032176203244788,41.510663531456977],[-82.032570239469877,41.510575750514676],[-82.033067614025498,41.510460595696216],[-82.033498392377453,41.510340024987066],[-82.034119456867629,41.510158979364327],[-82.034813461200059,41.509989029519588],[-82.035449006003219,41.509824502086701],[-82.036274404650811,41.50965987248712],[-82.037063093223836,41.509522879022349],[-82.037370170741909,41.50946801234457],[-82.037668993153019,41.509418772574044],[-82.037917420918433,41.509396776738797],[-82.038078492456961,41.509336523648038],[-82.038245992746013,41.509270635305633],[-82.038487055174002,41.509127849168266],[-82.038765307021734,41.509018144863091],[-82.039115588014312,41.508919532672145],[-82.039400562554519,41.508892018226888],[-82.039809285821931,41.508919541731352],[-82.040057555742209,41.50891966855],[-82.040196487545117,41.508892259233875],[-82.040372160691859,41.508831889296026],[-82.040656990744765,41.508694589584977],[-82.041021727862571,41.508486075732094],[-82.041401711438041,41.508315873028572],[-82.041752177740207,41.508189636679809],[-82.042081303820268,41.508112888310578],[-82.04231535029362,41.508058063359144],[-82.042505124877067,41.508069103875322],[-82.042614693549297,41.508063532200872],[-82.042709925434835,41.508019651881725],[-82.042877915231415,41.507882400730821],[-82.043045558814939,41.507794721236344],[-82.043308965674328,41.507717710525853],[-82.043644514791083,41.507635493929293],[-82.043922331655153,41.507586155449395],[-82.044024788542899,41.507553109081712],[-82.044345999516054,41.50743241053555],[-82.044776890865023,41.507289670581628],[-82.045244250686821,41.50715256106227],[-82.045733438688799,41.507026341762412],[-82.04631112179338,41.506905612514167],[-82.046873286775167,41.506784819785111],[-82.04722342991893,41.506702649849089],[-82.047625447150637,41.506642294397992],[-82.047859218763477,41.506625880777356],[-82.048063821592692,41.506603863982406],[-82.048253134077044,41.506549024333466],[-82.04848739661098,41.506461253296962],[-82.048705953706033,41.506400866104947],[-82.048910478837811,41.506389997214328],[-82.049144747906126,41.506433791306151],[-82.049407958489041,41.506516292436103],[-82.049619673539667,41.506521745929597],[-82.049830739741822,41.506488772949638],[-82.050094094540341,41.506417407267861],[-82.050459061867514,41.506302179044958],[-82.050933666747838,41.506170563792985],[-82.051394505350245,41.506049700000574],[-82.051825070924011,41.505951016830863],[-82.052249097580784,41.505874091621656],[-82.052555919366682,41.50585228984157],[-82.052972193893297,41.505841201072315],[-82.053308073026187,41.505841294055834],[-82.053570935566285,41.505841276653662],[-82.053760940656971,41.506220068087451],[-82.054337911875066,41.506066533238197],[-82.053987517116042,41.50524834277153],[-82.054271779498677,41.505188026156937],[-82.054535049650681,41.505127628243393],[-82.054600690576521,41.505138515366895],[-82.054608121684566,41.505253814618321],[-82.054746704150133,41.505275788296814],[-82.054805452596355,41.505226440483781],[-82.054863624831114,41.505127517157902],[-82.054951188995091,41.505001261145978],[-82.05507557787007,41.504962800080669],[-82.055199555817794,41.504984888744879],[-82.055353392919258,41.505045343762212],[-82.055498756831952,41.505144018148044],[-82.055601147109229,41.505254020506321],[-82.055695829401088,41.505424030076767],[-82.055783543048818,41.505544954215218],[-82.055849183437829,41.505556012160262],[-82.055885915243849,41.505523046758981],[-82.055930208757275,41.505451686722282],[-82.055981301042337,41.505319801260413],[-82.056090376492406,41.505116608055182],[-82.056244395491689,41.504880652164836],[-82.056411770460642,41.504693977332877],[-82.05657322295724,41.504573148605445],[-82.056806161389176,41.504408508570698],[-82.057003356145046,41.504265687912643],[-82.057266300439565,41.504117457236767],[-82.057610288042653,41.503996637383047],[-82.057975117668988,41.503897852256031],[-82.058304166232091,41.503826546707089],[-82.058676074652936,41.503760549294626],[-82.059165753940917,41.503689337655331],[-82.059742866907442,41.503645386605449],[-82.060078808457817,41.503634482100587],[-82.060232103536364,41.503639866251454],[-82.060421941944782,41.503639899589153],[-82.060582684361947,41.503623526697957],[-82.060757376332248,41.503568439753984],[-82.060918596349921,41.503480710129253],[-82.061057183191323,41.503365449230927],[-82.061276526410609,41.503184281527659],[-82.06149495576399,41.503003109949816],[-82.061735871131134,41.502871253125228],[-82.062079587334239,41.502788842589872],[-82.062386464682049,41.502756036899918],[-82.062708019625475,41.502711964491375],[-82.06301427630963,41.502635242133763],[-82.063152747967564,41.502536445540116],[-82.063423667085672,41.502420993907847],[-82.063679250649542,41.502278381612257],[-82.06394209887209,41.502141113608765],[-82.064146207510063,41.502053197625621],[-82.064365538719358,41.502009251122779],[-82.064738123604059,41.501976342881271],[-82.065132357759296,41.501981766655831],[-82.065438867147876,41.502003670830248],[-82.065687438145133,41.501954342274686],[-82.066052172716809,41.501866338051883],[-82.066388135253135,41.501712699201661],[-82.066797435580852,41.501509588436505],[-82.06722119167344,41.501328314958386],[-82.067622643060233,41.501207508265068],[-82.06807575228072,41.501141611844304],[-82.068368089141458,41.501097758046221],[-82.068739862517248,41.501048366696743],[-82.069156248070485,41.501015264039658],[-82.069536378159114,41.500943944838539],[-82.069908402938324,41.500855955555842],[-82.070171892039866,41.500757270949265],[-82.070361529934388,41.500647334083084],[-82.070580227237699,41.500559460818216],[-82.070799297630401,41.500553924793984],[-82.071105945852608,41.500553858197549],[-82.071339689872246,41.500537397233906],[-82.071617599251979,41.500466036520805],[-82.071909376479354,41.500367280895972],[-82.072274559348472,41.500207900681751],[-82.072559803011544,41.500131075670438],[-82.072888134362557,41.500024390175355],[-82.07319722484732,41.499957735444838],[-82.073460082525429,41.499935739310018],[-82.073796049544072,41.499886308904905],[-82.074153940680418,41.49983685313331],[-82.074402176110155,41.499792833048389],[-82.07467964600572,41.499748899869694],[-82.074927968947861,41.499688484374445],[-82.075147062342481,41.499650049048277],[-82.075293108950646,41.499650036398329],[-82.075417255539293,41.499622575479712],[-82.075563322225207,41.499573111889703],[-82.075745864060053,41.49949070071105],[-82.075935689671454,41.499435783984943],[-82.0761621476518,41.499386379751847],[-82.076417717008084,41.499336883548274],[-82.076549113381361,41.499320433525668],[-82.076651399565264,41.499325873315165],[-82.076753632882088,41.499364280955227],[-82.076841245772243,41.499380756899278],[-82.076943562247251,41.499380791958153],[-82.077023799473068,41.499364279321547],[-82.07713335741694,41.499331369332936],[-82.077191813699827,41.499287407084772],[-82.077199131857981,41.499194021040729],[-82.077213648343431,41.499144614418029],[-82.077257522092822,41.499117182001299],[-82.077323233728549,41.499106209389787],[-82.077447353259203,41.499106220613456],[-82.077622624691799,41.499084225892844],[-82.077827061275514,41.499029261227712],[-82.078024214082788,41.498946891461173],[-82.078221337720862,41.498870016337925],[-82.078411272163905,41.498793118116218],[-82.078644905753976,41.498721666104373],[-82.078966175165107,41.498639306051793],[-82.079294824352459,41.498611822873613],[-82.079513884572336,41.498600767101756],[-82.079776817001132,41.49856227812429],[-82.080046990566842,41.498490933405996],[-82.080068873236527,41.498567744035114],[-82.080112795451043,41.498622640198938],[-82.080287984936334,41.498639107311],[-82.080477881302912,41.498661021590557],[-82.080543626271179,41.498666531956744],[-82.080653145942662,41.49861713655973],[-82.080915968231068,41.498507216875339],[-82.081069392011088,41.49844678146669],[-82.081354076767838,41.498326027497804],[-82.08160962437411,41.4982326588215],[-82.081697336962677,41.498183196517637],[-82.081704585519432,41.498078819558664],[-82.081733708870615,41.498007476297907],[-82.082062357657165,41.497886669795825],[-82.082128054288773,41.497831738395952],[-82.082113448018106,41.497760353917947],[-82.082164540623509,41.497749336641625],[-82.082449266716395,41.497688931798535],[-82.082682961562824,41.497650442759323],[-82.082865535485411,41.497628465914573],[-82.083018940558674,41.497617481277146],[-82.083296397273529,41.49759542631071],[-82.08347163422161,41.497578922363829],[-82.083712601202322,41.497523970026776],[-82.08397545758281,41.497452598341624],[-82.084172569446224,41.497375716956213],[-82.084523105718006,41.497260375681286],[-82.084844379351821,41.497150442368181],[-82.08504877688614,41.497101055465258],[-82.085304355798996,41.497046054065493],[-82.085494255823292,41.496996622398427],[-82.085669475257902,41.496936158489397],[-82.085925067053097,41.496831793209466],[-82.086144063691151,41.496738490045743],[-82.086319373607481,41.496683519313343],[-82.086487292563078,41.496645102052689],[-82.086611433604631,41.496639523555018],[-82.086961972329007,41.496639477278137],[-82.087173681450892,41.49661199830846],[-82.087407389088568,41.49654602924489],[-82.087706640550067,41.496430712017705],[-82.087918387569474,41.496348283791725],[-82.088137450720112,41.496287855799025],[-82.088334598861991,41.496249432345586],[-82.088612096107568,41.496194490100741],[-82.08884580072646,41.496128518811403],[-82.089057517524694,41.496051583999261],[-82.089320380706269,41.495952729420608],[-82.089510209995751,41.495892303882243],[-82.089816908121293,41.495842849904342],[-82.090116233150397,41.495782384915707],[-82.090357224413907,41.49574390674367],[-82.090561620898967,41.495716401722653],[-82.090824479348797,41.495688886826748],[-82.091028967638877,41.495666875070235],[-82.091226084513153,41.495633942758552],[-82.091467037387858,41.495578978566442],[-82.091642294081268,41.49555697081523],[-82.091912477283117,41.495502000841086],[-82.092160764667511,41.495441561564427],[-82.092372457111281,41.495392095865675],[-82.092547729505426,41.495342612641196],[-82.092737515574214,41.495265698468657],[-82.092941917232011,41.495188826404956],[-82.093168305803218,41.495122916530903],[-82.093387366974866,41.495084369272028],[-82.093628334604034,41.495073359368078],[-82.093927752943955,41.495040358814606],[-82.094161401933178,41.495007347515326],[-82.094307451638144,41.494979846515193],[-82.094541026142764,41.49491395633369],[-82.09484038422346,41.494820511022354],[-82.095190895667685,41.494727122327468],[-82.095504786020825,41.494650202654071],[-82.095826074573495,41.494578707016345],[-82.096074287518533,41.494507270627992],[-82.096161885683017,41.494501758516748],[-82.096249560238888,41.49452921451109],[-82.096322553567134,41.494545639435017],[-82.096439436365529,41.494529130827395],[-82.096600050345373,41.494463205606912],[-82.096673066036075,41.494402792748403],[-82.096716851424276,41.494342386054996],[-82.096804426893584,41.49429291510387],[-82.096935848168158,41.494243479713319],[-82.097191339308779,41.494177556841947],[-82.097563787153334,41.494128001662901],[-82.097877710167481,41.494067559305094],[-82.098140490577634,41.494029039180496],[-82.098293925124594,41.493985068587833],[-82.098512860727752,41.493946602524616],[-82.09865894480329,41.493935579815656],[-82.098950954128867,41.493897050830832],[-82.099301554791268,41.493880485055165],[-82.099527902268505,41.493869510552969],[-82.099673920005259,41.493847497343303],[-82.099805338105909,41.493798058370679],[-82.099973160158541,41.493726564789391],[-82.100141181532166,41.493688127909692],[-82.10025799564734,41.493660625998061],[-82.100462340096257,41.493616619176358],[-82.100644935702789,41.493561648730136],[-82.100871244055611,41.493484733912041],[-82.101090256716844,41.493429776994297],[-82.101236260205226,41.493385782400743],[-82.101469835502627,41.493292402825453],[-82.101718090503894,41.49320996277293],[-82.102010163336232,41.493133050496496],[-82.102192649521754,41.493100057323645],[-82.102404430012967,41.493077954763244],[-82.102557792566415,41.493072441694984],[-82.102762200101296,41.493039418889197],[-82.102944738890955,41.492995434140376],[-82.103090728329875,41.49292954775882],[-82.103170977352221,41.49285816198492],[-82.103258572410297,41.492803190516241],[-82.103557869202476,41.492693325955706],[-82.104229504239299,41.492478932690972],[-82.104455778094817,41.492407504376096],[-82.104733202265678,41.492336037838236],[-82.105003358587979,41.492281034059268],[-82.105215041987975,41.492204068168839],[-82.105412218573875,41.492154624106895],[-82.105675039539761,41.492105093015418],[-82.105923327670894,41.492088578527508],[-82.10620808388434,41.492060995399022],[-82.106346814011545,41.492033456402297],[-82.106500092208236,41.491994968695799],[-82.106631515954149,41.49196749910891],[-82.106719150662713,41.491978461115394],[-82.10677026323701,41.492011391119753],[-82.106828695195205,41.492016867351943],[-82.106909060254267,41.491994840068308],[-82.106974729573921,41.491939894718136],[-82.107033077973767,41.491863040342523],[-82.107069532733064,41.491830083261881],[-82.107142497862,41.491802631828769],[-82.107273919433084,41.491775071208252],[-82.107449119404521,41.491736642218662],[-82.107631651491843,41.491692647900571],[-82.107806886961399,41.491621159238861],[-82.10796745597797,41.491560710161345],[-82.108222951581254,41.491489262420522],[-82.1084201484598,41.491434226465827],[-82.10860263925548,41.491373836305947],[-82.108719404344285,41.491329839657865],[-82.10880702330104,41.491318820626127],[-82.108952964755289,41.49128580357236],[-82.109069783186314,41.49123090652072],[-82.109150172645727,41.491203382170262],[-82.109259618874916,41.491186838653512],[-82.109390998347465,41.4911428810085],[-82.109668396407685,41.491049419903632],[-82.109880138202513,41.490983431590358],[-82.110026187878233,41.490977885338495],[-82.11014294262776,41.490961450611287],[-82.110215971778942,41.49094489535269],[-82.110332828840626,41.49090639034663],[-82.110427754547729,41.490895389467063],[-82.110478826382931,41.490911833239522],[-82.110544623049407,41.490955789261349],[-82.110646844793635,41.490972191632636],[-82.1107490781162,41.490961210180615],[-82.110887736262043,41.490922674932747],[-82.111033769716954,41.490895148051436],[-82.111245474043884,41.490862124960103],[-82.111457178173325,41.490829101316862],[-82.111632481983278,41.490818046071702],[-82.111771183066239,41.490796083159772],[-82.111873304155509,41.490757537689525],[-82.112158021207463,41.490686066773144],[-82.112245638827019,41.490675044050164],[-82.112347965435035,41.49066955438839],[-82.112442785777773,41.490680440905848],[-82.112472014361316,41.490680429492656],[-82.112501252171668,41.490652944417377],[-82.112552301968222,41.490598045797078],[-82.112581508053438,41.490526693357637],[-82.112632556146849,41.490471704614919],[-82.112712756814943,41.490433279309912],[-82.112851574991623,41.490411223387952],[-82.11303406525937,41.490400185932572],[-82.113143577586229,41.490394625991328],[-82.113245835413267,41.490378146449778],[-82.113362570011205,41.490339638363118],[-82.113610756600423,41.490240680999662],[-82.11394655219766,41.490081336157587],[-82.114223828319624,41.48996038755385],[-82.114369911198111,41.489921954948606],[-82.11452318004649,41.489883452662717],[-82.114705676952099,41.489844937892819],[-82.114829827211608,41.489833829623578],[-82.115143731779952,41.489795304810855],[-82.115625619649819,41.489773079058153],[-82.116173314461804,41.489767327865493],[-82.116377697909499,41.489761745708392],[-82.116501849360219,41.489750724895366],[-82.11660401113204,41.489728747391368],[-82.116742757793858,41.489695696160645],[-82.116852321179763,41.489679231398362],[-82.11696908873266,41.48968467540081],[-82.117100495038983,41.489684572725459],[-82.117231935493805,41.489651591497861],[-82.117363332200227,41.489602126448943],[-82.117465499030985,41.489552584361171],[-82.117574912690358,41.489464689250923],[-82.117626044690951,41.489442755041608],[-82.117735555206394,41.489437188923475],[-82.117852442200572,41.48944263052406],[-82.117947321001623,41.489415137289853],[-82.118071340189147,41.489354663305619],[-82.118188146212589,41.489299663758075],[-82.118246507803534,41.489294143042507],[-82.118312340407343,41.489305123869642],[-82.118385333818793,41.489321529794516],[-82.118465636217508,41.48933804483336],[-82.118531379524526,41.489315968211578],[-82.118596987461274,41.489272094305051],[-82.118611632587317,41.489239074100645],[-82.11861886025919,41.489178742614833],[-82.118633404254354,41.48916770209194],[-82.118918063539127,41.489079724586666],[-82.119166331815634,41.488986244807883],[-82.119305025253993,41.488964179268073],[-82.119378045313013,41.488975179487419],[-82.119458346004947,41.488991603536924],[-82.119502144461521,41.488975144106924],[-82.119538616563574,41.488936687108541],[-82.119560437509406,41.488854325052571],[-82.119567713105056,41.488782913587727],[-82.119648008509344,41.488722502122585],[-82.119735514956631,41.48865652577993],[-82.119844905033418,41.488546649308603],[-82.119932532368608,41.488480761657257],[-82.120012724883196,41.488442239491],[-82.120144161444316,41.488409253873208],[-82.120217160278045,41.488398184835425],[-82.120333933354459,41.488376240884328],[-82.120560269338526,41.488310173743386],[-82.120815739315276,41.488238687995491],[-82.121012823293313,41.488178219028107],[-82.121144207158139,41.488156131715229],[-82.121290275135863,41.488145070670249],[-82.121385220339903,41.488128562417238],[-82.121407027816261,41.488101146787017],[-82.121501914030176,41.488018702840407],[-82.121545736360972,41.487996747488182],[-82.121618689815222,41.487969193700231],[-82.121691580353357,41.487903267782045],[-82.121771942478617,41.487853843094165],[-82.121844827477034,41.487815390504437],[-82.122005514233663,41.487776892565023],[-82.122253673357449,41.487705383936486],[-82.122487172602575,41.487617353443632],[-82.122706198173574,41.48755135223],[-82.122844843971492,41.487512887722659],[-82.123063932492471,41.487485257743074],[-82.123341336804472,41.487435709688171],[-82.123538416046316,41.487375235335847],[-82.123888711529162,41.487232284833532],[-82.12406384766912,41.487149774807648],[-82.124158765917898,41.487138758676977],[-82.124333988007379,41.487116688829254],[-82.124523849059003,41.487089161027342],[-82.124764737107014,41.487061584285435],[-82.125004055856294,41.487006892997059],[-82.125198377322278,41.486973784150095],[-82.125359012869055,41.48691888796106],[-82.125446677048046,41.486869569786322],[-82.125578134014631,41.4868036994989],[-82.125753455257041,41.486759918308408],[-82.125943244585656,41.486721579797901],[-82.126155072955484,41.486683205256114],[-82.126330344395058,41.486650412731571],[-82.12649833473688,41.486584633805776],[-82.126775852443814,41.486535345918838],[-82.126951098527925,41.486480484288641],[-82.127067917108704,41.486392687279604],[-82.127119166424777,41.486315891525898],[-82.127221441556259,41.486239045873262],[-82.127411348351842,41.486173230736007],[-82.127623126959236,41.486118460093216],[-82.12775450594944,41.486069071504851],[-82.128068630503279,41.485921059308836],[-82.128229381825818,41.485811301939087],[-82.128338887374341,41.485778430796074],[-82.12848494637305,41.485794922080821],[-82.128733180277976,41.485811580987971],[-82.128820836911089,41.48576216991799],[-82.128901117094514,41.485674369210244],[-82.129047202313814,41.485630509238014],[-82.129207877246955,41.48556470759916],[-82.129390422417316,41.48550986012313],[-82.129573088606691,41.485427628329901],[-82.129689922670067,41.485361806327894],[-82.129748351630312,41.485312411430982],[-82.129836029871413,41.485257504648651],[-82.129982016475836,41.485235622565007],[-82.130252188708155,41.485246747685856],[-82.130602635199907,41.485224925692904],[-82.130916693425746,41.485170222856681],[-82.131128434109186,41.485093376805594],[-82.131362142964008,41.485005685167494],[-82.131508172711861,41.48491786545479],[-82.131720008092003,41.484846601822788],[-82.131895239412174,41.484819204569121],[-82.132143510790002,41.484797392681443],[-82.132347895058089,41.484759078532171],[-82.132559678363961,41.484698712685784],[-82.132771533336836,41.484621951982447],[-82.132924867642856,41.484589094027982],[-82.133289959943923,41.484501453299508],[-82.133523564601887,41.484463118683927],[-82.133742579151232,41.484419252752275],[-82.133866802397577,41.484331464441333],[-82.134034718588723,41.484249189622084],[-82.134209988093389,41.484183325680355],[-82.134348801087654,41.484128540380013],[-82.134487586058725,41.484051686690918],[-82.134619021448046,41.484013367565218],[-82.13479419215389,41.483942008912713],[-82.13491103749385,41.483898158771055],[-82.135108248424572,41.483854324989778],[-82.135436843725458,41.483783070190114],[-82.135677742438901,41.483717275324359],[-82.135860336615991,41.483646021450816],[-82.136050188085164,41.483585684643131],[-82.136364072652796,41.483536370476081],[-82.136495596113733,41.483476069483572],[-82.136641606233525,41.483388241955744],[-82.136751187156179,41.483333382164552],[-82.136911843337657,41.483322513897129],[-82.137079795641526,41.483256627026272],[-82.137240415521148,41.483168834036213],[-82.137320707070032,41.483157950322756],[-82.137488620194148,41.483157998456278],[-82.137634635273642,41.483125115454811],[-82.137751542787825,41.483064777381976],[-82.137831824761506,41.482998947214128],[-82.137919489106366,41.482971506104299],[-82.138036306608214,41.482960530020101],[-82.138211521110676,41.482933211638105],[-82.138394103730789,41.482861862961656],[-82.138562024454359,41.482774085420836],[-82.138671600387141,41.482719223465587],[-82.138773801267973,41.482680828319076],[-82.138934373695818,41.482631495263583],[-82.139116953335659,41.48256014524577],[-82.139241088475742,41.482488834461428],[-82.13932869547321,41.482417525761853],[-82.139423663001054,41.482390100886313],[-82.13958421983456,41.482401117678137],[-82.139693747501425,41.482357244286767],[-82.139839791152994,41.482258422250375],[-82.14002234604682,41.482192655486614],[-82.140241437765809,41.482181741902792],[-82.140387348844371,41.48214336123403],[-82.140526187314464,41.482077487435042],[-82.140686800134759,41.48201716189498],[-82.14084735051371,41.482000793726002],[-82.14132924172668,41.481863681240874],[-82.141577488526977,41.481781405037147],[-82.141738173145555,41.481732066391054],[-82.141935212519343,41.481666242181959],[-82.142044832824567,41.481627859958216],[-82.142132393650257,41.481594921562746],[-82.142285764475531,41.48151809164483],[-82.142373331864817,41.481512626128662],[-82.142526660774507,41.481562082671168],[-82.142672649175836,41.481562160426201],[-82.142913586215329,41.481479863791776],[-82.143096125741721,41.481386618624057],[-82.143220214131716,41.481265851787938],[-82.143329825270584,41.481199995194288],[-82.143541561572491,41.481112223240494],[-82.143767908431712,41.481024485411268],[-82.144023400465244,41.480925737539096],[-82.144184095033054,41.480843427395797],[-82.144373958897035,41.480744702559605],[-82.144549120075382,41.48066783234944],[-82.144709701701444,41.480612995755131],[-82.144833913382996,41.480607523065053],[-82.145118616985741,41.480569192494734],[-82.145344885588884,41.480470463130146],[-82.1455347012717,41.480382636117582],[-82.145768416781522,41.480278427100586],[-82.145987387133019,41.480207152498949],[-82.146257581993794,41.480113837777807],[-82.146666464349465,41.479960227345153],[-82.146878204080252,41.479899922664394],[-82.147170204146491,41.479834131510337],[-82.147440356154149,41.479751894151825],[-82.147622874068261,41.479691520157317],[-82.147834501617467,41.479658598118455],[-82.148046219951183,41.479603786479757],[-82.148199584345704,41.479526949295803],[-82.148360261085756,41.479389778299968],[-82.148528197576454,41.479263523773938],[-82.14863772188032,41.47915920146842],[-82.148783813745766,41.479104415000123],[-82.148944462448782,41.479033089008873],[-82.149346008568116,41.478917916980379],[-82.149608791097023,41.478852053395187],[-82.149842421674322,41.478769817414332],[-82.150068790284379,41.478676484568339],[-82.15029511688067,41.478594231145742],[-82.150521473494237,41.47853386541297],[-82.150718617776306,41.478500994722687],[-82.150886503238397,41.478506518666869],[-82.15104706825224,41.478457170111966],[-82.151149344490307,41.478369313089509],[-82.151244249933228,41.478298013619501],[-82.151390219373724,41.478303486518932],[-82.151572734582828,41.478276166091987],[-82.151704198119958,41.478226748502316],[-82.151784545863507,41.478171898328846],[-82.151894093852746,41.478122520209091],[-82.151967112205199,41.478073057894306],[-82.152076608193923,41.478007196627132],[-82.152244506669035,41.477952369422489],[-82.15253664940424,41.477886568282322],[-82.152704548959619,41.477831740647318],[-82.152835925836499,41.477804301410487],[-82.15295281821497,41.477804299847456],[-82.15306229442551,41.477831845237759],[-82.153200977635677,41.477892244828233],[-82.153310504711953,41.477848360524661],[-82.153441917731968,41.477782458493813],[-82.153566056582548,41.477738607458662],[-82.153646292042595,41.477711140130438],[-82.153733985454494,41.477705756165541],[-82.153887255901452,41.477683770635856],[-82.154018662645555,41.477678307880986],[-82.154099063673215,41.477639939583753],[-82.154172061056613,41.477596060971401],[-82.15423770622283,41.477563065066178],[-82.154325390781949,41.477530208074718],[-82.154420244746262,41.477530156129234],[-82.154551674923638,41.47751928807201],[-82.154661149666069,41.477546741866313],[-82.154741474786391,41.477497384821753],[-82.154967816388321,41.477442507162152],[-82.155164988369577,41.477404135609234],[-82.15534019775842,41.477376703333576],[-82.155544666214865,41.47731087520215],[-82.155792893141083,41.477234067987467],[-82.155946185377303,41.477206675042758],[-82.156121460106405,41.477162757330973],[-82.156281982402518,41.47712439222574],[-82.156617866704437,41.477020129434123],[-82.156895359083904,41.476932396584246],[-82.157092428923306,41.47688843816605],[-82.157399110419163,41.476778702353201],[-82.157640015079892,41.476734842020271],[-82.15791752672024,41.476641612002531],[-82.158311731768876,41.476537387255092],[-82.158596512482362,41.476482544053162],[-82.158808191529076,41.476438615593189],[-82.158990693564448,41.476383811763796],[-82.159187816083374,41.476356422902462],[-82.15930467313089,41.476334437124692],[-82.159450721130241,41.476290538946365],[-82.159574733140033,41.476246682758436],[-82.159742653222196,41.476213732745805],[-82.160012852168819,41.476180831146991],[-82.160253785470331,41.476158943179882],[-82.160436218663463,41.476120531271349],[-82.160618761766287,41.47605473541271],[-82.160735575126395,41.475983387976754],[-82.160852453287688,41.475895556195141],[-82.161020405329936,41.475824232407263],[-82.161137227653072,41.475780267032761],[-82.161399998595996,41.475686997468344],[-82.161597192733154,41.475610153060963],[-82.161794235142978,41.475571771522809],[-82.161991375459181,41.475538883182914],[-82.162173937411509,41.475527939862175],[-82.162305317198559,41.475527962451586],[-82.162400160002846,41.475560961254111],[-82.162531592473059,41.475517026866179],[-82.162743365318505,41.475478674861542],[-82.162969574178746,41.475484132578657],[-82.163093747905023,41.475489721700036],[-82.163166692073034,41.475456736976689],[-82.163320028796292,41.475385377631873],[-82.163495273440049,41.475347033667362],[-82.163780053078852,41.475259210593975],[-82.16399905153267,41.475209794086936],[-82.164210689979114,41.475143968155677],[-82.164269207240167,41.475094555240943],[-82.164312960657099,41.475023223700518],[-82.164400576733286,41.474913436515493],[-82.164524766523101,41.474853089693944],[-82.164678047493155,41.474825595228431],[-82.164867848511221,41.474831147930949],[-82.16497003520486,41.474792731488883],[-82.165021168806689,41.474732313928236],[-82.165079609624186,41.474672002423624],[-82.165174455814935,41.474611592060356],[-82.165313211418805,41.474562175856185],[-82.16569284917891,41.474501849758141],[-82.165992169588151,41.474430537522466],[-82.1662987949788,41.474359240464764],[-82.166649194216134,41.474271375033801],[-82.16686090418591,41.474216532607635],[-82.167109111932177,41.474200141110479],[-82.167306180076011,41.474183637942495],[-82.167525215932088,41.474123315459451],[-82.167722271162475,41.474079429206427],[-82.168116563778568,41.47397517029956],[-82.168386713084175,41.473920271605209],[-82.168671332341887,41.473870899818536],[-82.168802800655143,41.473816059040388],[-82.169029039050159,41.473750165971822],[-82.169372246881963,41.473662365476628],[-82.169678771889835,41.473552598927725],[-82.170080369333789,41.473415382033068],[-82.170438107019791,41.473316621611268],[-82.170773906166986,41.473223307848755],[-82.17099280874838,41.473195857204971],[-82.171350589184186,41.473179421141502],[-82.171562312212984,41.473119075518625],[-82.171810461769866,41.473053223937391],[-82.17204408283979,41.472965361785697],[-82.172270353265716,41.472921530217832],[-82.172496637905283,41.472905080538759],[-82.172737605658,41.472932526754519],[-82.172920054552534,41.472949040172374],[-82.173044189544399,41.472899583819718],[-82.173175610787069,41.472855727623774],[-82.173431083725731,41.472784393402364],[-82.173664630128144,41.472778856316239],[-82.173847146099845,41.472746007084254],[-82.174044316137397,41.472669141899487],[-82.174307017847568,41.472553865937662],[-82.17448963753516,41.472460484990094],[-82.17465752426348,41.47240013129214],[-82.17483267002558,41.472383659212419],[-82.175066213135722,41.472411176449604],[-82.175219526122106,41.472372768805542],[-82.175416635050922,41.472279418418204],[-82.175569933109742,41.47218057090582],[-82.175752449310735,41.472114751656726],[-82.175978756149661,41.472026866388745],[-82.176117440890906,41.471961044630554],[-82.176278057539946,41.471922650943831],[-82.176482502915803,41.471884168741816],[-82.176745291537244,41.471840314991653],[-82.17697887872275,41.471790904860526],[-82.177183225461789,41.471747018006752],[-82.177424154176293,41.4717195098087],[-82.177635783419888,41.471714099156991],[-82.177905892614518,41.471697640291879],[-82.178161368997166,41.471719612147162],[-82.178329263941961,41.471752569550951],[-82.178526437899691,41.471801980239611],[-82.178694313021225,41.471840431808118],[-82.180957112896181,41.472686057044449],[-82.182052046943681,41.473147238698992],[-82.182716320311542,41.472296234876637],[-82.182438945394551,41.472104079024142],[-82.181782048794702,41.47175270155229],[-82.183373335353494,41.471725251142516],[-82.183774779270124,41.472016198928806],[-82.185833361778279,41.473624952247846],[-82.185957399237154,41.473767700197008],[-82.186066860147577,41.473800618558649],[-82.186154499402576,41.473740175545537],[-82.186169085674905,41.473646888925288],[-82.186263991036256,41.473597449900488],[-82.184095964620013,41.471187185399394],[-82.184380694575481,41.471000501714535],[-82.185993948545061,41.471955852737437],[-82.185993931148843,41.471994314353431],[-82.186015808610023,41.472038224699013],[-82.186044930491803,41.472065666891581],[-82.186088802450456,41.472087642533424],[-82.186205563680346,41.472087608617876],[-82.186234724801253,41.47210406137485],[-82.187431915818223,41.472812288979796],[-82.187629023091631,41.472647579740119],[-82.186548663116312,41.471752686639867],[-82.185402645725077,41.470808378976805],[-82.185643503419641,41.470665650240427],[-82.186672730761842,41.471450740163839],[-82.186979286760064,41.471220139156877],[-82.186074199127916,41.470380087218786],[-82.186242025663503,41.470264772584251],[-82.187271235759681,41.471055441966165],[-82.187767707870478,41.470725958003484],[-82.188694619455063,41.47011099208602],[-82.188899084260271,41.470401977062501],[-82.188950199501619,41.470407483321424],[-82.189023126197355,41.470374572751147],[-82.189052283523665,41.470358057911085],[-82.189030404636995,41.470314148163382],[-82.189147224368483,41.470330594187047],[-82.189198349200254,41.470231795028276],[-82.188636243176575,41.469485133801584],[-82.187891591098264,41.468485897941719],[-82.187964660029238,41.468513335922154],[-82.188161686935985,41.468738465396399],[-82.188198252336505,41.468760425721221],[-82.188300447519694,41.468645065936009],[-82.188358849586848,41.468452965670465],[-82.188402562223644,41.468282724975332],[-82.188453702673939,41.468145464497603],[-82.188497479844401,41.468024673524752],[-82.188555849059327,41.467942283189032],[-82.188628866670754,41.467848932528739],[-82.188636108142276,41.467799587369029],[-82.188614269179993,41.467744688100453],[-82.188650769090387,41.467717198536917],[-82.188723735237971,41.467706265738883],[-82.188847832196629,41.467695254507319],[-82.188950031859093,41.46764582802038],[-82.189044882120882,41.467541532536501],[-82.189161683641402,41.467426201074019],[-82.189263797791767,41.467332819259994],[-82.189351427196087,41.467272464095082],[-82.189475559588317,41.467217585968996],[-82.189592327417415,41.467179087248631],[-82.189716324417802,41.467162671714654],[-82.18985506832999,41.467140698999501],[-82.189986387611356,41.467118712899243],[-82.190103175852869,41.467074809038763],[-82.190212736118639,41.467008911853078],[-82.190307524088709,41.466921009402782],[-82.190380600105811,41.466844140531983],[-82.190460818176632,41.466745309763958],[-82.190577555358232,41.466613584162772],[-82.190672519620435,41.466509196115311],[-82.190730886422344,41.466426894802126],[-82.190847625415998,41.466328045792089],[-82.190971730938912,41.46624569390287],[-82.191132334134835,41.46613585157268],[-82.191285552347708,41.466015096562977],[-82.191424237240142,41.465872333851564],[-82.191475339387452,41.465811905275118],[-82.191614028379192,41.465702109250593],[-82.191738088513247,41.465597779051272],[-82.191847505831717,41.465537376316121],[-82.191935168656002,41.465466029892823],[-82.192044585570969,41.465405626977869],[-82.192248896404095,41.465328747244321],[-82.192453349234896,41.465279248069187],[-82.192533649293125,41.465224370969864],[-82.19262841418562,41.465142051448517],[-82.19276716078349,41.465048646865633],[-82.192920401976465,41.464988238823139],[-82.193080947442994,41.4649278448533],[-82.193314568689203,41.46482354691895],[-82.193504324016516,41.464730152447245],[-82.193664901915426,41.464625891474675],[-82.193803551181034,41.464559959135471],[-82.194095476797784,41.464422627700003],[-82.194307124397923,41.464334769259338],[-82.1945625588897,41.464257894841275],[-82.1947960432651,41.464192056813125],[-82.195036968538972,41.464120646483146],[-82.195131796901933,41.464087684630165],[-82.195168266488267,41.464032720894984],[-82.195212060951633,41.463972366655533],[-82.195277729358267,41.46392295412393],[-82.195372651406785,41.463862518641349],[-82.195547812563547,41.463763688022993],[-82.195730202445546,41.463686850004173],[-82.19595649012075,41.463587937403673],[-82.1960733242488,41.463527543637696],[-82.196182778759223,41.46348911442805],[-82.196248471927873,41.463467173553248],[-82.196357944968298,41.463423249494397],[-82.196460100436767,41.463417682780232],[-82.196525729890354,41.463379258936172],[-82.196562218292215,41.463318890150028],[-82.196635193241661,41.463198062486711],[-82.196700852329741,41.46311568229563],[-82.196766576515088,41.463049874940225],[-82.196839545501277,41.463000385535516],[-82.196897971002429,41.462967440890466],[-82.19697823469555,41.462956517055069],[-82.19706580103707,41.462945517132042],[-82.197160614009832,41.462950925165494],[-82.197248286213906,41.462874080166827],[-82.197401454312242,41.462797183528799],[-82.197540148906626,41.462786191204863],[-82.197649691679473,41.462791715638829],[-82.197751835387223,41.462824609362812],[-82.197795577160832,41.462813615057264],[-82.197839413648197,41.462775237361313],[-82.197934267742738,41.462698317025364],[-82.198072935279853,41.462659851886237],[-82.198226219462995,41.462654381354568],[-82.198269952794362,41.462610420005994],[-82.198255403710846,41.462522569684367],[-82.198313738888061,41.462445759404922],[-82.198474264659055,41.462352391268496],[-82.198693277973888,41.462242560196323],[-82.198897552381453,41.46217116370223],[-82.199094596140796,41.46207777421408],[-82.199313515015106,41.461995415423893],[-82.19962010859642,41.46186908629312],[-82.199817058141804,41.461803169029203],[-82.200065291550857,41.461726267632251],[-82.200254928445133,41.461627458994784],[-82.200605203247832,41.461435187725883],[-82.200933611510621,41.461264941618801],[-82.201203596453581,41.461127641396125],[-82.201407937822808,41.461034261822519],[-82.201656074990552,41.46091349216281],[-82.201896905484816,41.460792618202376],[-82.202020931676969,41.460726738865411],[-82.202123157020253,41.460699278561506],[-82.202327495709483,41.460605897397691],[-82.202517190914733,41.460523567936328],[-82.202677714654698,41.460463070902577],[-82.202772608227562,41.460408214245064],[-82.202852902431005,41.460386206982555],[-82.202896669180845,41.460331344619469],[-82.202947745838443,41.460237944301177],[-82.203027965664788,41.460166577317814],[-82.203115572680375,41.460106212045673],[-82.203276058503732,41.460056703569741],[-82.203414689876084,41.45999085004545],[-82.203524159448307,41.459908457814812],[-82.20367746905734,41.459820562431055],[-82.203867167333968,41.459699769259473],[-82.203874485458101,41.459622859775273],[-82.203918149244643,41.459562503598264],[-82.204005772726333,41.459496642979047],[-82.204122506802804,41.459425163099091],[-82.204290349991965,41.45935927283201],[-82.204480084850843,41.459298827649214],[-82.204691749119675,41.459232928129538],[-82.204874162962568,41.459178053500921],[-82.205034728802133,41.459139530747294],[-82.20516600852639,41.459123022488868],[-82.20531930157226,41.459112048049541],[-82.205487116924047,41.459090022240851],[-82.205625761937242,41.459018671431316],[-82.205749834811414,41.458936304120343],[-82.20588125749147,41.458875837582887],[-82.205990680336058,41.458842893971322],[-82.206158476823788,41.458826361888221],[-82.206282639093914,41.458826410516906],[-82.206457691192725,41.458787913972849],[-82.206581739174354,41.458749502005439],[-82.206676702096374,41.458743911739717],[-82.206786113538655,41.458787890448619],[-82.206851844886202,41.458787831095883],[-82.206975921018,41.45866700096623],[-82.207136347773158,41.458524261477166],[-82.207311428176425,41.458403435967128],[-82.207450116477332,41.458353970433066],[-82.207588733352623,41.458326483472469],[-82.207851540462656,41.458326425419841],[-82.207953639780598,41.458298961308707],[-82.20812883315385,41.458216594857483],[-82.208318482934445,41.458106783891331],[-82.208493644253181,41.45799694473407],[-82.208595786863825,41.457881567634452],[-82.20863217680332,41.457810207043458],[-82.208705182414448,41.457634516454192],[-82.208741558639517,41.457530188969571],[-82.208829107876554,41.457447841963727],[-82.208909382767402,41.457392863716258],[-82.209011603958459,41.457326935891629],[-82.209077237497226,41.457283010390633],[-82.209215857014783,41.457217150032477],[-82.209427509576145,41.457151241986594],[-82.209609897898062,41.457063303097996],[-82.209821433458572,41.456958934059628],[-82.210215458790273,41.456772208292172],[-82.210324896735798,41.456695304417401],[-82.210419749720501,41.456574507875963],[-82.210587590239285,41.456393314033491],[-82.210667812823431,41.456316357090699],[-82.210777196857961,41.456255936849431],[-82.210915847499393,41.4561790851062],[-82.211061796788186,41.456140617848298],[-82.211324549567991,41.456080203090977],[-82.211470480902435,41.456047230010711],[-82.211550734349075,41.455997744638154],[-82.211630991911846,41.455909887716992],[-82.211703858442263,41.455849491060924],[-82.211908235339934,41.455772576052027],[-82.212170868354747,41.45567369910983],[-82.212331459692948,41.455585805516904],[-82.212521075601032,41.455481392370416],[-82.212820225676083,41.455344117737425],[-82.213134012684449,41.455234250515296],[-82.21344771354498,41.455113394339456],[-82.213783422913679,41.455036441205323],[-82.214148258257595,41.454948460795919],[-82.214286864896408,41.454920965933646],[-82.214549607072328,41.454898915438953],[-82.214768600077235,41.454893449724551],[-82.214929097029014,41.454909859048215],[-82.215213797556444,41.45498665630587],[-82.215425434227754,41.454997570455987],[-82.215666233636568,41.45494809667597],[-82.215914199362174,41.454827208127057],[-82.216140411164588,41.454657008470583],[-82.216306985941159,41.454539106328866],[-82.216424976781099,41.454470248043314],[-82.216461337790264,41.454442751181134],[-82.216621834585823,41.454343863601423],[-82.216775114872121,41.454256041166289],[-82.216848092750013,41.45419554998972],[-82.216869831597819,41.45405831755879],[-82.216862461033671,41.453888155862252],[-82.216877015676559,41.45371244778147],[-82.216906072919798,41.453569643348494],[-82.21698633783042,41.453514749607002],[-82.217052013132786,41.453454335554611],[-82.21703735549481,41.453355499412979],[-82.217073836389503,41.453289629569703],[-82.217212488486965,41.453207185606907],[-82.217248866422537,41.453135822280842],[-82.217299883911636,41.453015033518703],[-82.217380163204524,41.452877721649529],[-82.217525997433839,41.452718458229612],[-82.217671900726643,41.452614139015168],[-82.217810550626197,41.452531694329011],[-82.217963705354336,41.45244387156275],[-82.218095000619726,41.452377897890088],[-82.218313965092861,41.452300997122407],[-82.218481758082973,41.452278952760231],[-82.218686083356971,41.452251476878828],[-82.218956047002209,41.452212946412985],[-82.219102016126726,41.452163479751363],[-82.219196814417259,41.452092126975643],[-82.219291593759195,41.451987807227752],[-82.219401082092844,41.45192737763314],[-82.219517753947329,41.451905333368209],[-82.219714791296056,41.451872348366365],[-82.219889866673711,41.451817347707447],[-82.219933646872747,41.451751489551143],[-82.219948145444121,41.451669098152678],[-82.219940906591603,41.451570273639568],[-82.219969977613985,41.451498896825818],[-82.220057470969408,41.451427530735984],[-82.220210668577266,41.451323130868545],[-82.220378470803979,41.451180384406932],[-82.220495206939816,41.451097988838804],[-82.220575500162326,41.451070474756733],[-82.220692132864613,41.450982585563651],[-82.220823404545428,41.450883731958349],[-82.220925603327657,41.45081779367419],[-82.22107143014604,41.450735448963087],[-82.221224680560127,41.450691486876657],[-82.221421676848706,41.450631026794696],[-82.221596800555574,41.450598001093631],[-82.221750066894586,41.450548543621068],[-82.221866750306944,41.450482630765954],[-82.221976093900238,41.450389233099308],[-82.22207093620699,41.450301393866461],[-82.222224144474623,41.450191496634993],[-82.222348133322555,41.450164057372369],[-82.222574320119293,41.450109049804013],[-82.222720261223259,41.450026611698732],[-82.22274943167227,41.449960727582933],[-82.222742052576308,41.449867399144132],[-82.222778455669797,41.449785044618771],[-82.222895169704856,41.449708141324919],[-82.22304100390744,41.449581837810598],[-82.223252571483542,41.449411509274448],[-82.223347447893062,41.449351141206343],[-82.223566234323542,41.449208297988299],[-82.223763150691596,41.449092979544865],[-82.223909055111633,41.449021529334985],[-82.224033121430622,41.448966524723645],[-82.224164426280339,41.448933601186162],[-82.22431033474129,41.448900612112467],[-82.224463578551592,41.448856645776971],[-82.224667888607144,41.448829069421159],[-82.22490865775471,41.44877957666079],[-82.225090973937085,41.448741064602828],[-82.225251552167464,41.44868612011534],[-82.225346374981399,41.4486421444686],[-82.225463031122246,41.448543351117614],[-82.225579685212949,41.448444467590384],[-82.225645369302043,41.448417015566669],[-82.225733014167801,41.448411487719738],[-82.225893464932852,41.448438871551048],[-82.225966500340391,41.448394947475116],[-82.225995577916564,41.448317984329506],[-82.225988261142476,41.448202767282602],[-82.226024608718845,41.44813680575497],[-82.226163266582176,41.448004990088243],[-82.226279869915743,41.447922589955446],[-82.22644765434795,41.447818206246282],[-82.226666483563633,41.447697334720218],[-82.226856190685695,41.447587492273328],[-82.226958242215574,41.447527044646336],[-82.22698742344123,41.447455664705792],[-82.227009285878836,41.447389767294645],[-82.227074929465076,41.447334842211198],[-82.22714791432351,41.447307401499287],[-82.227264570200234,41.447246977913437],[-82.227519922969549,41.44712058075546],[-82.227673105127366,41.447054632663139],[-82.227899231947774,41.446933770933036],[-82.228037738587432,41.446851405352888],[-82.22822019209022,41.446763436062348],[-82.228365982654708,41.446686486832007],[-82.228490042349549,41.44663156752749],[-82.228628619139243,41.446565684086451],[-82.228767209976525,41.446494215716804],[-82.228913118959966,41.446417264522317],[-82.229037122016152,41.446340367082747],[-82.229153806360799,41.446268952185854],[-82.229270474458133,41.446203031879662],[-82.229394500489235,41.446159101028826],[-82.229584204676485,41.446087625744305],[-82.229839484513136,41.44598320233353],[-82.230014528650827,41.445889814869844],[-82.230233312798234,41.445779926042199],[-82.230503202448205,41.445631568716358],[-82.230802228059545,41.445466775640959],[-82.23094811642774,41.445395316605719],[-82.23123260741589,41.445246981430039],[-82.231531699953834,41.445098579274919],[-82.23176513069059,41.444972227207998],[-82.232042284158652,41.444834867606623],[-82.232297513997324,41.444702966546899],[-82.232530910364005,41.444587602369495],[-82.232698732859959,41.444505187189378],[-82.232851830834818,41.444422749444797],[-82.233034168542986,41.444329369247136],[-82.233209243226185,41.44426335920614],[-82.233384334895632,41.444191944247265],[-82.233566653840043,41.444103967875535],[-82.233785529900302,41.443999565814572],[-82.233982469338542,41.443906207628046],[-82.234303382676629,41.443741350716756],[-82.234507636525834,41.443642418589555],[-82.23479931878407,41.443526964647845],[-82.235018175365397,41.443428054994968],[-82.235215094059157,41.443340099392202],[-82.235397498513649,41.44326319836712],[-82.235587057976957,41.443153342978512],[-82.235791338853701,41.443043419183688],[-82.235951731411589,41.442960989001016],[-82.236148693620393,41.442856547685231],[-82.236323704677631,41.442768645475908],[-82.236549858325063,41.442669744550855],[-82.236797765151707,41.442581778530204],[-82.236943744623517,41.442515805443449],[-82.237053085309284,41.442411494143705],[-82.237264574234956,41.442290591178697],[-82.237410374426972,41.442202641222501],[-82.237585427841466,41.442098252982028],[-82.237804201391072,41.441982855268968],[-82.238015672244615,41.441867445664393],[-82.238183437105207,41.441757550329768],[-82.238373030939201,41.44167516272605],[-82.238599249928953,41.441592650661057],[-82.238832578116757,41.441493758078707],[-82.239168200634907,41.441411237547037],[-82.239459982644235,41.441339727189131],[-82.239671492510524,41.441251786904445],[-82.239904803768113,41.441114430472616],[-82.240116238757551,41.44096605008415],[-82.240313189791465,41.440861691844553],[-82.240546556070555,41.440746221662287],[-82.240991458949082,41.440531908989172],[-82.24117378875647,41.440433021429691],[-82.241501966293299,41.440312022536297],[-82.241976053159561,41.440103155888387],[-82.242172938919751,41.440020773418695],[-82.242362520767884,41.439938289350238],[-82.242603183394422,41.439822916379832],[-82.242858551587489,41.439712968659499],[-82.2430627052955,41.439641495273953],[-82.243281505750261,41.439597426091431],[-82.24341282580707,41.439547996889594],[-82.243646228969752,41.439503949330394],[-82.243865043299877,41.439454384348579],[-82.244076677052263,41.439404896614029],[-82.244229809019402,41.439344421636058],[-82.24440484356353,41.439240023290779],[-82.244609006615065,41.439119096085108],[-82.244776633363287,41.439009192693916],[-82.244980916376974,41.438888353611141],[-82.245155917444961,41.438794853538354],[-82.245454937500597,41.438695957211074],[-82.245732126175923,41.438613419908535],[-82.245965462962474,41.438547390214687],[-82.246191559167102,41.438503326650789],[-82.246373969072053,41.438459375673524],[-82.246534472466308,41.438415301489137],[-82.24668034530842,41.43838228467861],[-82.246818918218707,41.438349346804756],[-82.246942900759436,41.438310802134367],[-82.247139772889611,41.438228321374503],[-82.24727834131852,41.438151426542447],[-82.247460624040684,41.438063428715452],[-82.247591937719662,41.438013994896728],[-82.247752350070357,41.437959020993276],[-82.248073325136943,41.437881948171949],[-82.248211908905176,41.437843423904276],[-82.248401586490019,41.43781038003786],[-82.248554729690952,41.437788361193384],[-82.248773639629093,41.437744280572389],[-82.248941294391543,41.437711294735713],[-82.249007000453346,41.437667345532361],[-82.249130933973476,41.437601416374484],[-82.249364277824924,41.437529885298254],[-82.249597789118468,41.437485824726899],[-82.249984364950805,41.437403260172196],[-82.250004090148224,41.43739922158445],[-82.250075174562767,41.437388562016295],[-82.250673552828772,41.437246129300902],[-82.250980041678332,41.437169425257544],[-82.251213538031436,41.437131114864087],[-82.251432417709054,41.437120248211585],[-82.251643991651648,41.437120358080229],[-82.251862806433508,41.437180865275558],[-82.252008659980419,41.437246824840329],[-82.252154464238885,41.437367687790569],[-82.252489799309544,41.43766433902352],[-82.252635595549862,41.437796182024229],[-82.25270856755003,41.437779748098066],[-82.252891034102959,41.437697485410439],[-82.252599549898122,41.437313012019793],[-82.252461114597978,41.437109798014703],[-82.252344655999394,41.436807768564876],[-82.252279109239694,41.436681456646312],[-82.252177139306028,41.436494731979998],[-82.252133450130117,41.436401373355451],[-82.252126224007355,41.436324504561192],[-82.252148204917958,41.436220198974851],[-82.252228555036396,41.43611043301604],[-82.252389185321789,41.435967765982014],[-82.252651981513893,41.435792208715071],[-82.252943968009376,41.435605684965083],[-82.253206722276786,41.435474049351285],[-82.253462165476222,41.435358880561154],[-82.253790595932884,41.435205315230405],[-82.254126353808132,41.43501332010392],[-82.254411056254952,41.434804827679145],[-82.254644637045487,41.434656703345532],[-82.25484900693813,41.434541506366749],[-82.255184715903297,41.434398921462865],[-82.25571014388791,41.434207014331299],[-82.256002035635731,41.434113819111843],[-82.256359616500816,41.433982222091949],[-82.256512849899494,41.433943862776587],[-82.256731754435492,41.433889063404173],[-82.256899564264231,41.433867181576666],[-82.257184125697236,41.433812412429127],[-82.257461400397688,41.433746658452996],[-82.257811645084345,41.433658976395897],[-82.258264062321288,41.433521927309435],[-82.258731068078674,41.433384883144974],[-82.259387790864324,41.433193019484484],[-82.259840210073818,41.433044983567008],[-82.260409358460578,41.432886016982529],[-82.260876338075747,41.43277092560367],[-82.261233872074925,41.432677746078298],[-82.261664364693956,41.432573616312133],[-82.262036482547344,41.432485930965477],[-82.262532616274797,41.432398297165122],[-82.262853649938279,41.432332548878001],[-82.262992297427559,41.432277703803649],[-82.26326230467113,41.432157029413496],[-82.263481221350361,41.432069275222752],[-82.263736580834006,41.432025458513159],[-82.26417434420344,41.431943283820026],[-82.264736161315398,41.431806254375125],[-82.265305263318226,41.431680205811979],[-82.265918136941337,41.431548681408977],[-82.266363223104705,41.431417088200014],[-82.266567498009934,41.431395206594587],[-82.266757171578902,41.431389789993915],[-82.266903082604941,41.431373375475943],[-82.267019817312459,41.431351459180064],[-82.267143861739683,41.431307584202479],[-82.267267909690702,41.431258218750187],[-82.267421133657237,41.431214354663311],[-82.267618116223446,41.43118697805977],[-82.267858872053026,41.431154127345501],[-82.268179879429994,41.4311103256072],[-82.268420634665901,41.431077473714161],[-82.268581163098006,41.431017139788636],[-82.268727083490333,41.430984251933964],[-82.26901891318137,41.430934946690279],[-82.269456658612782,41.430858242265558],[-82.269682825852414,41.430819892072066],[-82.270033037608144,41.43073217301778],[-82.270215438032864,41.430688315702184],[-82.270375936329955,41.430671901992014],[-82.270514546404598,41.430660970624423],[-82.271025257336404,41.43055134408575],[-82.271514075184882,41.430452688376093],[-82.271886166987429,41.430364971267899],[-82.27226554934667,41.430282745773518],[-82.272593844036663,41.430238934180174],[-82.272900247271025,41.430206095002433],[-82.273308758911639,41.430206230830223],[-82.27365162318327,41.43019536302733],[-82.273826702690101,41.430189929928289],[-82.274060156552821,41.430157063822804],[-82.274475978066846,41.430129746161022],[-82.274731315861004,41.430096885697026],[-82.275081504422246,41.430031112598044],[-82.275271179010275,41.430014701217374],[-82.275438956992616,41.43002024402081],[-82.275577549698568,41.430036758173252],[-82.275716139485596,41.430058762485864],[-82.275883923542111,41.430053323968139],[-82.276007938594731,41.430047871775159],[-82.27625598332294,41.430009515334746],[-82.276496724169917,41.42998762713863],[-82.276657207317385,41.429993165933716],[-82.276861450749351,41.430015188605068],[-82.277021936856414,41.430015236554176],[-82.27724807921679,41.43000981340564],[-82.277415862959643,41.430004372629988],[-82.277693085879392,41.429966021662771],[-82.277977614445433,41.429905710828486],[-82.278502868171131,41.429850958498996],[-82.279006233857388,41.429801687942224],[-82.279538780544485,41.429746932899853],[-82.280034844496925,41.429708636448375],[-82.280793530053856,41.429648446433688],[-82.28182942758022,41.429560871031846],[-82.283076879339433,41.42945137696038],[-82.283886624023211,41.42938568856642],[-82.284360800203103,41.429341877791735],[-82.285024647453085,41.429276147146538],[-82.285498821937864,41.429232331648898],[-82.285972997852241,41.429183023866585],[-82.286498244263129,41.429111763838677],[-82.286790040678881,41.429089864910516],[-82.287570597606503,41.429024144202174],[-82.288445983703113,41.428958436958098],[-82.289401612935762,41.428881757605481],[-82.289802828993615,41.428854381340038],[-82.290160276673703,41.428826995673084],[-82.290554197333208,41.428799615433363],[-82.290955415688614,41.428761254496457],[-82.291487935612366,41.428728405005941],[-82.291750546381564,41.428717469022395],[-82.291932914277552,41.428712009353497],[-82.292129869826411,41.428712042116608],[-82.292436243523895,41.428717582711585],[-82.292728032614789,41.428706649220437],[-82.292983352955915,41.428679238303829],[-82.293275149288135,41.428640851877994],[-82.293523170001791,41.428629909543666],[-82.293676360344747,41.42861895230385],[-82.294238055868405,41.428586094407898],[-82.294544431781205,41.428580648721109],[-82.294872698380601,41.428547753781793],[-82.295237428313911,41.428553295079382],[-82.295463557729704,41.42856979702011],[-82.295638618290113,41.428613743163268],[-82.295886620279418,41.428679659932065],[-82.296178394421219,41.42872911093513],[-82.296499357483043,41.428734642475071],[-82.296900554417846,41.428773124860044],[-82.297272575524985,41.428800621715169],[-82.297520591285391,41.428811631872534],[-82.297673769812874,41.428855572260119],[-82.297972842834398,41.428894038874652],[-82.298308390578271,41.428927018456719],[-82.298629342943784,41.428992937256467],[-82.298899241498859,41.429014927357493],[-82.299220205945176,41.429020451198284],[-82.299453639329258,41.428998513835232],[-82.299592237017023,41.429004018053888],[-82.29977459887445,41.429031487598877],[-82.299927781235397,41.429064444322513],[-82.30035814681618,41.429185271709891],[-82.300700981095915,41.429284128411858],[-82.300948992974156,41.429333563121482],[-82.301197009426986,41.429355545813713],[-82.301503385302638,41.42936655223243],[-82.301751399636544,41.429405004591999],[-82.302145304644455,41.42947091924156],[-82.302604866509071,41.429509385884622],[-82.302838293922264,41.429536854204486],[-82.3029987763679,41.429547846101642],[-82.303159260216503,41.429547857190386],[-82.303319746052011,41.429531397181293],[-82.303523998798241,41.429525920390461],[-82.303626122917066,41.429542397873796],[-82.303823075333213,41.429586332686576],[-82.3040710886889,41.42965223140537],[-82.304443114189326,41.429707156144353],[-82.304749493054089,41.429707173224649],[-82.304931863000135,41.429690712136882],[-82.305033991853762,41.429663266045132],[-82.305143414832685,41.429641310522946],[-82.305282013630105,41.429652298078231],[-82.3054497889526,41.429690738313326],[-82.305661330067508,41.429762122058236],[-82.30583639971303,41.429811542625458],[-82.306047944664684,41.429844493634128],[-82.306281374482538,41.429871954858868],[-82.306748237668415,41.429882953585491],[-82.30729534352318,41.429888462715098],[-82.307827859880859,41.429893968822256],[-82.308148827767226,41.429915938291373],[-82.308550038333635,41.429932418288921],[-82.30889289083899,41.429954386117309],[-82.309111733595813,41.429948899573503],[-82.309367049898043,41.42994890340443],[-82.30970990344035,41.429937927089533],[-82.310008988448999,41.429921459113203],[-82.310271599477801,41.429910480423899],[-82.310468557265764,41.429937932830214],[-82.310709283578319,41.42998185583361],[-82.310950010265117,41.430009307486962],[-82.311708664993546,41.430058717479689],[-82.312766405649967,41.430097137498954],[-82.313525061948539,41.43013555484476],[-82.313867917102243,41.430168488248363],[-82.314458795491589,41.430217884086971],[-82.314860009318338,41.430245322418948],[-82.315275811953427,41.430256287968952],[-82.315691614672289,41.430267252005329],[-82.31594693168384,41.430267241119843],[-82.316122008670391,41.430300174953437],[-82.316362742722703,41.43038251785898],[-82.316574296392787,41.43044290060628],[-82.316778555176384,41.430497793057711],[-82.317084940019825,41.430536208884789],[-82.317566398842757,41.430558143063557],[-82.318025972935985,41.430574586302946],[-82.318273993778902,41.430552609589078],[-82.318449067094733,41.430536127421824],[-82.318733555248173,41.430459244643529],[-82.318996157063197,41.430371382175196],[-82.31925146608792,41.430305480710125],[-82.319433833201728,41.430288996519877],[-82.319594319448882,41.430299965030137],[-82.319820460818249,41.430327399037694],[-82.320046600130865,41.430338361798086],[-82.320418634128416,41.430343821854343],[-82.320936556970167,41.430305345933505],[-82.321337767239825,41.430294329662395],[-82.321731686102027,41.430305273731527],[-82.322001594088704,41.430316228495194],[-82.322366335934461,41.43033815372079],[-82.322840502396033,41.430376537244804],[-82.323168768903088,41.430387483170293],[-82.323438677341215,41.430398434541026],[-82.323818013738205,41.430442314581377],[-82.323978503014473,41.430464257455213],[-82.324182752309625,41.430442272966488],[-82.324394290671535,41.430392835959218],[-82.324540173622651,41.430332425862666],[-82.324759009504419,41.430299458102631],[-82.324985142216889,41.430277469552628],[-82.325182096945369,41.430260974450455],[-82.325349879719468,41.430277424240735],[-82.325648971730757,41.430310327771153],[-82.325897000725206,41.430343237197256],[-82.326145027434563,41.430365165567459],[-82.326458707122555,41.430387084520845],[-82.32660460230079,41.430387064657793],[-82.326874512318014,41.43040349819244],[-82.32712254084305,41.430430914697105],[-82.327428927673637,41.43045832227471],[-82.327793677054615,41.430502191222715],[-82.328107356357634,41.430518615395833],[-82.328369970944408,41.430529556237985],[-82.328712841340419,41.430589896339072],[-82.329070303400385,41.430655723349382],[-82.32928186426561,41.430699611684943],[-82.329573668104985,41.430743486596107],[-82.329865469165625,41.430776380255381],[-82.330171860086139,41.430809270719031],[-82.330368827668877,41.430836688726906],[-82.330536609682881,41.430842150388244],[-82.330835691498308,41.430825628064653],[-82.331032644335195,41.430803632676977],[-82.331207710966936,41.430776150578069],[-82.331346315379307,41.430787106468117],[-82.33152869372141,41.430814525079924],[-82.3316964757081,41.430819985046966],[-82.331922607343387,41.430797982847182],[-82.332148737043767,41.430770489955449],[-82.332338401515969,41.43077045468376],[-82.332528067771634,41.430775909347673],[-82.332725030646813,41.430786852559272],[-82.332973058929085,41.430803275870858],[-82.333162732690951,41.430830690475361],[-82.333315927039891,41.430841641152078],[-82.333520173706177,41.430819640088707],[-82.333629584213412,41.430786676989328],[-82.333782765197498,41.430759195316725],[-82.333899454942838,41.430682308533747],[-82.334001554879421,41.430605424570416],[-82.334125542699653,41.430539516586684],[-82.334286005952507,41.430479091295247],[-82.334431895067723,41.430462590748107],[-82.334526724815419,41.430457081028173],[-82.334716390195439,41.430462532093486],[-82.33488417933448,41.430489948403213],[-82.33503008033523,41.430506388574855],[-82.335146800376762,41.430517344479796],[-82.335263518425819,41.430522810019973],[-82.335402122784885,41.430533761019149],[-82.335496952521879,41.430528250498931],[-82.335555304381145,41.430511767247673],[-82.33565742057597,41.430484294048682],[-82.335803288559291,41.430412889316152],[-82.335890817095674,41.430390909320536],[-82.336058583441087,41.430357931219575],[-82.336189875970476,41.430324960912678],[-82.336364921860707,41.43025354904902],[-82.336481618191584,41.430204110912328],[-82.336620209168359,41.430182118984654],[-82.337006807037042,41.430127129330039],[-82.337283990352915,41.430088634296482],[-82.337604945919153,41.430061108922217],[-82.338028031356217,41.430044539076341],[-82.338276050839184,41.430044480251325],[-82.33856054144313,41.430038921874932],[-82.339085766048726,41.430055264967599],[-82.339574514980413,41.430066124525787],[-82.339807945031183,41.430066066038165],[-82.339983024832435,41.430082492583573],[-82.340179991228055,41.430104403527302],[-82.340384254896179,41.43013180250022],[-82.340581233928802,41.430181163950728],[-82.340785507952077,41.430230523161491],[-82.340946006492032,41.430263422741589],[-82.341070021559617,41.430274370723438],[-82.341223200320385,41.430252369442861],[-82.341310729177906,41.430235875592729],[-82.341383660953042,41.430202914832556],[-82.341471171839729,41.43014798919252],[-82.341544098316348,41.430104047855181],[-82.341660803061345,41.430082055719225],[-82.341748336714204,41.43007654201697],[-82.341843175363877,41.430092987237224],[-82.34200367403902,41.430125885341958],[-82.342156870347281,41.430142314491647],[-82.342266288094791,41.430136794440962],[-82.342375703191863,41.430125784049132],[-82.342470520966131,41.43009830685061],[-82.342652864236868,41.430048844474889],[-82.342857091238457,41.429999375731114],[-82.343017566001436,41.429982860288341],[-82.343207224744305,41.429977316898871],[-82.343433370370605,41.429999214061915],[-82.343637629376076,41.43001562677749],[-82.34382729087028,41.430015572602215],[-82.344016938519886,41.429988066936787],[-82.344228464424063,41.429949574147606],[-82.344505633571657,41.429894591094282],[-82.344731728363811,41.429817661477514],[-82.344841114051846,41.429751746406389],[-82.344921332353607,41.429707800810618],[-82.345038029399404,41.429674824806895],[-82.345132839580089,41.42963636496853],[-82.345234927053937,41.429564961465687],[-82.345293258135214,41.429515531911989],[-82.345358866458,41.429433158733111],[-82.345431757666319,41.429328822385862],[-82.345504654423067,41.429235466462387],[-82.345555696216593,41.429197019441816],[-82.345686969515654,41.429142077455161],[-82.345796367645548,41.429103612667333],[-82.34586928699558,41.429054178399163],[-82.345949492000287,41.428988271157479],[-82.346015122423907,41.428949819491102],[-82.346102651104516,41.428938812270601],[-82.34616100746905,41.428938794400381],[-82.346219393348022,41.428993678850631],[-82.346299662997538,41.429048556536962],[-82.346372611535784,41.429054024302566],[-82.346460137312917,41.429037526575179],[-82.346584129846335,41.429010037006073],[-82.346737297469673,41.428977047985484],[-82.346941532763097,41.428955023247376],[-82.347160378205544,41.428971425189026],[-82.347298980671852,41.428982361892864],[-82.347474025342194,41.428938384507148],[-82.34771471751526,41.428888895638735],[-82.347984575016483,41.428817435940395],[-82.34818149294901,41.428756979738026],[-82.348377088032606,41.428671679148451],[-82.348363699307995,41.428482408866657],[-82.348319256735053,41.427296532454996],[-82.348260218285418,41.426094189506216],[-82.348186528823319,41.424776555653537],[-82.348149439828049,41.423684009333044],[-82.348083133681399,41.422514608559524],[-82.348024123992531,41.421345204946626],[-82.347965027322616,41.420016583642969],[-82.347913374832203,41.418951491481543],[-82.347854338906117,41.41772169370018],[-82.347802647914946,41.416579737200301],[-82.347743620269355,41.415355428775761],[-82.347706751908817,41.414630726430381],[-82.347640335351954,41.413225241047165],[-82.347544196693448,41.410815046346997],[-82.347418937585701,41.408476232661329],[-82.34732281846405,41.406066034903311],[-82.347285590760762,41.40466053721066],[-82.34724857187102,41.40363386780836],[-82.347181705059896,41.401349934438919],[-82.347092894153946,41.398923259280302],[-82.347004093126671,41.396496583335207],[-82.346944537665607,41.394124831924572],[-82.346863168965086,41.391753122839958],[-82.346781817901004,41.389332025798112],[-82.346685926330522,41.386943883465932],[-82.346597363648783,41.384616129852638],[-82.34650144803031,41.382156608240116],[-82.346420146578097,41.379795888250555],[-82.346316960846252,41.377440642825313],[-82.34622108036848,41.375162234185609],[-82.346215483562034,41.375019998612295],[-82.3453822914677,41.35715636419642],[-82.345205483656585,41.353549299479504],[-82.344001153161358,41.321359924125993],[-82.342808134987962,41.294457719514938],[-82.342432016118295,41.284234773373065],[-82.342166190284459,41.276087121344226],[-82.342166177531354,41.276059669408113],[-82.342166131623642,41.275960842435559],[-82.341520818543827,41.250021273414291],[-82.341466147492312,41.248003145459236],[-82.34142182251118,41.246723955136979],[-82.341281630347623,41.243023676966772],[-82.341156001704377,41.239317909404527],[-82.341023200580238,41.23564501030517],[-82.340883252216869,41.231955506123775],[-82.34076515724955,41.228271467095084],[-82.340625263075239,41.224587432456779],[-82.340529021376994,41.220914364496316],[-82.340483675851601,41.217208337223546],[-82.340438364985687,41.213557210356143],[-82.34041586084544,41.212052835986391],[-82.340422747437131,41.211218287083625],[-82.340356657471204,41.209785298622862],[-82.340253155507867,41.206013386720031],[-82.340164311869174,41.202466573394055],[-82.340119900741584,41.200704145297571],[-82.340053634857171,41.198826421216026],[-82.339986553831025,41.195109383806312],[-82.339883161884771,41.191425290574138],[-82.339816130600084,41.187746670339386],[-82.339727306326651,41.184062561422657],[-82.339616654222638,41.180296102068965],[-82.339527854425228,41.176622976917351],[-82.33946878171723,41.174454242690146],[-82.339431832189163,41.173026720968004],[-82.339408430862917,41.169320637231898],[-82.339399569266249,41.165625530568796],[-82.339398887097943,41.164044265525682],[-82.339383462908287,41.161968858378295],[-82.339301969814414,41.158284748137554],[-82.33922048976055,41.154600636336625],[-82.339146286958567,41.150916521109551],[-82.339035772304669,41.147210450541166],[-82.338939800878279,41.143482412659857],[-82.338829362061404,41.139803791059506],[-82.338792353819585,41.138085265334524],[-82.338792258298511,41.137849171396823],[-82.338762847917863,41.136954213171904],[-82.338718221075297,41.134335182819818],[-82.338658651803314,41.130650923220685],[-82.338584595685163,41.127016078457615],[-82.338555083152954,41.125813622008451],[-82.338554774434016,41.125021984142535],[-82.33849789040616,41.122776254908516],[-82.338424197572252,41.119888127583437],[-82.338350545527476,41.117076865894411],[-82.33828410312158,41.114221696725352],[-82.338224864874022,41.111437954039552],[-82.338172822315883,41.108593836711002],[-82.338106292980285,41.105799135883203],[-82.338054280826668,41.102982467251714],[-82.338002284103936,41.1001822688864],[-82.33795028859646,41.09736559746711],[-82.337891043774803,41.094548926824309],[-82.337795522070181,41.091732264036565],[-82.337692757581749,41.088921093037875],[-82.337590003293897,41.086104431057855],[-82.337494517906634,41.08328776715954],[-82.337413554474281,41.080465609165415],[-82.337318095855196,41.077654435719325],[-82.337200882371206,41.074837776617095],[-82.337083686621057,41.07202660803069],[-82.336951995503327,41.069209951966783],[-82.336820379570824,41.066541542251379],[-82.336776526179051,41.065690506580808],[-82.335964043373039,41.065685195440764],[-82.334048910083254,41.065685595590161],[-82.332053977537839,41.065680487611225],[-82.330066300850746,41.065680834191618],[-82.328078622454811,41.065675655567425],[-82.326134472302712,41.065681417928992],[-82.32413954248635,41.065692643679434],[-82.318742347094897,41.065737056098065],[-82.31073358754675,41.065731821202846],[-82.302891677696721,41.065671135063354],[-82.294984495844275,41.065560492022151],[-82.286975755921759,41.065482232666199],[-82.279039581983241,41.06536500711691],[-82.271466237479913,41.065077154133434],[-82.270552215556435,41.065043894596968],[-82.263225543623051,41.064794025857147],[-82.257937308620029,41.064610533999051],[-82.255557926770692,41.064581967447545],[-82.25000405914929,41.064506086379112],[-82.245299181778222,41.064437277464663],[-82.239735115781414,41.064390594947454],[-82.236862376976674,41.064331503667113],[-82.234236294399494,41.064283219053706],[-82.233111866824416,41.064261722556594],[-82.22935409572861,41.064175350304332],[-82.227540521564535,41.064165038983141],[-82.223623172838529,41.064095010132078],[-82.221577456045281,41.064073699736191],[-82.218247735045907,41.064058212196926],[-82.214417468876306,41.064048244833558],[-82.209230628688331,41.063989017834004],[-82.2049650850185,41.06392940826688],[-82.203565002885369,41.06391865123647],[-82.198378171231028,41.063891880918959],[-82.194729246974404,41.063842805109495],[-82.192676273263501,41.063804510826152],[-82.189622204758763,41.063744254434901],[-82.187728829144149,41.063722338608031],[-82.18395658777942,41.063661941239552],[-82.182034196077424,41.063639930977345],[-82.178356264680005,41.063579352393077],[-82.176216243139407,41.063568211666301],[-82.171892672626626,41.06354580488604],[-82.171602502159075,41.063534787707923],[-82.171551340616588,41.065242412743409],[-82.17151464479339,41.067142218054911],[-82.171485200212757,41.069058497907058],[-82.171404862930629,41.071457962118551],[-82.171331827078276,41.073637797200412],[-82.171295117090494,41.075592515382475],[-82.171243816525347,41.077904134490765],[-82.171207102340531,41.079875326803325],[-82.171170366238172,41.081945354143613],[-82.171119065012476,41.084251484732789],[-82.17107511813991,41.086107370783616],[-82.17102377879992,41.088578226122351],[-82.170972555857929,41.090510982778724],[-82.170921300270237,41.092586500219632],[-82.17087012238521,41.094299624459815],[-82.170833417976951,41.096199437425412],[-82.170760037817459,41.09985630112142],[-82.170730459905243,41.102349119144343],[-82.17070099762806,41.104309328902723],[-82.170671418575395,41.10680214407661],[-82.17064189493783,41.109036890452415],[-82.170612440890679,41.110947679063983],[-82.170561148920314,41.113122020906438],[-82.170495275249081,41.115565406732543],[-82.170443896354357,41.118107625191271],[-82.170407054579101,41.120561989966085],[-82.17035569998113,41.12306029794717],[-82.170337099617782,41.12502365654305],[-82.170257061097914,41.127785261154578],[-82.170139520736072,41.132990465751014],[-82.170080565815113,41.136246463903021],[-82.170036783629058,41.137037123125879],[-82.163703983831013,41.136953652455247],[-82.159222974063951,41.136925214669631],[-82.154654568567253,41.136902088060822],[-82.150165946995529,41.136878813153672],[-82.145611951938605,41.136855339488669],[-82.141421168203891,41.136842802541736],[-82.136620423286146,41.136796896457042],[-82.131137140938861,41.136744957987773],[-82.125004026776466,41.13668684132778],[-82.118617147579968,41.136646163162609],[-82.111304192802322,41.136594403585804],[-82.104797644719497,41.136547222816453],[-82.098458299217427,41.136510514737374],[-82.094856544922479,41.136478403936138],[-82.091225663995615,41.136457217134648],[-82.0880158259627,41.136435923952121],[-82.084878470558621,41.13642559215743],[-82.081232731401911,41.13640428552133],[-82.07873446072206,41.136404669398033],[-82.077783080404416,41.13638832888595],[-82.07437700773626,41.136388737460038],[-82.074189318416302,41.142626357334109],[-82.074138784293808,41.144306559195932],[-82.074095527606005,41.146069121985576],[-82.074052273122035,41.147848156387994],[-82.074001767019013,41.14969857144677],[-82.07396577874141,41.151499566610433],[-82.073929774752472,41.153218198541936],[-82.0738647284482,41.155024685853945],[-82.073799673937856,41.156798227360689],[-82.073727343326453,41.158522351410724],[-82.073676819625774,41.160323343710623],[-82.073611764058469,41.162124336579346],[-82.073546706435991,41.163925328464302],[-82.073496169106008,41.165676900582561],[-82.073445645755825,41.167510833697968],[-82.073438489983189,41.168109331609095],[-82.073387850174939,41.169317312428866],[-82.073351835850758,41.171035935022537],[-82.073308560918619,41.172787501985582],[-82.07327255826776,41.174572011675018],[-82.073222016779141,41.176329067622312],[-82.073178765183116,41.178212409292321],[-82.073142713083953,41.179733357578556],[-82.073135475570524,41.179892590726148],[-82.073099481046597,41.18172102069488],[-82.07304894757462,41.18352748735272],[-82.073005671436292,41.185279043859147],[-82.072955131694002,41.187052562292337],[-82.072926393618943,41.188815095805545],[-82.07287586487989,41.190670975424936],[-82.072839780082873,41.192049158815983],[-82.07281804578426,41.19243351406746],[-82.072803833535374,41.194185067569038],[-82.072753265150055,41.19588720878432],[-82.072702969028626,41.199099310953763],[-82.072659490279051,41.199857041189254],[-82.062649395570517,41.199907069882563],[-82.061747976260293,41.199890609920637],[-82.058811094564376,41.199890601253536],[-82.056441233890695,41.199885048735332],[-82.054907366905994,41.199879491905918],[-82.053889634805572,41.199879436772193],[-82.050247604673544,41.199890147057488],[-82.049295298316878,41.199884566217591],[-82.048255759817437,41.199867986473357],[-82.047550617373915,41.199862417485967],[-82.033847581705643,41.199799635125665],[-82.028519023759216,41.199781791210718],[-82.024600754474008,41.199764151136236],[-82.01628439706937,41.199772207643846],[-82.014532445156505,41.199760532202696],[-82.009996241489006,41.19976959233982],[-82.007858990095386,41.199774115212023],[-82.006034337693251,41.199767766222898],[-82.003257364387039,41.199771895030864],[-82.000378666484934,41.199720993962359],[-82.000003993798913,41.19971938485731],[-81.999542560019606,41.199719639125952],[-81.997376222887368,41.199715317617432],[-81.990433757975964,41.199696830803191],[-81.989096150599735,41.199691962375809],[-81.985628546905261,41.199677032064201],[-81.979005935754088,41.19965223717287],[-81.974026261874315,41.199643007596677],[-81.974026658655418,41.200340348473048],[-81.974020405206858,41.202124882903206],[-81.973934695083287,41.20480994170844],[-81.973870094871842,41.206270529698443],[-81.973870789221422,41.207489497568559],[-81.973807394492155,41.21106954581758],[-81.973750755178173,41.213749089652495],[-81.973694110937856,41.21642313930991],[-81.973644736656553,41.219097183679743],[-81.97359536758016,41.221782207242128],[-81.973595703415114,41.222369723775977],[-81.973568147631781,41.22504924697175],[-81.973533319865552,41.227739747096706],[-81.973504722192914,41.228629252475905],[-81.973483871596585,41.230424699709069],[-81.973462986852525,41.23220914169697],[-81.973434809682942,41.233993570128995],[-81.973421166397586,41.23577798331943],[-81.97339264352749,41.236909032370875],[-81.973392991572652,41.237600831944967],[-81.973400649239863,41.238364005099783],[-81.973393636438445,41.238880113020691],[-81.973372269222651,41.239775070861853],[-81.973358177192807,41.240670027638501],[-81.973344084791208,41.241559496190177],[-81.973322710243593,41.24242700814856],[-81.973301350110219,41.243316485206321],[-81.973287270358327,41.244211453334714],[-81.973273355279943,41.245408408464399],[-81.97325185547065,41.24601238496156],[-81.973230502975284,41.246885405039222],[-81.973223715798966,41.247780386227383],[-81.973181043845756,41.249542919108819],[-81.973180226167557,41.250019426558431],[-81.973144900919891,41.251386017814589],[-81.973109271422018,41.252758698663484],[-81.973080859281396,41.254027044732588],[-81.973016782898625,41.256613127759145],[-81.972953269113489,41.260242376161507],[-81.972961028915478,41.261131833264656],[-81.972691929363393,41.274688232624378],[-81.972684751715946,41.274869431255716],[-81.971782295576489,41.274869706211035],[-81.970421330546543,41.274864616833604],[-81.969220481545037,41.274864957820007],[-81.968012354545465,41.274865288371757],[-81.966811505280873,41.274865604502857],[-81.96560337554871,41.274860419232311],[-81.964264246419035,41.274860743233432],[-81.962925114851728,41.274855560995768],[-81.961578705391091,41.274850364872314],[-81.960239573774189,41.274845151670171],[-81.959031445820429,41.274845388869338],[-81.957823315846099,41.274840122670504],[-81.956615187505392,41.274840334703228],[-81.955407058901486,41.274840534144083],[-81.953987869876428,41.274835261510901],[-81.952568682029451,41.274835462303287],[-81.951149492547884,41.274830154861384],[-81.950152421642244,41.274830273282276],[-81.949817638660917,41.274830311115188],[-81.948478505491011,41.274824961915435],[-81.947139372128945,41.27481959718228],[-81.945807517218654,41.274819707179326],[-81.944424716568165,41.274819805106688],[-81.943041915422896,41.274819886439346],[-81.941659113357318,41.274814460327399],[-81.940276311293431,41.274814508431803],[-81.939119123888148,41.274814535905065],[-81.937961936000121,41.274809060881488],[-81.93680474791006,41.274809065035761],[-81.935647559517264,41.27480356667553],[-81.934483092790458,41.274803547322925],[-81.933274958414543,41.274798023890853],[-81.932059545853846,41.274792487398813],[-81.930844133017658,41.27478693799587],[-81.929635997824448,41.27478137613943],[-81.928420583696365,41.274781291817774],[-81.927205169879684,41.274775703708187],[-81.925931530412285,41.274781078758451],[-81.924854394543118,41.274786460578028],[-81.924665168091522,41.274786440372267],[-81.923391527030731,41.274791787054319],[-81.921979604127728,41.27479710144047],[-81.920567680240225,41.274802398314449],[-81.919155755356257,41.274807677663617],[-81.917743829464257,41.274812939475652],[-81.916331902552869,41.274818183738361],[-81.914919974611095,41.274823410440085],[-81.913508045628276,41.274828619569391],[-81.912096115593783,41.27483381111513],[-81.91069146248411,41.274838986745536],[-81.909279530321001,41.274844143183543],[-81.907867597076446,41.274849282007516],[-81.906455662741152,41.274854403208046],[-81.905043727305852,41.274859506776473],[-81.90363179076185,41.274864592704375],[-81.902219853100291,41.274869660984209],[-81.900807914312935,41.27487471160881],[-81.899548813254825,41.27487979524053],[-81.899395975356342,41.274879745385284],[-81.897918553397375,41.274890249892103],[-81.896834152363382,41.274906375309385],[-81.895757048416414,41.274911522213749],[-81.894672677034819,41.274916665599413],[-81.893464595495644,41.274921765806283],[-81.892249248224459,41.274921367123262],[-81.891033906349335,41.274920960316962],[-81.889731233378527,41.274926003493235],[-81.888428556468114,41.274936523307353],[-81.887133159874509,41.27494153955746],[-81.885830482130217,41.274946535695911],[-81.884717015183526,41.274951588649429],[-81.883596270698064,41.274951133453087],[-81.882475515479669,41.274956153222313],[-81.881362036580768,41.274955669625008],[-81.880095708520116,41.274966080895609],[-81.878829370835632,41.27497647075181],[-81.878137975892969,41.2749816293789],[-81.878097895098861,41.278737140372932],[-81.878042831714623,41.282915405744504],[-81.878009560991927,41.28716507689952],[-81.877977898032157,41.28980604312131],[-81.877938049369476,41.293462823231152],[-81.877912390021066,41.297663297546997],[-81.877888541284179,41.299898070867968],[-81.877864875099675,41.301929680571206],[-81.877824755141518,41.306069771587808],[-81.877753576798,41.31236225354867],[-81.877692245945738,41.315788511949627],[-81.877615564920035,41.320087810250598],[-81.87751637238101,41.32512287498529],[-81.877424847603805,41.329751640678616],[-81.877402321896113,41.330531349435077],[-81.877402255883396,41.330608223491112],[-81.877379310614259,41.331893115406814],[-81.877333862360658,41.33398520644792],[-81.877287239232558,41.337581920001384],[-81.877233860639194,41.340585617445875],[-81.877172615353942,41.344352615965342],[-81.877127208687142,41.346505180839237],[-81.877065880153765,41.350343546485711],[-81.87705836168756,41.35063457858147],[-81.877692258454374,41.350634879777004],[-81.879032894296216,41.350646479969292],[-81.880373519706325,41.350652562692623],[-81.881706840880383,41.350664107768274],[-81.883003723379218,41.35067012212685],[-81.884293308443773,41.350676110831316],[-81.885582883475422,41.350682077965956],[-81.886872450356051,41.350688024884342],[-81.888271293002987,41.350699480793594],[-81.889670132372927,41.350710917262411],[-81.891061686745743,41.350722334852797],[-81.892380392177643,41.350728226019903],[-81.893225535534953,41.350728477413249],[-81.893699109226318,41.350728617005743],[-81.895017836629009,41.350734493657235],[-81.896329296557056,41.350740366185221],[-81.897750072050883,41.350746272749703],[-81.899163596650979,41.350752184645813],[-81.899506055368079,41.35075228838857],[-81.900584443957285,41.350763599877787],[-81.90171384379903,41.35076942719413],[-81.902835954335814,41.350780731832558],[-81.903965351426137,41.35079202714941],[-81.90509474860022,41.350803311017927],[-81.906420882864438,41.35080914208546],[-81.90774701461757,41.350820448232383],[-81.909073148617509,41.350826247798224],[-81.91039928242796,41.350832031634305],[-81.91177642125966,41.350837810105979],[-81.913146273419102,41.350843570258185],[-81.914523411821193,41.350849314972329],[-81.915827685470688,41.350855030671731],[-81.917139245389194,41.350860732356907],[-81.918450805121338,41.350866418743976],[-81.9197550782185,41.3508720888887],[-81.92099377310825,41.350877736037873],[-81.922232466729398,41.350888860392452],[-81.922494778789343,41.350888888873442],[-81.923471160403636,41.350899971149971],[-81.92470985503968,41.350905577517771],[-81.924841011028391,41.350905588959328],[-81.92594854871912,41.350916661123598],[-81.92718724245411,41.350927731172519],[-81.928418649804598,41.350938787277066],[-81.929657343159832,41.350955321127728],[-81.930896037173184,41.350966350664415],[-81.932134730958865,41.350982857488582],[-81.933468149084348,41.350988370294012],[-81.934801566962165,41.350999358277051],[-81.936134984839441,41.351004839884837],[-81.937424684087929,41.351015797756844],[-81.938721669831224,41.351026740814071],[-81.940011369203532,41.351037669504585],[-81.94130835507525,41.351048583246978],[-81.942598055167792,41.351064973583789],[-81.943887754858622,41.351075858656728],[-81.945177454627512,41.351086729249495],[-81.946459868954179,41.35110307688209],[-81.947749568999939,41.351113918637978],[-81.949148565571193,41.351124732229302],[-81.950168667941711,41.3511355805975],[-81.950540277033667,41.351141020607628],[-81.951931987447736,41.351151801464553],[-81.953323697949642,41.351162565567478],[-81.954453097186502,41.351173358337945],[-81.955575210134057,41.351184141417363],[-81.956697323223381,41.351194913632312],[-81.957826722884363,41.35120567352687],[-81.958985266446788,41.351210925559869],[-81.960151096391712,41.351216164434447],[-81.961316926298082,41.351221391624222],[-81.962475467505769,41.351221118175651],[-81.963910894832807,41.351226254116348],[-81.965339035651226,41.351231374321507],[-81.966774460210033,41.351230984315983],[-81.968049585999111,41.351236113778953],[-81.969331998182895,41.351241227145657],[-81.970614413274703,41.351251817150704],[-81.97122647225622,41.351251625391676],[-81.971212574489115,41.352498018768756],[-81.971156300422479,41.356171312216681],[-81.971149544128238,41.357093749989197],[-81.970827079434315,41.375020128806618],[-81.97077863146167,41.379374084537496],[-81.970651915820909,41.386720590134864],[-81.970553122072587,41.392205823966641],[-81.970567785735483,41.392386932095242],[-81.970538753135287,41.392661546687002],[-81.970531715075822,41.39321611104986],[-81.970503179045835,41.39430320530699],[-81.970425782397498,41.399689679427389],[-81.970298756915312,41.407947641079815],[-81.970256425640542,41.410802857605901],[-81.970242172402408,41.411428823591663],[-81.970185561479539,41.414843978161969],[-81.97012201639329,41.418830267376073],[-81.970023082299065,41.424908402548574],[-81.969973583421975,41.428021644315585],[-81.969967331724916,41.430036771838211],[-81.969735524142351,41.447162112897999],[-81.969715245942538,41.45013260581014],[-81.969708321493428,41.450961717081974],[-81.969555307713819,41.465583312266894],[-81.969527547386789,41.468213385401377],[-81.96952939618356,41.471826200362997],[-81.969493210917378,41.472331377279808],[-81.96949393435969,41.473907238245914],[-81.96948742499535,41.475351289677597],[-81.969480418713673,41.47596620238857],[-81.969451572473275,41.476570219801204],[-81.96943760334814,41.477811033740103],[-81.969226331182497,41.493723212820363],[-81.969134190644056,41.499230410953317],[-81.9691259977795,41.500020604588038],[-81.969091157483831,41.503117887596296],[-81.969091423746505,41.503787781489763],[-81.969070149758025,41.505264762748936],[-81.969230870529913,41.505259258975904],[-81.969508444014025,41.505215203815339],[-81.969588726089782,41.505215244677622],[-81.969661752626649,41.50525912405751],[-81.969661869222264,41.50548422406446],[-81.969713117315806,41.505610527645366],[-81.969764222489147,41.505670896455584],[-81.970268285433562,41.505917759553476],[-81.970407190435736,41.506000083334293],[-81.971064635227521,41.5062469940246],[-81.971568660101013,41.506362159826139],[-81.971977784865956,41.50647731834426],[-81.972094632594008,41.506526679154504],[-81.972211555551326,41.506669358456854],[-81.972372323584793,41.506779147701813],[-81.972533079128326,41.50685596882915],[-81.972715668000959,41.50689432174061],[-81.973095490421542,41.506932619746138],[-81.973263530197329,41.50694353204797],[-81.973431566059304,41.507042358790962],[-81.973592407276456,41.507228980976777],[-81.973753177614668,41.507338678225409],[-81.973979659431208,41.507459436206119],[-81.97468826343696,41.507623921587857],[-81.975053434955541,41.507667742630254],[-81.975557411580866,41.507634535879141],[-81.97573277056604,41.507661956466166],[-81.976025046023381,41.507974823452585],[-81.976324626674824,41.508183318975462],[-81.97678493049645,41.508369905657759],[-81.976916538693999,41.508452193907019],[-81.977106369415921,41.508501557791881],[-81.977464386183868,41.508523364018721],[-81.977610509522108,41.508550761200318],[-81.977836986419433,41.508638544051458],[-81.978939893445713,41.50865452558422],[-81.979078671580467,41.508687478546705],[-81.979246784874888,41.508758733263555],[-81.979677856099002,41.509016629440033],[-81.979992092658193,41.509186708337182],[-81.980371935908622,41.509312898461907],[-81.981022139690097,41.509488296808534],[-81.981876905067764,41.509680135016552],[-81.982052278508149,41.509723940764204],[-81.982227643729843,41.50982278286034],[-81.98251997739203,41.510097171330827],[-81.982651549505817,41.510168464639861],[-81.982892647044963,41.510239719469013],[-81.983440474540231,41.510316359670156],[-81.983995714870005,41.510502826876809],[-81.984258697261552,41.510563082350558],[-81.984499760077441,41.510568489102859],[-81.984755423583991,41.51054098243403],[-81.984960010171591,41.510535352123881],[-81.985025733595734,41.510562801224957],[-81.985091531649545,41.510650600520542],[-81.985303423005092,41.510771283472785],[-81.985661483239184,41.51091394955953],[-81.985873326196739,41.510952212585032],[-81.986391907707173,41.510940998537862],[-81.986472250894721,41.510968411307338],[-81.986764704159825,41.511336197757437],[-81.986969485399243,41.511643576423239],[-81.987028088836027,41.511912579263026],[-81.987130584617915,41.512104729997318],[-81.987225590096273,41.512198041759397],[-81.987386311387226,41.512302317559225],[-81.987539774904533,41.512362608517201],[-81.987715112148408,41.512395508059889],[-81.988445588116747,41.512417050754323],[-81.988708570797741,41.512460903943456],[-81.988810951052656,41.512526767963578],[-81.988869409205606,41.512620033138653],[-81.98889146011426,41.512746309558885],[-81.988957265212065,41.512834106846007],[-81.989081481545753,41.512877984120657],[-81.989176426813415,41.512872481820665],[-81.989475779580573,41.512762530928541],[-81.989607356837652,41.512762477405815],[-81.98976808130071,41.51286666027854],[-81.989870300362242,41.512866679526532],[-81.990023625032293,41.512712859008879],[-81.990403436883696,41.512685172212336],[-81.990666398158979,41.512696054376981],[-81.990761447487387,41.512728922440012],[-81.990929448883989,41.512838715911776],[-81.991068296608915,41.512899039095814],[-81.991199834259007,41.512959335170741],[-81.991404378819979,41.512942796833755],[-81.991754895132971,41.512832850349142],[-81.992010535480318,41.512772273404927],[-81.992229592848034,41.512662380547127],[-81.992324535287139,41.51265678627702],[-81.992682580839244,41.512749982958965],[-81.992909003062863,41.512832246440375],[-81.993018648364455,41.512887055291095],[-81.99315752288463,41.512925487845543],[-81.99327440681526,41.51293636718686],[-81.993318169797504,41.512969316670464],[-81.993245321669605,41.513095601765563],[-81.993252594657733,41.513155979484957],[-81.993398814835615,41.51324379966853],[-81.993603393463658,41.513276619319512],[-81.993727528617654,41.513314998614632],[-81.993793401531804,41.513375409834914],[-81.993851939671259,41.513512628726772],[-81.993749661343017,41.513595031783971],[-81.993494162826295,41.513688488216808],[-81.993413801258384,41.513754397886004],[-81.993421254196861,41.513842247108329],[-81.993457755432601,41.51388615848731],[-81.993567392206742,41.513924573198857],[-81.994027700233161,41.514012197705902],[-81.994334488568228,41.514083404641902],[-81.994429457497247,41.514055920322228],[-81.99449517393623,41.514011935133432],[-81.994590094480429,41.513973461941319],[-81.994597501860824,41.514160124161172],[-81.99467803377263,41.514379751498112],[-81.994758538941369,41.514456519372118],[-81.99489733344106,41.514489456172029],[-81.995109165972153,41.514494827729941],[-81.995357486899991,41.514472680126552],[-81.995949173711679,41.514499890486604],[-81.996087954468223,41.514516252348351],[-81.99624871229399,41.514488737016954],[-81.996343619336656,41.514433778986266],[-81.996540581971018,41.514219493594467],[-81.996730441203312,41.51406571013726],[-81.99679618150482,41.514054691298327],[-81.997139434020056,41.514065495561908],[-81.997417104002778,41.514136677971059],[-81.997629020049501,41.514147629687038],[-81.997986790279526,41.514081471631627],[-81.998147447950814,41.514031976680897],[-81.998468886825606,41.513987930990695],[-81.998724447403333,41.513883475943629],[-81.998885019428712,41.513828486285561],[-81.999294142672781,41.513844747668614],[-81.9995206712872,41.51394888711129],[-81.999805652768643,41.514020090835515],[-82.000004019914769,41.514042102239671],[-82.000209617933365,41.514003968994466],[-82.000391850501757,41.514047808821914],[-82.000494372621034,41.514130243434977],[-82.000633081122146,41.514135814973159],[-82.001056509211494,41.514152559994336],[-82.001721797163341,41.514174802245932],[-82.002108503790708,41.514219002679589],[-82.002400897547744,41.514301564052836],[-82.002787810449306,41.514439077527051],[-82.003131159637007,41.514543468655503],[-82.003532680507135,41.514681042176434],[-82.003934370504723,41.514796487152815],[-82.004329090114055,41.514868159825554],[-82.005044966672557,41.514961785614602],[-82.005548524730415,41.515005958336488],[-82.005774868608711,41.515011554062113],[-82.006037643813627,41.515028111074948],[-82.006475849432533,41.51502294286751],[-82.006739620281039,41.515028524361533],[-82.006884927386182,41.515006671058217],[-82.007053427596816,41.514935342842243],[-82.007235867236005,41.514831139091378],[-82.007425990907251,41.514919085527104],[-82.007630054716671,41.514974156314402],[-82.007856981818549,41.515023663101715],[-82.008258509846101,41.515040288913546],[-82.008623565191215,41.515051441337086],[-82.009054303784168,41.515068188092378],[-82.009434589812543,41.515117825967707],[-82.009792096957568,41.515161877279773],[-82.0101284853707,41.515222477102363],[-82.010405744676774,41.515255552601964],[-82.010815285365439,41.51529964876292],[-82.011187276806325,41.515360224067763],[-82.011428649474041,41.515431741017871],[-82.011596000776535,41.515514095605532],[-82.011764182286413,41.515607603132317],[-82.011932691211257,41.515657199160039],[-82.012180783628324,41.515684658635479],[-82.012472814459727,41.515695834966337],[-82.012706586339206,41.515684981131606],[-82.012845625490229,41.515646626812654],[-82.012991381764181,41.51556421636068],[-82.013188500429038,41.51544908675627],[-82.013437570362612,41.515344809766908],[-82.013744065825492,41.515251751068178],[-82.014109774230022,41.515175063702515],[-82.014584111112697,41.515098315081239],[-82.015168939785909,41.515016365648371],[-82.01549792967613,41.514966965874287],[-82.015855540703598,41.514873771967473],[-82.016199111532643,41.514703842852661],[-82.016527528378319,41.514484276333143],[-82.016783383601421,41.51432512964994],[-82.016966435770883,41.514259336756929],[-82.017265458280903,41.514188022439868],[-82.01783603393126,41.51405659857668],[-82.018726541834383,41.513864747246032],[-82.019515921111392,41.513645539559008],[-82.019625580240074,41.513629183308268],[-82.019881694202766,41.513557856137446],[-82.020005086511517,41.513535895741697],[-82.020173004951175,41.513541564754028]]]},"properties":{"NAME":"Lorain"}},{"type":"Feature","geometry":{"type":"Polygon","coordinates":[[[-81.878137975892969,41.2749816293789],[-81.878829370835632,41.27497647075181],[-81.880095708520116,41.274966080895609],[-81.881362036580768,41.274955669625008],[-81.882475515479669,41.274956153222313],[-81.883596270698064,41.274951133453087],[-81.884717015183526,41.274951588649429],[-81.885830482130217,41.274946535695911],[-81.887133159874509,41.27494153955746],[-81.888428556468114,41.274936523307353],[-81.889731233378527,41.274926003493235],[-81.891033906349335,41.274920960316962],[-81.892249248224459,41.274921367123262],[-81.893464595495644,41.274921765806283],[-81.894672677034819,41.274916665599413],[-81.895757048416414,41.274911522213749],[-81.896834152363382,41.274906375309385],[-81.897918553397375,41.274890249892103],[-81.899395975356342,41.274879745385284],[-81.899548813254825,41.27487979524053],[-81.900807914312935,41.27487471160881],[-81.902219853100291,41.274869660984209],[-81.90363179076185,41.274864592704375],[-81.905043727305852,41.274859506776473],[-81.906455662741152,41.274854403208046],[-81.907867597076446,41.274849282007516],[-81.909279530321001,41.274844143183543],[-81.91069146248411,41.274838986745536],[-81.912096115593783,41.27483381111513],[-81.913508045628276,41.274828619569391],[-81.914919974611095,41.274823410440085],[-81.916331902552869,41.274818183738361],[-81.917743829464257,41.274812939475652],[-81.919155755356257,41.274807677663617],[-81.920567680240225,41.274802398314449],[-81.921979604127728,41.27479710144047],[-81.923391527030731,41.274791787054319],[-81.924665168091522,41.274786440372267],[-81.924854394543118,41.274786460578028],[-81.925931530412285,41.274781078758451],[-81.927205169879684,41.274775703708187],[-81.928420583696365,41.274781291817774],[-81.929635997824448,41.27478137613943],[-81.930844133017658,41.27478693799587],[-81.932059545853846,41.274792487398813],[-81.933274958414543,41.274798023890853],[-81.934483092790458,41.274803547322925],[-81.935647559517264,41.27480356667553],[-81.93680474791006,41.274809065035761],[-81.937961936000121,41.274809060881488],[-81.939119123888148,41.274814535905065],[-81.940276311293431,41.274814508431803],[-81.941659113357318,41.274814460327399],[-81.943041915422896,41.274819886439346],[-81.944424716568165,41.274819805106688],[-81.945807517218654,41.274819707179326],[-81.947139372128945,41.27481959718228],[-81.948478505491011,41.274824961915435],[-81.949817638660917,41.274830311115188],[-81.950152421642244,41.274830273282276],[-81.951149492547884,41.274830154861384],[-81.952568682029451,41.274835462303287],[-81.953987869876428,41.274835261510901],[-81.955407058901486,41.274840534144083],[-81.956615187505392,41.274840334703228],[-81.957823315846099,41.274840122670504],[-81.959031445820429,41.274845388869338],[-81.960239573774189,41.274845151670171],[-81.961578705391091,41.274850364872314],[-81.962925114851728,41.274855560995768],[-81.964264246419035,41.274860743233432],[-81.96560337554871,41.274860419232311],[-81.966811505280873,41.274865604502857],[-81.968012354545465,41.274865288371757],[-81.969220481545037,41.274864957820007],[-81.970421330546543,41.274864616833604],[-81.971782295576489,41.274869706211035],[-81.972684751715946,41.274869431255716],[-81.972691929363393,41.274688232624378],[-81.972961028915478,41.261131833264656],[-81.972953269113489,41.260242376161507],[-81.973016782898625,41.256613127759145],[-81.973080859281396,41.254027044732588],[-81.973109271422018,41.252758698663484],[-81.973144900919891,41.251386017814589],[-81.973180226167557,41.250019426558431],[-81.973181043845756,41.249542919108819],[-81.973223715798966,41.247780386227383],[-81.973230502975284,41.246885405039222],[-81.97325185547065,41.24601238496156],[-81.973273355279943,41.245408408464399],[-81.973287270358327,41.244211453334714],[-81.973301350110219,41.243316485206321],[-81.973322710243593,41.24242700814856],[-81.973344084791208,41.241559496190177],[-81.973358177192807,41.240670027638501],[-81.973372269222651,41.239775070861853],[-81.973393636438445,41.238880113020691],[-81.973400649239863,41.238364005099783],[-81.973392991572652,41.237600831944967],[-81.97339264352749,41.236909032370875],[-81.973421166397586,41.23577798331943],[-81.973434809682942,41.233993570128995],[-81.973462986852525,41.23220914169697],[-81.973483871596585,41.230424699709069],[-81.973504722192914,41.228629252475905],[-81.973533319865552,41.227739747096706],[-81.973568147631781,41.22504924697175],[-81.973595703415114,41.222369723775977],[-81.97359536758016,41.221782207242128],[-81.973644736656553,41.219097183679743],[-81.973694110937856,41.21642313930991],[-81.973750755178173,41.213749089652495],[-81.973807394492155,41.21106954581758],[-81.973870789221422,41.207489497568559],[-81.973870094871842,41.206270529698443],[-81.973934695083287,41.20480994170844],[-81.974020405206858,41.202124882903206],[-81.974026658655418,41.200340348473048],[-81.974026261874315,41.199643007596677],[-81.979005935754088,41.19965223717287],[-81.985628546905261,41.199677032064201],[-81.989096150599735,41.199691962375809],[-81.990433757975964,41.199696830803191],[-81.997376222887368,41.199715317617432],[-81.999542560019606,41.199719639125952],[-82.000003993798913,41.19971938485731],[-82.000378666484934,41.199720993962359],[-82.003257364387039,41.199771895030864],[-82.006034337693251,41.199767766222898],[-82.007858990095386,41.199774115212023],[-82.009996241489006,41.19976959233982],[-82.014532445156505,41.199760532202696],[-82.01628439706937,41.199772207643846],[-82.024600754474008,41.199764151136236],[-82.028519023759216,41.199781791210718],[-82.033847581705643,41.199799635125665],[-82.047550617373915,41.199862417485967],[-82.048255759817437,41.199867986473357],[-82.049295298316878,41.199884566217591],[-82.050247604673544,41.199890147057488],[-82.053889634805572,41.199879436772193],[-82.054907366905994,41.199879491905918],[-82.056441233890695,41.199885048735332],[-82.058811094564376,41.199890601253536],[-82.061747976260293,41.199890609920637],[-82.062649395570517,41.199907069882563],[-82.072659490279051,41.199857041189254],[-82.072702969028626,41.199099310953763],[-82.072753265150055,41.19588720878432],[-82.072803833535374,41.194185067569038],[-82.07281804578426,41.19243351406746],[-82.072839780082873,41.192049158815983],[-82.07287586487989,41.190670975424936],[-82.072926393618943,41.188815095805545],[-82.072955131694002,41.187052562292337],[-82.073005671436292,41.185279043859147],[-82.07304894757462,41.18352748735272],[-82.073099481046597,41.18172102069488],[-82.073135475570524,41.179892590726148],[-82.073142713083953,41.179733357578556],[-82.073178765183116,41.178212409292321],[-82.073222016779141,41.176329067622312],[-82.07327255826776,41.174572011675018],[-82.073308560918619,41.172787501985582],[-82.073351835850758,41.171035935022537],[-82.073387850174939,41.169317312428866],[-82.073438489983189,41.168109331609095],[-82.073445645755825,41.167510833697968],[-82.073496169106008,41.165676900582561],[-82.073546706435991,41.163925328464302],[-82.073611764058469,41.162124336579346],[-82.073676819625774,41.160323343710623],[-82.073727343326453,41.158522351410724],[-82.073799673937856,41.156798227360689],[-82.0738647284482,41.155024685853945],[-82.073929774752472,41.153218198541936],[-82.07396577874141,41.151499566610433],[-82.074001767019013,41.14969857144677],[-82.074052273122035,41.147848156387994],[-82.074095527606005,41.146069121985576],[-82.074138784293808,41.144306559195932],[-82.074189318416302,41.142626357334109],[-82.07437700773626,41.136388737460038],[-82.077783080404416,41.13638832888595],[-82.07873446072206,41.136404669398033],[-82.081232731401911,41.13640428552133],[-82.084878470558621,41.13642559215743],[-82.0880158259627,41.136435923952121],[-82.091225663995615,41.136457217134648],[-82.094856544922479,41.136478403936138],[-82.098458299217427,41.136510514737374],[-82.104797644719497,41.136547222816453],[-82.111304192802322,41.136594403585804],[-82.118617147579968,41.136646163162609],[-82.125004026776466,41.13668684132778],[-82.131137140938861,41.136744957987773],[-82.136620423286146,41.136796896457042],[-82.141421168203891,41.136842802541736],[-82.145611951938605,41.136855339488669],[-82.150165946995529,41.136878813153672],[-82.154654568567253,41.136902088060822],[-82.159222974063951,41.136925214669631],[-82.163703983831013,41.136953652455247],[-82.170036783629058,41.137037123125879],[-82.170080565815113,41.136246463903021],[-82.170139520736072,41.132990465751014],[-82.170257061097914,41.127785261154578],[-82.170337099617782,41.12502365654305],[-82.17035569998113,41.12306029794717],[-82.170407054579101,41.120561989966085],[-82.170443896354357,41.118107625191271],[-82.170495275249081,41.115565406732543],[-82.170561148920314,41.113122020906438],[-82.170612440890679,41.110947679063983],[-82.17064189493783,41.109036890452415],[-82.170671418575395,41.10680214407661],[-82.17070099762806,41.104309328902723],[-82.170730459905243,41.102349119144343],[-82.170760037817459,41.09985630112142],[-82.170833417976951,41.096199437425412],[-82.17087012238521,41.094299624459815],[-82.170921300270237,41.092586500219632],[-82.170972555857929,41.090510982778724],[-82.17102377879992,41.088578226122351],[-82.17107511813991,41.086107370783616],[-82.171119065012476,41.084251484732789],[-82.171170366238172,41.081945354143613],[-82.171207102340531,41.079875326803325],[-82.171243816525347,41.077904134490765],[-82.171295117090494,41.075592515382475],[-82.171331827078276,41.073637797200412],[-82.171404862930629,41.071457962118551],[-82.171485200212757,41.069058497907058],[-82.17151464479339,41.067142218054911],[-82.171551340616588,41.065242412743409],[-82.171602502159075,41.063534787707923],[-82.17168999674665,41.061541647883487],[-82.17177749956339,41.059488107714081],[-82.171807053665404,41.057044712129269],[-82.171851036459969,41.054947235335781],[-82.171931383556213,41.052388533758858],[-82.172040741298488,41.049807869658181],[-82.172055361586857,41.049280753991994],[-82.172128505595595,41.046436523119837],[-82.172179699394391,41.044465326662106],[-82.17226003787782,41.041851706314809],[-82.172318601478295,41.039309461808656],[-82.172391755165734,41.036349913981532],[-82.172450324812118,41.033752757016451],[-82.172523372191037,41.031254435127792],[-82.172581916288863,41.028750618977924],[-82.172640508825651,41.026010694860823],[-82.172699063474894,41.023435494362829],[-82.172764860536162,41.0208822565193],[-82.172816188924457,41.018175271223633],[-82.172896512404563,41.015462796748977],[-82.173013074718469,41.012750324749121],[-82.173122345762948,41.010202575780895],[-82.173209821130555,41.00786347530164],[-82.17330459808602,41.005244339110995],[-82.173421110010736,41.00263069400085],[-82.173529627481216,41.000024095222841],[-82.173555341138268,40.996546329842083],[-82.173621307615832,40.991977929984671],[-82.168309679928441,40.991999311986113],[-82.152657093352744,40.991924969078667],[-82.138997207082951,40.991832805373335],[-82.129475329802517,40.991729872470209],[-82.126308656061411,40.991678897838348],[-82.125004015150097,40.991716673855109],[-82.124966966793423,40.99171664571687],[-82.116481414996201,40.991721048780818],[-82.103974684931728,40.991561180365913],[-82.091410671681587,40.991415998622962],[-82.079273315066573,40.991220575027796],[-82.07870084768274,40.991209681153499],[-82.06651240754934,40.990963779228061],[-82.053932725778736,40.990782452987311],[-82.041403772458608,40.990616255352847],[-82.028925659449854,40.990459695545631],[-82.016766436202175,40.990345842598892],[-82.004136050398614,40.990214056694711],[-82.000730266627812,40.990146456529665],[-82.000003976520048,40.990091041332064],[-81.99853033197374,40.990037017430446],[-81.99686360021235,40.989999478189787],[-81.994283817120277,40.989984343483428],[-81.989972042739964,40.989958979689419],[-81.987232760484233,40.989954720906439],[-81.984254288962489,40.989950483871411],[-81.979333551641687,40.989941379225719],[-81.977550747295254,40.989925527488609],[-81.974485180022171,40.989904561975756],[-81.969694762588006,40.989851044223265],[-81.964795739927837,40.989813843419284],[-81.959846221571837,40.989765514255346],[-81.954940324209929,40.989711503406589],[-81.950092405377021,40.989673745726527],[-81.945266224858742,40.989624796961309],[-81.940360335122037,40.989581137781407],[-81.935505172049872,40.989542760287996],[-81.930606531050131,40.989493193899222],[-81.92576586338599,40.989448917003529],[-81.92099041694037,40.989398956629742],[-81.91602656324855,40.989348768526469],[-81.909628022750127,40.989292499299658],[-81.900338866460274,40.989218191171958],[-81.892375766952611,40.989143691656523],[-81.892064192465369,40.989143561238599],[-81.887919495295279,40.989108828119427],[-81.886665930234727,40.989086304854617],[-81.8852891630644,40.989074698624769],[-81.880557373489651,40.98900657878967],[-81.880463165983144,40.98901202413338],[-81.87500393831165,40.988910384046655],[-81.87074653466135,40.988846775025131],[-81.862441861486786,40.988762995432573],[-81.861028749495375,40.988747166012345],[-81.854209529791987,40.988667701663523],[-81.845890159269473,40.988555426007999],[-81.841904415823421,40.988507229946045],[-81.838599894805327,40.988453198471348],[-81.830512613756056,40.988279122042378],[-81.829889402523193,40.988268241404811],[-81.827860339663602,40.988219127940752],[-81.826882043994729,40.988202789527534],[-81.822483354279683,40.98820878453261],[-81.814417871031338,40.988231230698474],[-81.806345131698336,40.988236633935202],[-81.804924793460017,40.988236559811263],[-81.80361315655253,40.988220002120237],[-81.7982796448253,40.98822499850062],[-81.796359293458011,40.988219268956144],[-81.793924434213309,40.988213429888027],[-81.790177939174455,40.988218286338501],[-81.78585170459165,40.988217388248572],[-81.781612204641704,40.988216165610233],[-81.775198313325362,40.988202798232216],[-81.773567640242874,40.988207612156437],[-81.765472391300378,40.988193027622081],[-81.764878124202625,40.98819275206732],[-81.760986461809026,40.988185430119799],[-81.758015244302953,40.988178510996669],[-81.757421011504377,40.988172730927289],[-81.75442087808598,40.988160268802027],[-81.751659904769511,40.988169851078275],[-81.750529438834235,40.988169264600167],[-81.750003899739355,40.988185353956645],[-81.749376460622415,40.988185754465817],[-81.733050001255094,40.988336656636221],[-81.73134703752325,40.988331919693749],[-81.729093345363168,40.988354852694819],[-81.725962812935208,40.9883945758558],[-81.720324925890679,40.988446106386924],[-81.719737944173104,40.988446308746994],[-81.714737733897721,40.988464345277805],[-81.713679723198624,40.988481108409026],[-81.709288225605377,40.988487642390808],[-81.706570709803273,40.988482705758024],[-81.703715507046454,40.988483220574935],[-81.702389361838684,40.988494418519061],[-81.700860302903664,40.988483665547228],[-81.695244100935511,40.988500809880897],[-81.689294543643996,40.988512204556002],[-81.688642338544014,40.988512230959223],[-81.688635110711857,40.98898448411996],[-81.688533846660334,40.993789381987625],[-81.688387215644866,41.000024962490258],[-81.688358616687026,41.001380129301808],[-81.688322406053331,41.003483298149781],[-81.688213789823052,41.011956359430648],[-81.688141348849214,41.016190134754105],[-81.688105131228923,41.018776523704673],[-81.688018194485863,41.024470965125673],[-81.687981967310634,41.026821223562493],[-81.687981981050484,41.02804028207985],[-81.687989248668515,41.029478990174589],[-81.68788782953429,41.03859445624704],[-81.687858838209692,41.040181423586084],[-81.687858860449381,41.042180232347015],[-81.68780815984465,41.048368844535929],[-81.687808188867891,41.050922261186642],[-81.687793727742189,41.05490888171569],[-81.687779248461339,41.05736894239827],[-81.687728522289873,41.062124321523683],[-81.68772852272761,41.062162759885034],[-81.68772853414076,41.06315117486821],[-81.687728548580353,41.064331782210161],[-81.687735819296762,41.065534354935792],[-81.687692337186107,41.069021270590611],[-81.687670579280947,41.069597847738471],[-81.68763435118926,41.072859628167471],[-81.687656154732963,41.074990219808051],[-81.687634407085085,41.076187305483714],[-81.687605416871023,41.078169635876371],[-81.687569254351885,41.084605347747839],[-81.68756928073968,41.085928732311935],[-81.687583840565452,41.088114238584659],[-81.687598404737003,41.090393095397019],[-81.687605684599902,41.091392497539104],[-81.687620229179274,41.092666460537401],[-81.687642057277912,41.09497826368144],[-81.687605792076312,41.096109454918896],[-81.68762762391566,41.098476169198285],[-81.687547859215954,41.101935634866912],[-81.687497182513681,41.107756317832482],[-81.687439214911251,41.112407368792411],[-81.687410230044577,41.114746620914566],[-81.687227249260843,41.125024956441081],[-81.68718385404955,41.128989738531338],[-81.687147540599625,41.13258645442491],[-81.687111225966959,41.135864680816006],[-81.687038594586582,41.13879696224641],[-81.686987749805851,41.140938515263286],[-81.686951429369259,41.143590745388991],[-81.686864257026315,41.148181352202101],[-81.686740752848067,41.153304597146402],[-81.68669715775998,41.156094100748554],[-81.686668091347215,41.158861638579403],[-81.686617224127204,41.162990978435253],[-81.686595425688552,41.163424778543693],[-81.686573625839699,41.164325325598362],[-81.686537292704273,41.165467482613998],[-81.686508218912579,41.168575466810942],[-81.686421007296047,41.17219961582871],[-81.686333784578295,41.176345420168275],[-81.686304701671418,41.178942724162056],[-81.686268351112091,41.18110622811237],[-81.686188379250225,41.184697423336225],[-81.686137479997072,41.187338652863808],[-81.686101128404786,41.188349018835794],[-81.686057498507012,41.190292874490702],[-81.686013845794562,41.194510049815037],[-81.685992029587979,41.195405100702146],[-81.685919272148794,41.202093266963857],[-81.685904723490779,41.203043227336885],[-81.685868350995776,41.205415381870409],[-81.685802880761415,41.209292094811218],[-81.685788332218692,41.210044374434375],[-81.685759237203854,41.211246923334215],[-81.685744693891351,41.211351253952117],[-81.685722860474556,41.213525725416922],[-81.685671940442475,41.215650775963326],[-81.685686482366648,41.215810017600838],[-81.685344417692022,41.239652263317524],[-81.685358965076716,41.239762084788204],[-81.685264339275307,41.244198862130673],[-81.68521338081139,41.246549034906295],[-81.685184266255277,41.247460550132317],[-81.685167745766876,41.250024923696508],[-81.685152924021111,41.255753559972952],[-81.685109265393564,41.257516211897254],[-81.685094648113278,41.259476504440293],[-81.685080009700783,41.259937795233334],[-81.685072685326645,41.261167775444875],[-81.685058137843058,41.261694913390848],[-81.685050725569056,41.263841897095304],[-81.68503611985156,41.266065761060858],[-81.685036078029981,41.266164577833266],[-81.685028779933674,41.267054150135422],[-81.685021589226196,41.26712004057643],[-81.684977735834465,41.272188319232079],[-81.684970297156738,41.274697690702332],[-81.684970260929063,41.275927717915152],[-81.684963012294176,41.277130223871509],[-81.686156670666762,41.277119242721611],[-81.687575996724149,41.277108252667411],[-81.688456704212925,41.277097314385991],[-81.689337290968467,41.2770862799144],[-81.690407309338482,41.277069778902074],[-81.691477207624061,41.277053268516859],[-81.692554389165494,41.277036794297835],[-81.693879087703039,41.2770202593601],[-81.695211010006673,41.276998170496732],[-81.696535767557549,41.276976109329759],[-81.697838551350458,41.276964975355405],[-81.699148677009248,41.276959366680941],[-81.700160360967772,41.276948262388132],[-81.700458862820241,41.27694824766558],[-81.701572452251824,41.276953625484516],[-81.702023664067568,41.276975555657827],[-81.702853497186879,41.276986434699246],[-81.703130030288207,41.276975377317058],[-81.704534778673931,41.276975163410832],[-81.70492056248689,41.276975143009032],[-81.705932243743291,41.276974976737002],[-81.707336932107083,41.276969233585284],[-81.708639770993969,41.276963469705812],[-81.709935386242009,41.276952240575952],[-81.711238223948229,41.276946446767631],[-81.712344469427904,41.276946269110759],[-81.71372736370013,41.276934906544447],[-81.715110318090098,41.276929111585076],[-81.716493211784609,41.276917805288576],[-81.717868820714983,41.276906437468703],[-81.719251773047418,41.276900591904351],[-81.720634664328855,41.276889235019524],[-81.722017553770016,41.276877771179969],[-81.723400384630821,41.276871875714768],[-81.724783273481236,41.276860468202862],[-81.725460210458465,41.276854759541528],[-81.726166160484141,41.276848953757089],[-81.72754910865352,41.276843006953186],[-81.728931978014131,41.276831540285492],[-81.73030752856306,41.276819995863157],[-81.731690276902739,41.276813960158272],[-81.733073060359416,41.276802311990139],[-81.734455829063876,41.276790729921437],[-81.735540244860516,41.276801227390514],[-81.736624714552633,41.276806217690996],[-81.737789042567442,41.27678915140303],[-81.738946270274965,41.276777615042867],[-81.740110600492642,41.276760527700205],[-81.741355108540489,41.276748946872161],[-81.742599622308774,41.276737266581996],[-81.743844145421235,41.276725667761745],[-81.745161393693081,41.27672493824921],[-81.746471490889149,41.276724246818127],[-81.747788763710474,41.276723500434997],[-81.7488877946532,41.276722908681485],[-81.750003923141648,41.276711688322216],[-81.750894272402135,41.276717739778967],[-81.751796791493888,41.276729173637577],[-81.753077775535843,41.276718957562686],[-81.75435140563161,41.27671410045069],[-81.75563224540042,41.276703877158063],[-81.756971386251578,41.276677143893544],[-81.758310578073278,41.276655899148352],[-81.759649696772783,41.276629151749901],[-81.760377486484856,41.276618547591319],[-81.761097992070674,41.276607987861198],[-81.762327869688846,41.27660310308125],[-81.763557745516053,41.276598206311675],[-81.764787742519459,41.276593384586839],[-81.765886645270911,41.276577426900566],[-81.766992899519522,41.276566990857866],[-81.768186370886411,41.27655100615668],[-81.769372754871213,41.276540540215848],[-81.770566253832399,41.276524595749819],[-81.771752671791461,41.276514073638282],[-81.772946212320065,41.276498065855009],[-81.773928853359834,41.276487413540451],[-81.774547511823869,41.276482083626362],[-81.774911374482855,41.276476753490236],[-81.775894014442798,41.276466084126618],[-81.776738205763905,41.276449854435434],[-81.777582570172058,41.276428122495496],[-81.778979944821373,41.276423092757703],[-81.780370154496353,41.276418004267178],[-81.781760297053694,41.276407314308884],[-81.783150386085126,41.276402192537958],[-81.783965518285811,41.276402410880024],[-81.784780716113886,41.276408117704918],[-81.785297460199089,41.276397298331418],[-81.786185465465977,41.276380969716087],[-81.787590093953199,41.276353805159097],[-81.788660007887628,41.276343058705493],[-81.78972263865117,41.276332352119425],[-81.79095265059091,41.276310577193378],[-81.792175445220707,41.276294333391405],[-81.793405456328372,41.276272621985143],[-81.79463546534204,41.276250807201144],[-81.795858190715265,41.276229029461092],[-81.797088197738731,41.276207188159056],[-81.798441901188298,41.276185466568478],[-81.799803004460514,41.276163587391402],[-81.799853867858104,41.27616359431206],[-81.80115670572286,41.276141833543896],[-81.802481361270353,41.27609801673696],[-81.803849625137516,41.276076129399172],[-81.805217955402611,41.276059719974654],[-81.806586218315999,41.276037889923039],[-81.807954479037676,41.276015953427262],[-81.809315575469043,41.275994050934599],[-81.810574637696433,41.275966635418051],[-81.811688221073069,41.275944645867938],[-81.812794469766331,41.275928192070857],[-81.813908000384885,41.275911676112329],[-81.815021649728052,41.275895148508816],[-81.816091531177165,41.275873155419298],[-81.817168695502374,41.27585119074439],[-81.818245857883397,41.275829125916168],[-81.819323020569328,41.275807141082126],[-81.820683988177919,41.275785104721606],[-81.822037739995054,41.275768508521061],[-81.823398705612931,41.27574644013297],[-81.824759669044141,41.275724265640619],[-81.825152772972388,41.27571874591753],[-81.825349231165347,41.275713283879263],[-81.826120751943307,41.27570216434183],[-81.827481714408918,41.275680047893339],[-81.828842745365691,41.275663409725752],[-81.830203704720887,41.275641171238014],[-81.831564664178217,41.275619006858548],[-81.832925741987395,41.275596825667897],[-81.83428669938192,41.275574629406648],[-81.835647724726599,41.275557821416911],[-81.837001397686535,41.275535646279749],[-81.838362470378954,41.27551331144759],[-81.839723423833107,41.275491051676049],[-81.841084376290638,41.275468776040874],[-81.842445447145508,41.275446483681755],[-81.843806347916328,41.275429581408964],[-81.845167416939915,41.275407257382959],[-81.846455556534366,41.275395902773845],[-81.847736460250616,41.27537900243518],[-81.849024718224385,41.275367618715407],[-81.850305693291517,41.275356274629985],[-81.850458519941071,41.275356226909651],[-81.851593829919508,41.275344860368016],[-81.851841288357022,41.275322758779943],[-81.852925750373487,41.275322360319663],[-81.854002923789238,41.275321988069727],[-81.854723366896152,41.275305163170103],[-81.854781608189867,41.27532166309264],[-81.856135308945227,41.275304580622993],[-81.857496238540634,41.27529290743427],[-81.858849882777122,41.275281352432131],[-81.86021085226065,41.275264134378226],[-81.861564490986183,41.275252448524583],[-81.862918177417498,41.275235342114037],[-81.86427909885856,41.275223574018547],[-81.865632739812852,41.275211851710765],[-81.866971837406737,41.275183656689748],[-81.868303655138448,41.275155511602875],[-81.869642758008027,41.275127306917163],[-81.870974653870732,41.275104558823813],[-81.872313764667695,41.275076437731606],[-81.87365287775026,41.275048223485349],[-81.875003961577207,41.275013063862325],[-81.876303949086079,41.274991698765426],[-81.877570301069639,41.274986842579594],[-81.878137975892969,41.2749816293789]]]},"properties":{"NAME":"Medina"}},{"type":"Feature","geometry":{"type":"Polygon","coordinates":[[[-81.391780967303276,41.348285585243097],[-81.391797634837658,41.34508429181831],[-81.391776007117272,41.344826204116885],[-81.391783766291724,41.344106910398573],[-81.391813505875305,41.343206393715043],[-81.391822827173243,41.340356478991254],[-81.391845020381126,41.339752521298387],[-81.391837824957037,41.3397085877818],[-81.391978837474738,41.325124201249785],[-81.392049298973092,41.31788689034272],[-81.39204373028798,41.31550379474389],[-81.392046329494605,41.311692925397388],[-81.392048916748763,41.307860073916366],[-81.392057650589919,41.305630688732805],[-81.39203971076526,41.299908952762166],[-81.39204005881345,41.299409194844721],[-81.392041849837057,41.296839332279767],[-81.392051111541349,41.29396200413202],[-81.39205955163979,41.292182828536752],[-81.392060151297073,41.291386619592281],[-81.392061731253918,41.28898150839742],[-81.392063942249408,41.285626421592745],[-81.392072035768578,41.284566615170149],[-81.392087978996813,41.282545909292942],[-81.392164697894088,41.27646170617119],[-81.392187664072935,41.274688058310645],[-81.392187710310253,41.274616625318586],[-81.392218010026923,41.272793588130284],[-81.392255599041576,41.270794780563946],[-81.392278969911658,41.268439126213764],[-81.392308628754932,41.267538591822493],[-81.392361668022303,41.264183494142628],[-81.392394667741073,41.258170578698412],[-81.392409469187072,41.257912540631374],[-81.392394880520371,41.257868631568513],[-81.392396382236669,41.255556826439552],[-81.392411123837846,41.255348152069196],[-81.392396666627604,41.255166961381768],[-81.392397804765722,41.25354705760585],[-81.392385576662619,41.2500161527839],[-81.392343977177873,41.247188292566364],[-81.392338305691695,41.244882021759217],[-81.392323785552193,41.244838086866345],[-81.392324405868294,41.243959515483496],[-81.392347203063125,41.242597746682144],[-81.392325617854709,41.242262785062074],[-81.392305630667934,41.23973692372207],[-81.392321138798152,41.23844106947822],[-81.392309065006046,41.235146530955781],[-81.392297010018154,41.231884967119896],[-81.392291964754122,41.2289913013188],[-81.392279742992201,41.225960349950668],[-81.392287484632789,41.225345375259423],[-81.392311022887213,41.223061163372549],[-81.392313313526756,41.219914802367079],[-81.392300850692394,41.216916606921913],[-81.392331354697887,41.214862903851134],[-81.392324920146294,41.213649342389431],[-81.392319616146281,41.210799398129623],[-81.392322158201225,41.207120281885551],[-81.392302818109968,41.203545489425601],[-81.392303300629962,41.202848104438999],[-81.392312455591238,41.200124461791575],[-81.392321188571685,41.198010344587559],[-81.392301207624342,41.195369059156157],[-81.392264977546617,41.195198817338792],[-81.392294721438375,41.194237865066029],[-81.392304044418736,41.191272609718155],[-81.392291499684148,41.188395206668034],[-81.39226258428468,41.188164564445692],[-81.392256842657645,41.18596258467327],[-81.392287748963483,41.183321319958836],[-81.392311112378664,41.18107541830107],[-81.392326571058874,41.17974654722898],[-81.392319474864536,41.179499439202047],[-81.392392572175709,41.178895432059612],[-81.392414782976047,41.178307878911944],[-81.392415461164902,41.177330439862324],[-81.392417142838283,41.174908805796569],[-81.392417547361234,41.174326734733334],[-81.39242684636838,41.171405398029989],[-81.39242687694454,41.171361468090993],[-81.392443620988985,41.168187533853164],[-81.392481380776644,41.166139311449001],[-81.392474148901158,41.166089887390903],[-81.39255792737282,41.160565712796064],[-81.392611750392604,41.156315491236455],[-81.392604678037856,41.156040925568867],[-81.392656873657742,41.154173932594546],[-81.392608367242048,41.151043974499785],[-81.392587619101121,41.149687673860306],[-81.392574005182084,41.148512585598624],[-81.392553889510523,41.146376569379534],[-81.392569930191371,41.144454718770781],[-81.392577764154908,41.143729907069336],[-81.392604109679212,41.137876464038342],[-81.392605943374207,41.135460380766915],[-81.392606346917049,41.134922250513661],[-81.392652364192841,41.131605603443006],[-81.392662340758719,41.127794688347542],[-81.392751223280257,41.125016287826284],[-81.392803043548398,41.123956052639677],[-81.392836180850324,41.117585992414369],[-81.392962716255767,41.100347664707833],[-81.392962752604106,41.100287256220312],[-81.393017966459695,41.093247105844796],[-81.39316428373543,41.080303860600729],[-81.393167667060922,41.075130926637691],[-81.393180807259071,41.066190851699872],[-81.393204142364525,41.063818548941157],[-81.393212197759382,41.062610429202962],[-81.393227523083837,41.061380345734676],[-81.393220737979661,41.060671943628535],[-81.393259202462232,41.057366095525708],[-81.393259508187668,41.056904812659383],[-81.393307667843345,41.049908710245248],[-81.393371863481434,41.04058973448047],[-81.393387302486801,41.039178436787566],[-81.393388072872327,41.038014248966725],[-81.393423589420735,41.028200983801341],[-81.393425980250498,41.024691724769376],[-81.393493602360138,41.000016566407922],[-81.393530837500194,40.99873675701653],[-81.393539923386314,40.995914140219504],[-81.393541775043118,40.99308601015931],[-81.393550898685803,40.990235897671994],[-81.39355202404947,40.988533508615397],[-81.391653309461134,40.988554805021401],[-81.386652900845917,40.988591298474304],[-81.383804853902618,40.988606543469444],[-81.381391625575787,40.988621908542534],[-81.37674634896382,40.988652554701567],[-81.375003784488413,40.988651721555648],[-81.374666867366983,40.988640805652793],[-81.364658976289846,40.988612801791],[-81.359992057731318,40.988581781550188],[-81.357745604987585,40.988610081192313],[-81.351223665192066,40.988672627639488],[-81.350499003173866,40.988672839124476],[-81.338455031400898,40.988637348630149],[-81.332309699861469,40.988594643357608],[-81.326128143697176,40.988595558114135],[-81.325171559479159,40.988590178526117],[-81.314634648352538,40.988519496367019],[-81.313264996423328,40.988519517605781],[-81.30846759195272,40.988486515164617],[-81.302988984319398,40.988480719323967],[-81.300191703528313,40.988485955572571],[-81.30006126039396,40.988485942025868],[-81.299836608324256,40.988485918351955],[-81.287545977043052,40.98842355592862],[-81.274878528082681,40.988398383587132],[-81.274508943187044,40.988392780485576],[-81.269624616956378,40.988336276563473],[-81.262392295080119,40.988306051687765],[-81.251065555844832,40.988185366481815],[-81.250003746101569,40.988190282573164],[-81.245086451190616,40.988176365699658],[-81.238303456438899,40.988157554313169],[-81.234339516849715,40.988153688441081],[-81.233071369102547,40.988176141173263],[-81.23181043851892,40.988149150460089],[-81.226107382003946,40.988162054692005],[-81.225498670505488,40.988162241844897],[-81.212512690281613,40.988149089493099],[-81.202178721073267,40.988161870105202],[-81.200171348089782,40.988145637223923],[-81.199214766877702,40.988140248561983],[-81.196446479861351,40.988124026924424],[-81.195953695616197,40.988118573459964],[-81.190554817258175,40.988102377831112],[-81.184279075760827,40.988113367588767],[-81.183148573039588,40.988102349532689],[-81.178177254509421,40.98811853879112],[-81.174836466815762,40.988134701590546],[-81.171575391244772,40.988150778861552],[-81.169872383265911,40.988161517945073],[-81.165632990024932,40.988144327549527],[-81.163248768677619,40.988176805976785],[-81.153436636117917,40.988163424205297],[-81.150798839796778,40.98815716307044],[-81.149508927997076,40.988156765558955],[-81.144168103703635,40.988160455957477],[-81.143878231418327,40.988165842411497],[-81.141986834851423,40.98816513750748],[-81.138102604406441,40.98811965277865],[-81.136964868182901,40.988108188131662],[-81.136377886631649,40.988096951814434],[-81.133761759993192,40.988134224627096],[-81.130058633773743,40.988121478524413],[-81.125003707651345,40.98810814505061],[-81.124920046431143,40.988102427492358],[-81.124282305885629,40.988086297096494],[-81.123825747782178,40.988081049768446],[-81.123390930555018,40.988075789065824],[-81.121492253094104,40.98807677695617],[-81.119557337412616,40.988066766350443],[-81.117644178452537,40.988067693405419],[-81.115702035575893,40.988063107408564],[-81.113832368752981,40.988058453532673],[-81.111926480671102,40.988059272925753],[-81.109977120777629,40.988060074959037],[-81.10800602916413,40.988060849034191],[-81.10602768826945,40.988045114179272],[-81.104389951474332,40.988040207443582],[-81.102252198055766,40.988024459001437],[-81.100498526409353,40.98802502422339],[-81.100295622333078,40.988025087871435],[-81.099078197929245,40.988025462266066],[-81.09802019513198,40.988020285741058],[-81.096454936012961,40.988026226387305],[-81.094505598092312,40.988021266388884],[-81.092744667173775,40.988021721413872],[-81.090961993111833,40.988038633673639],[-81.089273506570891,40.988039027832158],[-81.087505292137791,40.988044912435612],[-81.086476241515555,40.988045131504002],[-81.083381843534156,40.988045735084292],[-81.080475863100574,40.988040734784654],[-81.079649724731993,40.988040861067525],[-81.076736495921864,40.988019293042512],[-81.075171180290525,40.988008493491392],[-81.073649347245222,40.988003160002897],[-81.070830333068031,40.987986925123352],[-81.068018568064616,40.987976112529076],[-81.064916931663859,40.9879597464911],[-81.061981973585944,40.987937806320296],[-81.059112238900667,40.987910301876539],[-81.056213518606043,40.98788821605946],[-81.053220590576956,40.987871541517933],[-81.050517537416511,40.987843836629679],[-81.049836337977894,40.987843764340639],[-81.047292709836569,40.987843458911001],[-81.044357759193886,40.987821070809872],[-81.041430050854629,40.987815084088624],[-81.035523910284013,40.98778640200478],[-81.029690323056215,40.987773944256233],[-81.024508997782036,40.987794379692566],[-81.023856802665449,40.987799662637535],[-81.018045023033352,40.987814112104346],[-81.012769450978581,40.987817497852276],[-81.00926200840621,40.987848903276806],[-81.009160553738184,40.987848856902943],[-81.00558793259431,40.987792247268395],[-81.003558837036508,40.987774758019235],[-81.002247174187971,40.987757607577912],[-81.002246363137829,40.988663712776024],[-81.002252156904348,40.990283721738173],[-81.002250882691129,40.991700538741192],[-81.002255156500269,40.994995462171161],[-81.002274030055858,40.998164083811048],[-81.002228866628528,41.000009216431351],[-81.002256044738445,41.009905010771213],[-81.002343657417555,41.024677728687948],[-81.002455704283307,41.044190027136956],[-81.0024795363245,41.049901233194802],[-81.002497852362822,41.053706869547774],[-81.002536192260962,41.059440041354918],[-81.002570089140448,41.062070499045362],[-81.002583523163182,41.063262166156321],[-81.002591641937144,41.070357201442519],[-81.002597471898014,41.071944247822131],[-81.002616792052478,41.074673530707592],[-81.002616393438245,41.075118341288899],[-81.002689356745037,41.091922719502953],[-81.002700966747511,41.095618661551484],[-81.002706232879163,41.098144855574112],[-81.002726968204229,41.099457383426746],[-81.002726264309075,41.100341546014313],[-81.002708903685459,41.103872681014209],[-81.00268226094488,41.10974319370149],[-81.002674008752322,41.110912890388363],[-81.002673216197081,41.111840959935229],[-81.002692621318616,41.114592217494433],[-81.002699119793036,41.115465367368103],[-81.002698213662697,41.116497764276886],[-81.002675815579877,41.117195168734],[-81.002689267217292,41.118403295573728],[-81.002673044356939,41.120308816147542],[-81.002678593729954,41.122214342256399],[-81.002669636385093,41.124092399526418],[-81.002654282680538,41.125009458752665],[-81.002654142831474,41.125163217893345],[-81.00265994452478,41.126766708260988],[-81.002656960441868,41.130023090422505],[-81.002675541348594,41.133477143422112],[-81.002689449224647,41.134136105289471],[-81.002723088325482,41.136964118641636],[-81.002719664694439,41.140516914666492],[-81.002723532307243,41.143970824870209],[-81.002705557263553,41.147413697393198],[-81.002687519305255,41.150867514386569],[-81.002692758726212,41.152844256445519],[-81.002750751540063,41.152965084490532],[-81.002771214872283,41.154260952886567],[-81.002782206970437,41.157703764252354],[-81.002785954617153,41.161146582308326],[-81.0027970297607,41.164583948642893],[-81.002803447947215,41.16544055553701],[-81.002809023714221,41.167170253806617],[-81.00280011068206,41.168888986047939],[-81.002813036565868,41.170607756741397],[-81.00280419758397,41.172304560748167],[-81.002809868512344,41.174028827280161],[-81.002801005857208,41.175753085015792],[-81.002792544938757,41.17704353089654],[-81.002783744305148,41.178701891162824],[-81.002789378878759,41.180470083083662],[-81.002809576636437,41.182210824918641],[-81.0028152648499,41.1839241018141],[-81.002813685532871,41.185637373860644],[-81.002804822757227,41.187367114956473],[-81.002825050753756,41.189080397680549],[-81.002823451928421,41.190815634989548],[-81.002807359814142,41.192501444149471],[-81.002798491009528,41.194236678948457],[-81.002789647249898,41.195944457916184],[-81.002766258320051,41.197657721041601],[-81.002771944090242,41.199376490764621],[-81.002799436595581,41.20110076331094],[-81.002805296382377,41.202632830489989],[-81.002805185171624,41.202753638365444],[-81.002838147503837,41.206427283411024],[-81.00284220431115,41.209870176807193],[-81.002853498786635,41.213323983896309],[-81.002843001775901,41.216739301887351],[-81.002839753317247,41.220176573605954],[-81.002836505099623,41.223619343281932],[-81.002825995135893,41.22706213219746],[-81.00282379956397,41.229406764855732],[-81.002808257420213,41.230472005948748],[-81.002805028352796,41.233942329584607],[-81.00280435640525,41.234667149586649],[-81.002852749756286,41.237401741735795],[-81.002871441430642,41.240811759754678],[-81.002890111592038,41.244265743070173],[-81.002923343230307,41.247725252258846],[-81.002935823427379,41.250009630467069],[-81.002920045640991,41.251360476434648],[-81.002937648770114,41.256028060321967],[-81.002962814770001,41.260410076690611],[-81.00302249232729,41.266950104201861],[-81.003042235190804,41.269322285416884],[-81.003026478227937,41.270689566138543],[-81.003018420107068,41.271579121766642],[-81.003010790708188,41.271979968493454],[-81.003024175453689,41.273319802814513],[-81.003037031309375,41.28364301447359],[-81.003064492271918,41.285548427071276],[-81.003119673096592,41.289051764679563],[-81.003147188073001,41.290880318652633],[-81.00318475135991,41.297749805926784],[-81.003193849567879,41.303845042511774],[-81.003195967186031,41.309599811690966],[-81.003208714345391,41.319742035125991],[-81.003236494108194,41.337714541891053],[-81.003231498924393,41.343551467929359],[-81.003228229856774,41.347378682201921],[-81.003213299913057,41.347795989316118],[-81.004247978497219,41.347791048817236],[-81.016102938455603,41.347692491776122],[-81.016897153499258,41.347692831218779],[-81.022114287112473,41.347700332611069],[-81.022944955638849,41.347706112355283],[-81.024999771723785,41.347712291446335],[-81.026639257517871,41.347707322674275],[-81.030442852464773,41.347713935505787],[-81.05526820433856,41.347597354393329],[-81.077754458091732,41.347486730763499],[-81.079656243183152,41.347480970173294],[-81.099154996161744,41.347383038777167],[-81.100153253712236,41.347382714890585],[-81.104284728720657,41.347381280471936],[-81.113684090245357,41.347355304997777],[-81.11762596228138,41.347353370747527],[-81.125003736225153,41.347349491293947],[-81.128927795222381,41.347368100411515],[-81.131565458202658,41.347385946749455],[-81.13255639194918,41.347402924200807],[-81.137248809934746,41.347394234080532],[-81.141001288017762,41.347390433024302],[-81.145635474220256,41.347386789473475],[-81.148870702069985,41.347387915050824],[-81.153184344028162,41.347372800298302],[-81.157301240881878,41.347362963801494],[-81.161010076737327,41.347380343441266],[-81.165637010138155,41.347408762172691],[-81.166555108612101,41.347419913465274],[-81.16946242353761,41.347447856026491],[-81.173783329523559,41.347453934881202],[-81.177645184254757,41.347454322879734],[-81.181426885033929,41.347465559623799],[-81.183649271700318,41.347476633505714],[-81.185711355714375,41.347476680038099],[-81.187766153057069,41.347476689638455],[-81.189806377717858,41.347487645206954],[-81.190768197846722,41.347487620022868],[-81.191409411263834,41.347487598763273],[-81.192888574036857,41.34748753607947],[-81.194804928449855,41.347492917738812],[-81.197704960578889,41.347481708860791],[-81.203337435915941,41.347470077283546],[-81.20881689115285,41.34744721562388],[-81.213655127540108,41.34741325876692],[-81.215578773443141,41.347423782817664],[-81.217473261776789,41.347406826325482],[-81.222916298457605,41.347410755178096],[-81.224512045121401,41.347404756802277],[-81.226326394294233,41.347409644175109],[-81.227069630476066,41.347425862009239],[-81.228556083573324,41.347425336127401],[-81.231973436086037,41.347445996022863],[-81.233088248898099,41.347451032092295],[-81.234822379175696,41.347439316054299],[-81.236622073376779,41.347422049847005],[-81.240119464797118,41.34741493425642],[-81.245664348610688,41.34743961300623],[-81.250003774895561,41.347431921577119],[-81.252499722340019,41.347433267962728],[-81.25376027875248,41.347439423912299],[-81.255013546865868,41.347445565870778],[-81.256157525592258,41.347440660070902],[-81.257294211792953,41.34744123269649],[-81.258430901139079,41.347436305209847],[-81.259567589306485,41.347431368144854],[-81.260594975968729,41.347431860114462],[-81.261622362277208,41.34743234340295],[-81.262642466077622,41.34742732321908],[-81.263786450963579,41.347405875824492],[-81.265105302520226,41.347395473241036],[-81.266424155323847,41.347385052042185],[-81.2677430065864,41.347380101677899],[-81.269069151050743,41.347369641146358],[-81.26989251715942,41.347380935229921],[-81.271327970104579,41.347364982442983],[-81.272756134201444,41.347354496554779],[-81.273186035393692,41.347360133655975],[-81.274461178572039,41.347355066042304],[-81.275736321164814,41.347349984344397],[-81.277011463177644,41.34734488856293],[-81.278286604616596,41.347339778698135],[-81.279561745488181,41.347334654750433],[-81.280836885799488,41.347329516719903],[-81.280968042792765,41.347329552240929],[-81.282352482413827,41.347318935818713],[-81.283736918843886,41.347313793935136],[-81.285070349226089,41.347308623488601],[-81.286396492555085,41.347303436013668],[-81.287729919815078,41.347303725987594],[-81.289063348648384,41.347298509416476],[-81.290192755442078,41.347293238784324],[-81.291322161831744,41.34728795709924],[-81.292451566212023,41.347288155502206],[-81.293580971908881,41.347282851708002],[-81.294746806757971,41.347288524645371],[-81.295919928078135,41.347294186826311],[-81.29708576415149,41.347294344981613],[-81.298251598912742,41.347299982494533],[-81.298506625511621,41.34730001294178],[-81.299461151508225,41.347311104181578],[-81.300677991730979,41.347316722760553],[-81.301887545512457,41.34732232784625],[-81.303097098609911,41.347333411381804],[-81.304299366113625,41.347338990581406],[-81.30549434720669,41.347344556814583],[-81.306689328372514,41.347350110650247],[-81.307789584793497,41.347366630841542],[-81.308882555442096,41.347377649168727],[-81.309982812692269,41.347394148399985],[-81.311075784064585,41.347399654756245],[-81.312168755577062,41.347410641875804],[-81.313261727274238,41.347416127466033],[-81.314485855919983,41.347427091204011],[-81.315709984914903,41.347438041909996],[-81.316934114268847,41.347448979580584],[-81.318187390970095,41.347470884971486],[-81.319440667843878,41.347487285545888],[-81.320693946057659,41.347509163590985],[-81.321801492835959,41.347514566876164],[-81.322909039797821,41.347519959475825],[-81.324016587960429,41.347530832532811],[-81.325124135401055,41.347536203753037],[-81.326136958668499,41.347541575868973],[-81.327142496903789,41.347552431137828],[-81.328155320636796,41.34755778542565],[-81.329299300001097,41.347557620082512],[-81.330450565902552,41.347557442156578],[-81.331594545361042,41.347557253896603],[-81.332745811369165,41.347557052901401],[-81.333977228876918,41.347556825099701],[-81.335208646462007,41.347556584049883],[-81.336440064130528,41.347556329747874],[-81.337278025902364,41.347594587130835],[-81.338626037347126,41.347616248249864],[-81.339835606192011,41.347637927003007],[-81.341074314692477,41.347643112170061],[-81.34231302350733,41.347648283907013],[-81.343697465482578,41.347658893310737],[-81.345074624311636,41.347674979163003],[-81.346364345787649,41.347691074553644],[-81.347654065062571,41.347701664223301],[-81.347748786806932,41.347696143671939],[-81.348965644457763,41.347712232281431],[-81.350175219499519,41.347733801462773],[-81.351457654136865,41.34774435052671],[-81.352740089333196,41.347754885156959],[-81.354029808034326,41.347765402222684],[-81.355312228972608,41.347775905946193],[-81.356594640384543,41.347786394011287],[-81.357877044339958,41.347796866727919],[-81.359159442749458,41.347807324379623],[-81.360441837365542,41.347817767223994],[-81.36172422978342,41.347828195492511],[-81.363043052796399,41.347838593037309],[-81.364361880516753,41.347854466681518],[-81.365680706013819,41.347864834384417],[-81.366999538711795,41.347880678489304],[-81.36831837089818,41.347891016899553],[-81.369637207519048,41.347901340796994],[-81.3709560538163,41.34791714133577],[-81.3722749008721,41.347927436331197],[-81.37500381358339,41.347964424531234],[-81.376144049399286,41.348020081687963],[-81.377295331356791,41.348053704696234],[-81.378446526569576,41.34809272295535],[-81.378585007838026,41.348103708720942],[-81.37982372697617,41.348126394923128],[-81.381055154911067,41.348148913719633],[-81.382272001312941,41.348171469378848],[-81.383481557400216,41.348194037901024],[-81.38469111439295,41.348216594968136],[-81.384880573137579,41.348216685576773],[-81.385871473461151,41.348233562816482],[-81.386862494274922,41.348250521559358],[-81.388203234155782,41.348262065807226],[-81.389536650542681,41.348268214033865],[-81.390877390149527,41.348279725368911],[-81.391780967303276,41.348285585243097]]]},"properties":{"NAME":"Portage"}},{"type":"Feature","geometry":{"type":"Polygon","coordinates":[[[-81.500003852199669,41.349974300674269],[-81.50164528893842,41.350041189834101],[-81.503073399284332,41.350058377370381],[-81.504508926262048,41.350075604684122],[-81.505937088715896,41.350098250971946],[-81.507365332961101,41.350115384264093],[-81.508800796639974,41.350138052503269],[-81.510229048665153,41.350155149773464],[-81.511657346353203,41.350177723615744],[-81.513092776023967,41.350194843080473],[-81.514521033875297,41.350211886460208],[-81.515949215162195,41.350234407071021],[-81.517384763595771,41.350251472144826],[-81.517508648206658,41.350256950295282],[-81.518820232180531,41.350273924364295],[-81.520241189181917,41.350290929701643],[-81.521676767210835,41.350313436283621],[-81.523104881423677,41.350330374478375],[-81.524008464731992,41.350347162366525],[-81.524511242948108,41.350363788694679],[-81.525188901166942,41.350380425809639],[-81.526376630578554,41.350413734087518],[-81.527673691591289,41.350441574965956],[-81.528977970486565,41.350474953099329],[-81.530275033287836,41.350502765123842],[-81.530734019349808,41.350513891536927],[-81.531943657926575,41.350536142914699],[-81.533153222393395,41.350563876828062],[-81.534362863002656,41.350586193209956],[-81.535783677477383,41.350602920672443],[-81.537124524058953,41.35061973363559],[-81.53719732126703,41.350619754349708],[-81.538574506372512,41.350636471168009],[-81.53995169264735,41.350653261768308],[-81.541372583588213,41.350664516046535],[-81.542793593511817,41.350675662322558],[-81.543667922904362,41.350681356436375],[-81.54454237112293,41.350686953328854],[-81.54543867695287,41.350676136098258],[-81.546648210631588,41.350670761569312],[-81.547529978184173,41.350665401830994],[-81.548404379949361,41.350665475106624],[-81.549577547558584,41.3506711425443],[-81.549839808211232,41.350671151861796],[-81.550743423072561,41.350676742891324],[-81.551909298615257,41.350682331495726],[-81.55327185678388,41.350693449277721],[-81.554627242597746,41.350704495464896],[-81.555487040799775,41.350688101354834],[-81.55633959314288,41.350677140493225],[-81.557658515745402,41.350715620726902],[-81.55869325717704,41.350748618837095],[-81.559735218439059,41.350787067315139],[-81.561134284448556,41.350803589782693],[-81.562540642322332,41.350820059652136],[-81.563633578403397,41.350836515219825],[-81.564726634445208,41.350852959824849],[-81.56581964333698,41.350863899546049],[-81.567138526897992,41.350869303075868],[-81.568457483019557,41.350869286456998],[-81.569710789888887,41.35088020860919],[-81.570971340376119,41.35088558643826],[-81.572224719097392,41.35089098605723],[-81.573536335963468,41.350912746358574],[-81.574578305330149,41.350923676733117],[-81.574840614641516,41.350929123629264],[-81.575168620564071,41.350929107423759],[-81.575664024694504,41.350934559125406],[-81.576487434030724,41.35093989863234],[-81.57749306440283,41.350950714171525],[-81.578505938527016,41.350956079833068],[-81.579285621315663,41.350950539302247],[-81.580065303120335,41.350944903387614],[-81.580385924183105,41.350961303589997],[-81.581245793094212,41.350966695372385],[-81.582229500420297,41.350971995137783],[-81.583213137339783,41.350982781547017],[-81.584612259573632,41.351004512309551],[-81.585574071542567,41.351020793878384],[-81.586011262231168,41.351026136488009],[-81.586470357095379,41.351048030271492],[-81.586667134013837,41.351037029321361],[-81.587745563968824,41.351047744172604],[-81.588321206583572,41.351069576079979],[-81.589618297410922,41.351096721097754],[-81.590448980879074,41.35111300245277],[-81.591279664697467,41.351129277767001],[-81.592336221573575,41.351139971529484],[-81.592788016712504,41.351134313662172],[-81.59298477291965,41.351134291431656],[-81.59439106136179,41.351128391821916],[-81.59579746888528,41.351122474271413],[-81.596416783921015,41.35112233062614],[-81.597203807467494,41.35112212457976],[-81.59823121641756,41.351121745307182],[-81.598223646268252,41.350660495589118],[-81.598223622152659,41.350605638255445],[-81.598230821773996,41.3503475275716],[-81.598237951719952,41.350199312320193],[-81.598026464818446,41.349699667718824],[-81.597953482051793,41.349600870957197],[-81.597880548958088,41.349507478567155],[-81.597756653116008,41.349370302610915],[-81.597523377999224,41.349271526960329],[-81.597355793712836,41.349271585853622],[-81.596372430170348,41.349798955436746],[-81.596073830505077,41.350073617943885],[-81.595833454380823,41.350205475092842],[-81.595476367626958,41.350227589934732],[-81.595279602960943,41.350200142755739],[-81.59487145926083,41.350062991676445],[-81.594244705458308,41.349717266213652],[-81.593916755264786,41.349656984684032],[-81.593581543871551,41.34961313382837],[-81.593370139122058,41.349552790329469],[-81.593144200524534,41.349366142005088],[-81.592954440308134,41.348806114132785],[-81.593049067497489,41.348432704190152],[-81.593318365189475,41.347905441854316],[-81.593449518112834,41.347790096726527],[-81.593631600845853,41.347702232875392],[-81.593806361050596,41.34759783215263],[-81.594221632921801,41.347482371632736],[-81.594687960333431,41.347290079632238],[-81.594942873757432,41.34724606574045],[-81.595358207922175,41.347295353331162],[-81.595810133460773,41.347438041071413],[-81.59619623461802,41.347492791500606],[-81.596436765647866,41.347470737698131],[-81.596698946742066,41.347371824750688],[-81.596844687165742,41.347283963925733],[-81.597092166377735,41.34691047850518],[-81.59715034759887,41.346619495081981],[-81.597033461680041,41.346202139386961],[-81.596617720807785,41.345230371209212],[-81.596362467198176,41.344895522570823],[-81.596034445517475,41.344549700286507],[-81.595509513910159,41.344000688910825],[-81.594795300188991,41.343468326781739],[-81.594627689369077,41.343424423835998],[-81.594474612657791,41.343440978024674],[-81.593986617717093,41.343600322628667],[-81.59371699661844,41.343655309794926],[-81.593534914360021,41.343649853108033],[-81.593396448019348,41.343682814797958],[-81.592966646894951,41.343748894563497],[-81.592121434796923,41.34368865871469],[-81.591735190117276,41.3436284006414],[-81.590919280178923,41.343688980041073],[-81.590715255741884,41.343689036159446],[-81.590460204243286,41.343716557165052],[-81.589724387598793,41.343672857341097],[-81.589396434009046,41.343568604984981],[-81.589257939831214,41.343519140455946],[-81.589031993135876,41.343354463099196],[-81.588521819376709,41.342843987958254],[-81.5881718909082,41.342448712458186],[-81.587960447816428,41.342075338327433],[-81.587923993634789,41.34182276569242],[-81.587952958062615,41.341548240260636],[-81.58812036928046,41.341185722094004],[-81.588200498718592,41.34087274211371],[-81.588243953403321,41.340455458971341],[-81.588221936336652,41.340120481298968],[-81.588178204842848,41.339829482535634],[-81.588214383772353,41.339467003931539],[-81.58801746853149,41.338874035423856],[-81.587973483273458,41.338275511441871],[-81.588039000908324,41.337946031667705],[-81.588082577438939,41.337622068600275],[-81.588031412441282,41.337155365374421],[-81.588060133691002,41.336375593096697],[-81.588125688806798,41.336183391926859],[-81.588307716656018,41.335826473288265],[-81.588504162071786,41.335332201621377],[-81.588657103452405,41.335156487995448],[-81.588751769720446,41.335052143829692],[-81.589261495556485,41.334524830781909],[-81.589421669796579,41.334409521465972],[-81.589858503017993,41.333777908071639],[-81.590084090326144,41.333283664204927],[-81.590193325776781,41.333086013220004],[-81.590236891450587,41.332921217080298],[-81.590251494611792,41.332844395623717],[-81.590302358247214,41.332707035860302],[-81.590396924708529,41.332234811594745],[-81.590491490382121,41.331987692524045],[-81.590688106320414,41.331806437315116],[-81.590833721760887,41.331707594841006],[-81.590972096393685,41.331614194043347],[-81.591074032302146,41.331548273883463],[-81.591205166741304,41.331460404744483],[-81.591343512305471,41.331284582104054],[-81.591416177669529,41.330955153165988],[-81.591416045313679,41.330702574611287],[-81.59158347900177,41.330466429942497],[-81.591721831049369,41.330318080607853],[-81.591816411194188,41.329994123517096],[-81.591823529150702,41.329631702284694],[-81.591866930970738,41.3289342736946],[-81.591866719690429,41.328593869152925],[-81.591764446143557,41.328000869522278],[-81.591334248864882,41.327007085341386],[-81.591159350402279,41.326759998341785],[-81.590860515156365,41.326430675377743],[-81.590401460141763,41.325996962185144],[-81.589927847638933,41.325684116724425],[-81.589541655552452,41.325365687080577],[-81.589206514109023,41.32512968666024],[-81.58902435210031,41.325003428513121],[-81.58841233864888,41.324525811136176],[-81.587778396403266,41.323960386015912],[-81.587596225847477,41.323779267927186],[-81.587421357869204,41.323559648829807],[-81.587246388987325,41.323048986891941],[-81.587136892331614,41.322417555889949],[-81.587296845802769,41.32184095893642],[-81.587456924826981,41.321385156113941],[-81.58764608182193,41.320748146954323],[-81.587704097624794,41.320209992552726],[-81.587776861780625,41.319864080146147],[-81.587842226370057,41.319638910547091],[-81.587805808542242,41.319375346891626],[-81.587594496821751,41.319100875983516],[-81.587383151835041,41.318875767825702],[-81.587208320419336,41.318738569703285],[-81.586989696129081,41.318354239204574],[-81.586443149405184,41.317733862512569],[-81.585816592884782,41.317129924335376],[-81.585088172171638,41.316570008416264],[-81.584694770456878,41.316251598324392],[-81.584345025865318,41.316032051595954],[-81.583966234237309,41.315730139208661],[-81.583733086674911,41.315455591455823],[-81.583594691787141,41.315115165735598],[-81.583572738273347,41.314796669098982],[-81.583645421142762,41.314439769453983],[-81.583718109835999,41.314231048999829],[-81.583856483041146,41.313912549759095],[-81.583878312931574,41.31386866080318],[-81.58392917135555,41.313703919201529],[-81.584111198947866,41.313511668501754],[-81.584220289922882,41.313259074741303],[-81.584271173007807,41.31277581465374],[-81.584234679167494,41.312622145533993],[-81.584001485065102,41.312193833910698],[-81.583892229562096,41.311891813958134],[-81.583841139280111,41.31162832276231],[-81.583782720971087,41.311172550719981],[-81.584146468535323,41.310085256934101],[-81.58442306020423,41.309607426570089],[-81.584677888368731,41.309475608272635],[-81.585027306560676,41.309354748621487],[-81.585253082160747,41.309233886157095],[-81.585486047675275,41.309008675538799],[-81.5855951051592,41.308767070096692],[-81.58560971053025,41.308596837119758],[-81.585558675675685,41.308487020616568],[-81.5852454498323,41.30815216987633],[-81.584975794734277,41.307773318568735],[-81.584779020928536,41.307328609107351],[-81.584589588010658,41.307010152357002],[-81.584261879047332,41.306818057124296],[-81.583031176656974,41.306461370976223],[-81.582798044174609,41.30631860592878],[-81.582739837217247,41.306274672004278],[-81.582543163244836,41.306000206908358],[-81.58246297199986,41.305928820023496],[-81.582178933301762,41.305797030683287],[-81.581720172466035,41.305736745565014],[-81.58089011057109,41.305725894700963],[-81.580540584446098,41.305698472695056],[-81.579907081882155,41.305748056781873],[-81.5792517136437,41.305770093230109],[-81.579186159435082,41.305786547208847],[-81.578778411253154,41.30575364772973],[-81.57838507765014,41.305594474075448],[-81.577780594554611,41.304979569959727],[-81.577452892645965,41.304798444719154],[-81.576986804359862,41.304705118443991],[-81.576418774277229,41.304578881604073],[-81.576149421210502,41.304430699454748],[-81.575981838661491,41.304254983840281],[-81.575901728582593,41.303920021559122],[-81.575741503538737,41.303711390034479],[-81.575457485924005,41.303552199905631],[-81.57520983679035,41.303480834260121],[-81.575158902780387,41.303475323736109],[-81.574853013372717,41.303436946894308],[-81.574554510916968,41.303464469997536],[-81.574183140018548,41.303437047481118],[-81.573622457654736,41.303261396915893],[-81.573469484951232,41.303157037230697],[-81.573316535240764,41.303014303681486],[-81.573207304098091,41.302871532388309],[-81.573199986564831,41.302717804412794],[-81.573411082960206,41.302393820746659],[-81.573636856401023,41.302272981195657],[-81.573877134980179,41.302239985740037],[-81.574102846156705,41.302289394408909],[-81.574386837994098,41.302541999712403],[-81.574634515451322,41.302739657405645],[-81.574925810063107,41.302843955293639],[-81.575129662010028,41.302865816934521],[-81.575158759567131,41.302860356899792],[-81.575311674925473,41.302821939806563],[-81.575420846134762,41.302766986549038],[-81.575690279876852,41.302558278059465],[-81.575799468873711,41.302437476788143],[-81.575915915407009,41.30227268067167],[-81.576083247199989,41.301849914476648],[-81.576090459637584,41.301569823546124],[-81.576039532842628,41.301361185792182],[-81.575821004629944,41.30093287377175],[-81.575638933875595,41.300779209293026],[-81.57542043254432,41.300625456408063],[-81.575158291664124,41.300521194247153],[-81.575114668695718,41.30050465756112],[-81.574903443140528,41.300499227048704],[-81.57466321951641,41.300537719196008],[-81.57457580903457,41.300526715546646],[-81.574211794117062,41.300587173262073],[-81.573440005619972,41.300867292220317],[-81.573243397283449,41.300839806602326],[-81.573112337876438,41.300741012247535],[-81.573039515414777,41.300554281209543],[-81.57308308059433,41.300373096095626],[-81.573126841371661,41.300296221195673],[-81.573257885734051,41.30009307160033],[-81.57332335610856,41.299917362179372],[-81.573403396802149,41.299714196194252],[-81.57341789511095,41.299214457040613],[-81.573352333600653,41.298983821643176],[-81.573097448462775,41.298533616095128],[-81.57296636637318,41.298363389192268],[-81.572784283764946,41.298193145685545],[-81.572587650351267,41.297902178618351],[-81.572536661229918,41.29758913822662],[-81.57268214058216,41.29702911536436],[-81.572740390504478,41.296738051216956],[-81.572667544326237,41.296397645564234],[-81.572594611401243,41.2962932467344],[-81.572412632557615,41.296161465729476],[-81.572325274733899,41.296101096907719],[-81.572019446099617,41.29610667059054],[-81.571815639478373,41.296128581448407],[-81.571669926674303,41.296101200588247],[-81.571509856320006,41.296029842291865],[-81.571305854252131,41.295810161868076],[-81.571240326589759,41.295513677405523],[-81.571291250306331,41.295326961564761],[-81.5714659542395,41.295035950567517],[-81.57165530018122,41.29482170380907],[-81.57185181323193,41.294662459282428],[-81.572070226396178,41.294398884394951],[-81.572128380679985,41.294069447383364],[-81.572099233319562,41.293877273971063],[-81.572011804434482,41.293739977935957],[-81.571895378905779,41.293646604200994],[-81.571691458532612,41.293558799400607],[-81.570963400534211,41.29353142573899],[-81.570533922442479,41.293531393230687],[-81.570264507886733,41.293410671377856],[-81.570097040655654,41.29328439963858],[-81.569973213766417,41.293108638466393],[-81.569958619561262,41.292845049995883],[-81.570089635298075,41.292625419605805],[-81.570810364996305,41.291812669893702],[-81.570912186500649,41.291505176270292],[-81.570904874129241,41.291214167795395],[-81.57081018864136,41.29092863700776],[-81.57064272546603,41.29071994386689],[-81.570489810435745,41.290577206176394],[-81.569980145546907,41.290280759120215],[-81.5695725209995,41.290127030334503],[-81.569252101911616,41.290044661746293],[-81.569041005892117,41.289967787199245],[-81.568538631983117,41.289890999984529],[-81.568189216820045,41.28988002398895],[-81.567745190245972,41.289934910816157],[-81.566791501795848,41.289995369013148],[-81.566609473680373,41.289978879848697],[-81.56609990074567,41.28970439424522],[-81.565706723430324,41.289424380122554],[-81.565590291234244,41.289314515513134],[-81.565546614253421,41.289193754167698],[-81.56554654302326,41.288825782338009],[-81.565728571576727,41.288413948157995],[-81.565750391270797,41.288216297957561],[-81.565611999121586,41.287941787001373],[-81.565357212739926,41.287755043880438],[-81.564934954239604,41.287535432619215],[-81.564483665546689,41.287189491379301],[-81.563923029921924,41.286695273679243],[-81.563682783153496,41.286420718731961],[-81.563588169042049,41.286277956496704],[-81.5634644310868,41.285997966403031],[-81.563478957742817,41.28570144563917],[-81.563559078070128,41.285547649096188],[-81.563668284058139,41.285443343570186],[-81.563908418580212,41.285344522070446],[-81.564418047913762,41.285311578017748],[-81.564592753276642,41.285339006147119],[-81.564942158560839,41.285476283829027],[-81.565080530394667,41.285597031088543],[-81.565029491421257,41.285910035542905],[-81.564803906170965,41.286255964508555],[-81.564832977896373,41.286497593633982],[-81.564927644270924,41.28661837532789],[-81.565277100628805,41.286816094647783],[-81.565539170989311,41.286947854064564],[-81.565597397222902,41.286997291563729],[-81.565954095935822,41.287162004349746],[-81.566187079598933,41.287271835936437],[-81.566514734468697,41.287502447388277],[-81.566805832057113,41.287579293082374],[-81.567089745294197,41.287557266812719],[-81.567366377611307,41.287452943623023],[-81.567562999854502,41.287266231757975],[-81.567875951704337,41.286640261585134],[-81.567919618210297,41.286442593245567],[-81.567948710734044,41.286382186941822],[-81.568028804664721,41.28601976469222],[-81.568014175139055,41.285668349016234],[-81.567817583895263,41.285113712172326],[-81.56755545495102,41.284712892541243],[-81.567395370413934,41.284581085499084],[-81.566958484466113,41.284366958455841],[-81.566580012460378,41.2842791031415],[-81.566405307685073,41.284279152110685],[-81.566194182553787,41.284251725712224],[-81.565917543976212,41.284257229555813],[-81.565116818747796,41.284196846549243],[-81.564898388843531,41.284125405023254],[-81.564745521555864,41.284026617806894],[-81.564607279238018,41.283823447271395],[-81.564599956281484,41.283708092086542],[-81.564810992972653,41.283323771106318],[-81.564898400112668,41.283060131625895],[-81.564971180013444,41.282637394382533],[-81.564891144954544,41.282384755396414],[-81.564643564995137,41.281978452824774],[-81.564286908759101,41.281676455321978],[-81.564039431129245,41.28151714737357],[-81.563813755302405,41.281407365617355],[-81.563369652724688,41.281072374158029],[-81.562896500434064,41.280649605936553],[-81.562539918677658,41.280243291135747],[-81.562394318815024,41.279974215982485],[-81.562336107671882,41.279661205690424],[-81.562343404716628,41.279342740905186],[-81.562445195520979,41.279057143734484],[-81.562547134405946,41.278941885077089],[-81.562816513750647,41.278733206723864],[-81.563144058696039,41.278595946098598],[-81.563486111675218,41.278563015058232],[-81.563944691260673,41.278667333087427],[-81.564264995219318,41.278826554619492],[-81.564461548119382,41.278980256692151],[-81.564781740208119,41.279084619227007],[-81.565021936845937,41.279106590926233],[-81.565269468202303,41.279079072754435],[-81.565546021418101,41.278969259464041],[-81.565815316413264,41.278821017456892],[-81.566011844592751,41.278667277461849],[-81.566041015894783,41.278464096035208],[-81.566011815626212,41.278359747992987],[-81.565808057717817,41.278063218730715],[-81.565596978457876,41.277997327249246],[-81.565400374102836,41.277892990644965],[-81.566623314932443,41.277893013357534],[-81.567926136180944,41.277892899180344],[-81.569287251265351,41.277881852571369],[-81.57064836573764,41.277870789745997],[-81.572053252724658,41.277854178522766],[-81.573458020185726,41.277837640683806],[-81.574768146650868,41.27782651249391],[-81.575153893542705,41.27782098258313],[-81.576085675189205,41.277815332214118],[-81.577395800293658,41.277804173852751],[-81.578705973167374,41.277798495016278],[-81.580016097731075,41.277787396628895],[-81.581333623472318,41.277776155723089],[-81.582643745704416,41.277764937064326],[-81.583953867135222,41.277753703346356],[-81.585154901575592,41.277747963587686],[-81.586348652152964,41.277742248276198],[-81.587542282770954,41.277736521066267],[-81.588510428705661,41.27772526879901],[-81.589471221523411,41.27771963086164],[-81.590432013105897,41.277713894745716],[-81.590985160525094,41.277708262964339],[-81.591785830973024,41.277702526901905],[-81.59314693191341,41.277691195502157],[-81.594500698731323,41.277674390908395],[-81.595854513299756,41.277662974711504],[-81.597208446960437,41.277651631881618],[-81.598569542514639,41.277640145620829],[-81.599923304211728,41.277623276596799],[-81.600454647863558,41.277623117241767],[-81.600673036105917,41.277623058293266],[-81.601422766931208,41.277622744982388],[-81.602616387876154,41.277616859841622],[-81.603802793594042,41.277605414999499],[-81.604989220595968,41.277594043455423],[-81.606394071318405,41.277582491823665],[-81.607806234591791,41.277570968520848],[-81.609218468458252,41.277564827996912],[-81.610623263604325,41.277553302021673],[-81.612035469389667,41.277541627621204],[-81.613447729569103,41.277535520102532],[-81.614852533028525,41.277523850707851],[-81.616264734646805,41.277512215793372],[-81.61766964211985,41.277500514764377],[-81.619081872361676,41.277494254557297],[-81.62049391839264,41.277482576157809],[-81.621898783254764,41.277470832501614],[-81.623310967156428,41.277464620347963],[-81.625003884812131,41.27743106535447],[-81.625051852400972,41.277431144650812],[-81.626034421426169,41.277404202631537],[-81.627002575513359,41.277404719490882],[-81.627977955126426,41.277410777923691],[-81.62931732820131,41.277395035734706],[-81.630663877745135,41.277379245636034],[-81.63207610348168,41.277374528837505],[-81.633488219927656,41.27736971119726],[-81.634820326564522,41.277375858183369],[-81.636159669343201,41.277376548028506],[-81.637491849029232,41.27737717294135],[-81.637957682113637,41.277377408411198],[-81.638823908876958,41.277377872834649],[-81.639653711905595,41.277378260147387],[-81.640039469612148,41.277383881594531],[-81.640163300551052,41.277383919539588],[-81.641495345417539,41.277384581618726],[-81.642834658362176,41.27738509080099],[-81.644166787904268,41.277385704559322],[-81.645498836405906,41.277380705601566],[-81.64682351546378,41.277370221957156],[-81.648155508417545,41.277365165211719],[-81.649487446295709,41.277354598417922],[-81.649552998488701,41.277354679096362],[-81.650812155284697,41.277349551949413],[-81.652144093384138,41.2773390446335],[-81.653476149575397,41.277328431209476],[-81.654800738400681,41.277323339679455],[-81.656132793861474,41.277312695587405],[-81.657457501558582,41.277307572855882],[-81.658789436856466,41.277296898731613],[-81.660121427967553,41.277291793759765],[-81.661446078483451,41.277281040551117],[-81.661795440258587,41.277292184986955],[-81.66282898114919,41.277292366452293],[-81.663862586647909,41.277287133510086],[-81.664896071638708,41.277281801874942],[-81.666264542400157,41.277271100374975],[-81.667625609266935,41.277260335378784],[-81.668993903468461,41.277244107489359],[-81.670340402116082,41.277233304768892],[-81.670398670215363,41.277233325887693],[-81.671679736560108,41.277222527982595],[-81.673026290545891,41.277217188117184],[-81.674183480212022,41.277200870634289],[-81.674853147146905,41.277195506715394],[-81.675340845235709,41.277190035203134],[-81.676498090378615,41.277179188735673],[-81.67776452453316,41.277173813243031],[-81.67903095834032,41.277168423679171],[-81.680457627840852,41.277162973985654],[-81.681884121263295,41.27715210272207],[-81.683318073728699,41.277146664114788],[-81.684737401321172,41.277135709513523],[-81.684963012294176,41.277130223871509],[-81.684970260929063,41.275927717915152],[-81.684970297156738,41.274697690702332],[-81.684977735834465,41.272188319232079],[-81.685021589226196,41.26712004057643],[-81.685028779933674,41.267054150135422],[-81.685036078029981,41.266164577833266],[-81.68503611985156,41.266065761060858],[-81.685050725569056,41.263841897095304],[-81.685058137843058,41.261694913390848],[-81.685072685326645,41.261167775444875],[-81.685080009700783,41.259937795233334],[-81.685094648113278,41.259476504440293],[-81.685109265393564,41.257516211897254],[-81.685152924021111,41.255753559972952],[-81.685167745766876,41.250024923696508],[-81.685184266255277,41.247460550132317],[-81.68521338081139,41.246549034906295],[-81.685264339275307,41.244198862130673],[-81.685358965076716,41.239762084788204],[-81.685344417692022,41.239652263317524],[-81.685686482366648,41.215810017600838],[-81.685671940442475,41.215650775963326],[-81.685722860474556,41.213525725416922],[-81.685744693891351,41.211351253952117],[-81.685759237203854,41.211246923334215],[-81.685788332218692,41.210044374434375],[-81.685802880761415,41.209292094811218],[-81.685868350995776,41.205415381870409],[-81.685904723490779,41.203043227336885],[-81.685919272148794,41.202093266963857],[-81.685992029587979,41.195405100702146],[-81.686013845794562,41.194510049815037],[-81.686057498507012,41.190292874490702],[-81.686101128404786,41.188349018835794],[-81.686137479997072,41.187338652863808],[-81.686188379250225,41.184697423336225],[-81.686268351112091,41.18110622811237],[-81.686304701671418,41.178942724162056],[-81.686333784578295,41.176345420168275],[-81.686421007296047,41.17219961582871],[-81.686508218912579,41.168575466810942],[-81.686537292704273,41.165467482613998],[-81.686573625839699,41.164325325598362],[-81.686595425688552,41.163424778543693],[-81.686617224127204,41.162990978435253],[-81.686668091347215,41.158861638579403],[-81.68669715775998,41.156094100748554],[-81.686740752848067,41.153304597146402],[-81.686864257026315,41.148181352202101],[-81.686951429369259,41.143590745388991],[-81.686987749805851,41.140938515263286],[-81.687038594586582,41.13879696224641],[-81.687111225966959,41.135864680816006],[-81.687147540599625,41.13258645442491],[-81.68718385404955,41.128989738531338],[-81.687227249260843,41.125024956441081],[-81.687410230044577,41.114746620914566],[-81.687439214911251,41.112407368792411],[-81.687497182513681,41.107756317832482],[-81.687547859215954,41.101935634866912],[-81.68762762391566,41.098476169198285],[-81.687605792076312,41.096109454918896],[-81.687642057277912,41.09497826368144],[-81.687620229179274,41.092666460537401],[-81.687605684599902,41.091392497539104],[-81.687598404737003,41.090393095397019],[-81.687583840565452,41.088114238584659],[-81.68756928073968,41.085928732311935],[-81.687569254351885,41.084605347747839],[-81.687605416871023,41.078169635876371],[-81.687634407085085,41.076187305483714],[-81.687656154732963,41.074990219808051],[-81.68763435118926,41.072859628167471],[-81.687670579280947,41.069597847738471],[-81.687692337186107,41.069021270590611],[-81.687735819296762,41.065534354935792],[-81.687728548580353,41.064331782210161],[-81.68772853414076,41.06315117486821],[-81.68772852272761,41.062162759885034],[-81.687728522289873,41.062124321523683],[-81.687779248461339,41.05736894239827],[-81.687793727742189,41.05490888171569],[-81.687808188867891,41.050922261186642],[-81.68780815984465,41.048368844535929],[-81.687858860449381,41.042180232347015],[-81.687858838209692,41.040181423586084],[-81.68788782953429,41.03859445624704],[-81.687989248668515,41.029478990174589],[-81.687981981050484,41.02804028207985],[-81.687981967310634,41.026821223562493],[-81.688018194485863,41.024470965125673],[-81.688105131228923,41.018776523704673],[-81.688141348849214,41.016190134754105],[-81.688213789823052,41.011956359430648],[-81.688322406053331,41.003483298149781],[-81.688358616687026,41.001380129301808],[-81.688387215644866,41.000024962490258],[-81.688533846660334,40.993789381987625],[-81.688635110711857,40.98898448411996],[-81.688642338544014,40.988512230959223],[-81.687577070320259,40.988517757394327],[-81.678547651961566,40.988523145421148],[-81.678047628098909,40.988523118624819],[-81.66764134729975,40.988500088344573],[-81.656495726731691,40.988498027775499],[-81.653770780391909,40.988513941050634],[-81.649770281054444,40.98854049091036],[-81.647936722565262,40.988540030034478],[-81.647930262262207,40.987331852341562],[-81.647927807431174,40.980016866447919],[-81.647894310203981,40.975689459271145],[-81.6478808115899,40.974036521690458],[-81.647882841883771,40.970571445925131],[-81.6479076935112,40.965250282944552],[-81.64790165920472,40.963185513379102],[-81.647887950155535,40.961856589642593],[-81.647903595332096,40.959879690955752],[-81.647922327862034,40.952614585704403],[-81.647959478758736,40.951005623118895],[-81.648033552401017,40.948166606434114],[-81.648026876723748,40.947189140355128],[-81.647998649572202,40.945909642613849],[-81.64797116611814,40.943345168512906],[-81.6479713311967,40.943059618139685],[-81.647986505873163,40.941862508570509],[-81.647975246307055,40.936261339979239],[-81.648013667043131,40.932411924001052],[-81.647992665561844,40.931165381063849],[-81.647957567726991,40.91684936919021],[-81.647987508625988,40.915169014117154],[-81.647995308169016,40.914213514435943],[-81.647836057048266,40.914218951686571],[-81.647510329247709,40.914207857456894],[-81.645432906305544,40.914146719273582],[-81.641784753553807,40.914046494711549],[-81.625003855407996,40.913500869507061],[-81.600454912445585,40.91264249668685],[-81.59474366305308,40.912446551947291],[-81.575156227056624,40.911742034939898],[-81.555960024665367,40.91104522083301],[-81.549850911887191,40.910792133461591],[-81.536619486024748,40.91024631855327],[-81.524553578931659,40.90980368981338],[-81.516577296307389,40.909509748534205],[-81.500003816794603,40.908957196381039],[-81.497110123275959,40.908865513428943],[-81.493780337402612,40.908746495074098],[-81.492093723096531,40.908681473963668],[-81.490884875791821,40.908649138403717],[-81.49042884163751,40.908632891423927],[-81.490255127242591,40.908643961172295],[-81.486838538033354,40.9085357531876],[-81.483414817403954,40.908432876648945],[-81.479860854048326,40.908329923485127],[-81.476299657450141,40.908221370729009],[-81.472774654286894,40.908101712452648],[-81.469184526708432,40.907998438002551],[-81.465695740687636,40.907895025013872],[-81.462561631563275,40.907802409687825],[-81.458189802641883,40.907633061099723],[-81.455605805434644,40.907551134414476],[-81.452109819734517,40.907447305569292],[-81.449735738643312,40.907370709299975],[-81.448606606691541,40.907348861404515],[-81.445009306626233,40.907228349544425],[-81.441520589677324,40.907129685974603],[-81.438220069654164,40.907036405498474],[-81.434760323846902,40.906926551297133],[-81.431213733633086,40.906816587415157],[-81.427478972444561,40.906679039487038],[-81.426234056012788,40.906629501979062],[-81.424308774600249,40.906590858728634],[-81.420776684091663,40.906524504464087],[-81.420414789662871,40.906518960064396],[-81.420320195958737,40.908517868106593],[-81.420109327504562,40.912312493269191],[-81.420007494519382,40.914245501133827],[-81.419905661217669,40.916156542645624],[-81.419840182092173,40.91743057059147],[-81.419796572903223,40.918106023680608],[-81.419709448921793,40.919083504925908],[-81.419687436642562,40.920214759262137],[-81.419592818564652,40.92214776757028],[-81.419519921476379,40.924053321413787],[-81.419425298596011,40.925964363377211],[-81.419272609168061,40.928397092723053],[-81.419039886500528,40.932219169575163],[-81.418850578588362,40.936057728006404],[-81.418668497226506,40.939874318740607],[-81.41850087753042,40.943712865673461],[-81.418318758189386,40.947551398703013],[-81.418143865755951,40.951384431374279],[-81.417954465102795,40.95523392743965],[-81.417794025524003,40.959061455012076],[-81.417604579094672,40.962938394630577],[-81.417495183952511,40.965486411149705],[-81.417487904813427,40.965607221871537],[-81.417436861225084,40.966760418008505],[-81.417436845349712,40.966815332508652],[-81.417429553266913,40.966980074778228],[-81.417254629068808,40.970604400292721],[-81.417079626846444,40.974431905684433],[-81.416904608493226,40.978248424933064],[-81.416729578996168,40.982037484089354],[-81.416642015866842,40.984069298388128],[-81.416568978778542,40.98597481160698],[-81.416452282777897,40.988456916212243],[-81.412249128981131,40.98846159009581],[-81.407169076555775,40.988465955103862],[-81.401849809159501,40.988503075120008],[-81.397132026827634,40.988523689285557],[-81.39442166172924,40.988528311456619],[-81.39355202404947,40.988533508615397],[-81.393550898685803,40.990235897671994],[-81.393541775043118,40.99308601015931],[-81.393539923386314,40.995914140219504],[-81.393530837500194,40.99873675701653],[-81.393493602360138,41.000016566407922],[-81.393425980250498,41.024691724769376],[-81.393423589420735,41.028200983801341],[-81.393388072872327,41.038014248966725],[-81.393387302486801,41.039178436787566],[-81.393371863481434,41.04058973448047],[-81.393307667843345,41.049908710245248],[-81.393259508187668,41.056904812659383],[-81.393259202462232,41.057366095525708],[-81.393220737979661,41.060671943628535],[-81.393227523083837,41.061380345734676],[-81.393212197759382,41.062610429202962],[-81.393204142364525,41.063818548941157],[-81.393180807259071,41.066190851699872],[-81.393167667060922,41.075130926637691],[-81.39316428373543,41.080303860600729],[-81.393017966459695,41.093247105844796],[-81.392962752604106,41.100287256220312],[-81.392962716255767,41.100347664707833],[-81.392836180850324,41.117585992414369],[-81.392803043548398,41.123956052639677],[-81.392751223280257,41.125016287826284],[-81.392662340758719,41.127794688347542],[-81.392652364192841,41.131605603443006],[-81.392606346917049,41.134922250513661],[-81.392605943374207,41.135460380766915],[-81.392604109679212,41.137876464038342],[-81.392577764154908,41.143729907069336],[-81.392569930191371,41.144454718770781],[-81.392553889510523,41.146376569379534],[-81.392574005182084,41.148512585598624],[-81.392587619101121,41.149687673860306],[-81.392608367242048,41.151043974499785],[-81.392656873657742,41.154173932594546],[-81.392604678037856,41.156040925568867],[-81.392611750392604,41.156315491236455],[-81.39255792737282,41.160565712796064],[-81.392474148901158,41.166089887390903],[-81.392481380776644,41.166139311449001],[-81.392443620988985,41.168187533853164],[-81.39242687694454,41.171361468090993],[-81.39242684636838,41.171405398029989],[-81.392417547361234,41.174326734733334],[-81.392417142838283,41.174908805796569],[-81.392415461164902,41.177330439862324],[-81.392414782976047,41.178307878911944],[-81.392392572175709,41.178895432059612],[-81.392319474864536,41.179499439202047],[-81.392326571058874,41.17974654722898],[-81.392311112378664,41.18107541830107],[-81.392287748963483,41.183321319958836],[-81.392256842657645,41.18596258467327],[-81.39226258428468,41.188164564445692],[-81.392291499684148,41.188395206668034],[-81.392304044418736,41.191272609718155],[-81.392294721438375,41.194237865066029],[-81.392264977546617,41.195198817338792],[-81.392301207624342,41.195369059156157],[-81.392321188571685,41.198010344587559],[-81.392312455591238,41.200124461791575],[-81.392303300629962,41.202848104438999],[-81.392302818109968,41.203545489425601],[-81.392322158201225,41.207120281885551],[-81.392319616146281,41.210799398129623],[-81.392324920146294,41.213649342389431],[-81.392331354697887,41.214862903851134],[-81.392300850692394,41.216916606921913],[-81.392313313526756,41.219914802367079],[-81.392311022887213,41.223061163372549],[-81.392287484632789,41.225345375259423],[-81.392279742992201,41.225960349950668],[-81.392291964754122,41.2289913013188],[-81.392297010018154,41.231884967119896],[-81.392309065006046,41.235146530955781],[-81.392321138798152,41.23844106947822],[-81.392305630667934,41.23973692372207],[-81.392325617854709,41.242262785062074],[-81.392347203063125,41.242597746682144],[-81.392324405868294,41.243959515483496],[-81.392323785552193,41.244838086866345],[-81.392338305691695,41.244882021759217],[-81.392343977177873,41.247188292566364],[-81.392385576662619,41.2500161527839],[-81.392397804765722,41.25354705760585],[-81.392396666627604,41.255166961381768],[-81.392411123837846,41.255348152069196],[-81.392396382236669,41.255556826439552],[-81.392394880520371,41.257868631568513],[-81.392409469187072,41.257912540631374],[-81.392394667741073,41.258170578698412],[-81.392361668022303,41.264183494142628],[-81.392308628754932,41.267538591822493],[-81.392278969911658,41.268439126213764],[-81.392255599041576,41.270794780563946],[-81.392218010026923,41.272793588130284],[-81.392187710310253,41.274616625318586],[-81.392187664072935,41.274688058310645],[-81.392164697894088,41.27646170617119],[-81.392087978996813,41.282545909292942],[-81.392072035768578,41.284566615170149],[-81.392063942249408,41.285626421592745],[-81.392061731253918,41.28898150839742],[-81.392060151297073,41.291386619592281],[-81.39205955163979,41.292182828536752],[-81.392051111541349,41.29396200413202],[-81.392041849837057,41.296839332279767],[-81.39204005881345,41.299409194844721],[-81.39203971076526,41.299908952762166],[-81.392057650589919,41.305630688732805],[-81.392048916748763,41.307860073916366],[-81.392046329494605,41.311692925397388],[-81.39204373028798,41.31550379474389],[-81.392049298973092,41.31788689034272],[-81.391978837474738,41.325124201249785],[-81.391837824957037,41.3397085877818],[-81.391845020381126,41.339752521298387],[-81.391822827173243,41.340356478991254],[-81.391813505875305,41.343206393715043],[-81.391783766291724,41.344106910398573],[-81.391776007117272,41.344826204116885],[-81.391797634837658,41.34508429181831],[-81.391780967303276,41.348285585243097],[-81.392218096381072,41.34828572439865],[-81.393639041201851,41.348297286230078],[-81.395059898647872,41.348314320793008],[-81.396473429774716,41.348325772189725],[-81.397726787357954,41.348337213205646],[-81.398980058901856,41.348354135032672],[-81.399511889028119,41.348359767182217],[-81.400233330206518,41.348370953263547],[-81.401486602376949,41.348387848047437],[-81.402739874866384,41.348404729305848],[-81.404160697168393,41.34841614483102],[-81.405574347262515,41.348427478150604],[-81.406820294483595,41.348438756334957],[-81.406995203975058,41.348444353599376],[-81.408416145640061,41.348455626523709],[-81.409829711654837,41.34847249311261],[-81.411250534695867,41.348483821806276],[-81.412671476821018,41.348495042578726],[-81.414085043687209,41.348511857269841],[-81.41550586724658,41.348523133782095],[-81.416926844977553,41.348539796971345],[-81.418347668968693,41.348551038605436],[-81.418690162784742,41.348556639878481],[-81.419761201877591,41.348562289367074],[-81.420832347160513,41.348584412796079],[-81.421903492416902,41.34860643622671],[-81.422967347555826,41.348628566585134],[-81.424191459831462,41.348645232811052],[-81.424839990866161,41.348656263973162],[-81.425415607720964,41.34866729060856],[-81.426632429105581,41.348683867820185],[-81.427856662302233,41.348700494751434],[-81.429080811907198,41.348722513682638],[-81.430261177825997,41.348739098366956],[-81.431441579879078,41.348761075511106],[-81.432629274439961,41.348783103256565],[-81.433809761448302,41.348799651156796],[-81.434057550838645,41.348799618370371],[-81.435390956032492,41.348821608893481],[-81.436724361968771,41.348843583974947],[-81.438057805490899,41.348871038224786],[-81.439019633456468,41.348881968616958],[-81.439988753551376,41.348892953187374],[-81.441365910856064,41.34891488748724],[-81.442743068965711,41.348936805285724],[-81.444120265230879,41.348964201190796],[-81.445497424479385,41.348985995889876],[-81.446874622743692,41.349013358756942],[-81.44825178439244,41.349035210480622],[-81.449410404247558,41.349051593220814],[-81.450168194968356,41.349062505650757],[-81.450568904488009,41.349067874645016],[-81.451953398245422,41.349095238071378],[-81.453345145656272,41.349116971377278],[-81.454736932178221,41.349144182382879],[-81.456128682105543,41.349165971932599],[-81.45752043230118,41.349187654481284],[-81.458904930684554,41.349214843766077],[-81.460296683435061,41.349236582608704],[-81.461382355980192,41.349247370785328],[-81.461688355743149,41.349263709520599],[-81.463080110439066,41.349285414469897],[-81.464471904457696,41.349312506996277],[-81.465863661111584,41.349334178027505],[-81.467248126744252,41.349355771605786],[-81.468639923989869,41.349382813317582],[-81.470031683531289,41.349404433520128],[-81.471423363442412,41.34943144175945],[-81.472815124948411,41.349453027993285],[-81.474199714940553,41.349474536701848],[-81.475496727886863,41.349501524819537],[-81.475591398071359,41.349501494056938],[-81.476983160448327,41.349523030354945],[-81.478374952966092,41.349549959180948],[-81.479591823385874,41.349571477626945],[-81.480808688889496,41.349592985937676],[-81.482025550758834,41.349614483527716],[-81.483329827344278,41.349641459121635],[-81.484634181549566,41.349662925989051],[-81.485931164744116,41.349689814532489],[-81.487235399884298,41.349711253265433],[-81.488539677538327,41.349738171631408],[-81.489078959762367,41.349748860253811],[-81.489239250055334,41.349748811771072],[-81.489836744591273,41.349759520218704],[-81.491141028145805,41.349786407446977],[-81.492496314050513,41.349807746285791],[-81.493851645704652,41.349834562203171],[-81.495207060426154,41.349855865140604],[-81.496562360558357,41.349877150667233],[-81.49791041540982,41.349903854280555],[-81.499265725510909,41.349925103893106],[-81.500003852199669,41.349974300674269]]]},"properties":{"NAME":"Summit"}},{"type":"Feature","geometry":{"type":"Polygon","coordinates":[[[-82.129475329802517,40.991729872470209],[-82.129475334410557,40.99172438151848],[-82.129397930352937,40.988984354146837],[-82.129286654888318,40.983493310151751],[-82.129140720804784,40.976256058735459],[-82.129000612687193,40.970742961064019],[-82.128796744171183,40.963631914578869],[-82.128579467071262,40.955290889964473],[-82.128531118323366,40.95256732085943],[-82.128379163037408,40.944056162924845],[-82.128066555840945,40.937192215231676],[-82.128183553543934,40.935879915911322],[-82.12824975473427,40.934693885077685],[-82.128279090332612,40.934265598928562],[-82.128425854010246,40.932019838772689],[-82.128543539396389,40.929900358190565],[-82.128459546668452,40.926594713336478],[-82.12831323289484,40.920065792183301],[-82.12819519307682,40.914382292414516],[-82.128014619165626,40.905843007878893],[-82.127903316582106,40.900829236529781],[-82.127425711035116,40.900823482395253],[-82.12733891245405,40.900779503076613],[-82.126438422024961,40.896336464389528],[-82.12596303978431,40.893958455351722],[-82.125883872771752,40.893497142054336],[-82.125819280005473,40.892926011347676],[-82.125553730450278,40.890592074894933],[-82.12514470427385,40.886967647869952],[-82.125153194289567,40.885627805064473],[-82.125124882454287,40.884957868239361],[-82.125190458690867,40.88446370000063],[-82.12519104992181,40.883832219067088],[-82.125264131464036,40.883047026827398],[-82.125243521929562,40.881877408284048],[-82.12530349268313,40.879637075580298],[-82.125327695876095,40.876962941544413],[-82.125351225766664,40.875008143221429],[-82.125441170919032,40.871488426942328],[-82.125569819705689,40.865201266502517],[-82.12570665980374,40.858030081101354],[-82.125737635434135,40.855866646659877],[-82.125743145810574,40.850134067941895],[-82.125800205461232,40.84353944601029],[-82.12619811315048,40.835874252430564],[-82.126515517508182,40.828928268682205],[-82.127598852669834,40.813570201103687],[-82.127714485406813,40.813570259423471],[-82.127556535300116,40.804169399775901],[-82.127423606429062,40.799243804717882],[-82.127307013644725,40.792143672309109],[-82.12720492078499,40.78475783158256],[-82.127073831738642,40.777443298017609],[-82.126975592193801,40.774044110915391],[-82.126892222820999,40.770189165507738],[-82.126847879909178,40.76306147487044],[-82.126818365668413,40.755664802929779],[-82.126805912760489,40.75000837344929],[-82.126809106681662,40.749931973736878],[-82.126685017183959,40.743106435311454],[-82.126424345803244,40.726616824895629],[-82.126417242648657,40.726474057713901],[-82.126417269023193,40.726441112317694],[-82.12646057375504,40.726441134989273],[-82.126720401887496,40.726441270820075],[-82.12676371089438,40.726435802529735],[-82.12676457551342,40.716151402111308],[-82.126732988766946,40.701776009395374],[-82.126706434491169,40.690804640612249],[-82.126594354430992,40.678691022801893],[-82.126350795444949,40.668482758716529],[-82.126350897081863,40.668361952276264],[-82.126350934018149,40.668318022660756],[-82.125003988832574,40.668328287795177],[-82.124881671580965,40.668326982080579],[-82.114555105819164,40.668227734135279],[-82.107084089883841,40.668181498922195],[-82.107062361262791,40.66804422666965],[-82.105266732993002,40.668044920306237],[-82.10048558292452,40.66801917568889],[-82.086762326541958,40.66799553899682],[-82.072757824398437,40.668129552900908],[-82.058695541206717,40.668212445676751],[-82.044654841491806,40.668249689018879],[-82.030513223839293,40.668120438776235],[-82.016645734461179,40.667912658262928],[-82.002619448100248,40.667884376634078],[-82.000003950893088,40.667903253867983],[-81.999508542160697,40.667914477822052],[-81.995455565798736,40.66793321485995],[-81.994272844162225,40.667917354088239],[-81.988229507876525,40.667826842699149],[-81.983210226891487,40.667746590874771],[-81.975883272155485,40.667683402386913],[-81.974065944862872,40.66764556353008],[-81.972313534198776,40.667629642097339],[-81.97165729050019,40.667640825150436],[-81.968743851152539,40.667685601009509],[-81.965202999479558,40.667724969725271],[-81.961453008699579,40.6677697677206],[-81.953592374399662,40.667639398751255],[-81.948017817212971,40.667475344087308],[-81.944924052454979,40.667349307232747],[-81.94342405027308,40.667299983498665],[-81.93950097948867,40.66723425340696],[-81.930594766838368,40.667091359175885],[-81.924933744252769,40.667030519957031],[-81.917513136734627,40.666925190517468],[-81.910316081212514,40.66687983677955],[-81.904373818240643,40.666861846480337],[-81.90301084320501,40.666866946670837],[-81.895806555445574,40.666870099864447],[-81.893246459263565,40.666891125611379],[-81.88836422470321,40.666955071972623],[-81.883655055628779,40.667018890914726],[-81.881058858082852,40.667078060523693],[-81.877279984427489,40.667109017105659],[-81.875003912418393,40.667150634421652],[-81.873535384065107,40.66717338854361],[-81.86670596979441,40.667215381869262],[-81.863172296572131,40.66723899289979],[-81.855484772013895,40.667335550667467],[-81.843290011999272,40.667575702531117],[-81.820306486344705,40.667892734447641],[-81.808255733026314,40.667942409017385],[-81.785329718199151,40.667857012355164],[-81.773242915855107,40.667765719191159],[-81.76521630580082,40.667696848764088],[-81.761495043758899,40.667706266716849],[-81.750003874387332,40.667766518962885],[-81.749395066121437,40.667771408270653],[-81.746733923450194,40.667778319578666],[-81.743928576512317,40.667829172909371],[-81.741505456176583,40.667890757911231],[-81.736724089527542,40.667986288122911],[-81.733168666689465,40.667998757905067],[-81.730601263947179,40.668010745933145],[-81.727067466611615,40.66800654322028],[-81.717973339294446,40.667959933966486],[-81.716869927345527,40.667949243172885],[-81.715665559971058,40.667960533402741],[-81.714699177514447,40.667960770599521],[-81.709795155730333,40.66798381503466],[-81.708482608333739,40.667989559565704],[-81.707328720620566,40.667995261111194],[-81.706052232034978,40.668000971436136],[-81.704263703451105,40.668001253992045],[-81.703167509902855,40.668006904999324],[-81.691513225988942,40.667980494780274],[-81.689998746535792,40.667975052629878],[-81.688397725789017,40.66798057488446],[-81.680688309981932,40.667903528467981],[-81.678120909420031,40.667892376402733],[-81.674731367219138,40.667859116440653],[-81.667620538230892,40.66781421005777],[-81.66178620175242,40.667763660958336],[-81.656160988391633,40.667756807554994],[-81.650333851570423,40.667722159999954],[-81.649042937276192,40.66771625274864],[-81.648966456002512,40.675360582093845],[-81.648928510343495,40.678661039000865],[-81.648975478094698,40.684855608046092],[-81.648974454770851,40.686656859810043],[-81.648995211565989,40.688216486793223],[-81.649001605022647,40.689666275886736],[-81.648950431637004,40.690857939588703],[-81.648891630791397,40.69277998442297],[-81.648853846462387,40.695816830458334],[-81.648821926545835,40.701275468448046],[-81.648757170374637,40.713944525583067],[-81.648716220197031,40.722796914960114],[-81.648714847625655,40.725306555818165],[-81.648699999893438,40.726069874063086],[-81.648684150613605,40.728744229006942],[-81.648653101861967,40.732972638830653],[-81.648622584855673,40.736196101193023],[-81.648629445159671,40.736899007417939],[-81.648583562168355,40.741879735125316],[-81.648596900027144,40.743977482416007],[-81.648581423671814,40.745926956445714],[-81.648580260726362,40.748085119778523],[-81.648593812423698,40.749716108438214],[-81.648593242358245,40.750018028454264],[-81.64859300845707,40.750408625391266],[-81.648574917773871,40.756251766434318],[-81.648551836930025,40.75841002459147],[-81.64848535162271,40.760634183404726],[-81.648492120027598,40.761298698318697],[-81.648491442835024,40.762287230392459],[-81.648482868607459,40.76424782032889],[-81.648467150612746,40.766087588045615],[-81.648480967106678,40.766993749921689],[-81.648509286725911,40.767817538364923],[-81.648529607623573,40.769789112090976],[-81.648521853262949,40.770579927842753],[-81.648514301062889,40.771074185086228],[-81.648496396565704,40.776593292608702],[-81.648481341265779,40.777625697727245],[-81.648440166911456,40.786225443528188],[-81.648446834892582,40.787175483276819],[-81.648439082662151,40.788076094279901],[-81.64842353043727,40.789959689540666],[-81.648408457155227,40.79102504455436],[-81.648407375793511,40.792875695533453],[-81.648383869610029,40.796011361117657],[-81.648361267172177,40.797598410741365],[-81.648344851985783,40.800970215509224],[-81.648344590077187,40.801420522345147],[-81.648298639121975,40.805879643952281],[-81.648267333095333,40.810009277952645],[-81.648274098240321,40.810805554810749],[-81.64827283661792,40.812980207576643],[-81.648243152021749,40.814314642340243],[-81.648242737966086,40.815028542011973],[-81.648227699528718,40.816033487485164],[-81.648248734215116,40.817153766229929],[-81.648247383342465,40.81948766184437],[-81.648217761620614,40.820712259227157],[-81.648185947322759,40.825731479892774],[-81.648192251892212,40.827334996611512],[-81.648169963255569,40.8283783711368],[-81.648139670456473,40.830767154258417],[-81.648167496710613,40.83266721297386],[-81.648159582954122,40.833858858920344],[-81.648137121424512,40.835204260329071],[-81.648129545007109,40.835808318672065],[-81.648067976439208,40.842315671650198],[-81.64808840836038,40.844523239539974],[-81.648065681427894,40.846335407885412],[-81.648027869310226,40.849240366353683],[-81.648026023959773,40.852743933433025],[-81.648017852374792,40.854693426265143],[-81.647995241566832,40.85667587246909],[-81.647994549829747,40.858208021177532],[-81.648001503628493,40.858828571583963],[-81.648008071341437,40.860316791761512],[-81.648014989452989,40.861019716124225],[-81.648021360741453,40.862936278633313],[-81.648006217888948,40.864424489694706],[-81.648005357916034,40.866269653404501],[-81.647997675464794,40.867214197313402],[-81.648002945620547,40.871157111946729],[-81.648030445172665,40.873864421050968],[-81.648058917232646,40.874710114449769],[-81.648067394611758,40.875017859532335],[-81.648058877070113,40.877279957607016],[-81.648068936036253,40.885544074841313],[-81.648082041964386,40.88827855421097],[-81.648087871787951,40.891133811491073],[-81.648101695593027,40.892451625836223],[-81.648108184584345,40.893956134601815],[-81.648053071344691,40.90217087771024],[-81.648052980401957,40.902324637461156],[-81.648023242012144,40.90365904216015],[-81.648042491169079,40.907832522491802],[-81.648040035375402,40.912005988303157],[-81.648002833709697,40.913724782892828],[-81.647995308169016,40.914213514435943],[-81.647987508625988,40.915169014117154],[-81.647957567726991,40.91684936919021],[-81.647992665561844,40.931165381063849],[-81.648013667043131,40.932411924001052],[-81.647975246307055,40.936261339979239],[-81.647986505873163,40.941862508570509],[-81.6479713311967,40.943059618139685],[-81.64797116611814,40.943345168512906],[-81.647998649572202,40.945909642613849],[-81.648026876723748,40.947189140355128],[-81.648033552401017,40.948166606434114],[-81.647959478758736,40.951005623118895],[-81.647922327862034,40.952614585704403],[-81.647903595332096,40.959879690955752],[-81.647887950155535,40.961856589642593],[-81.64790165920472,40.963185513379102],[-81.6479076935112,40.965250282944552],[-81.647882841883771,40.970571445925131],[-81.6478808115899,40.974036521690458],[-81.647894310203981,40.975689459271145],[-81.647927807431174,40.980016866447919],[-81.647930262262207,40.987331852341562],[-81.647936722565262,40.988540030034478],[-81.649770281054444,40.98854049091036],[-81.653770780391909,40.988513941050634],[-81.656495726731691,40.988498027775499],[-81.66764134729975,40.988500088344573],[-81.678047628098909,40.988523118624819],[-81.678547651961566,40.988523145421148],[-81.687577070320259,40.988517757394327],[-81.688642338544014,40.988512230959223],[-81.689294543643996,40.988512204556002],[-81.695244100935511,40.988500809880897],[-81.700860302903664,40.988483665547228],[-81.702389361838684,40.988494418519061],[-81.703715507046454,40.988483220574935],[-81.706570709803273,40.988482705758024],[-81.709288225605377,40.988487642390808],[-81.713679723198624,40.988481108409026],[-81.714737733897721,40.988464345277805],[-81.719737944173104,40.988446308746994],[-81.720324925890679,40.988446106386924],[-81.725962812935208,40.9883945758558],[-81.729093345363168,40.988354852694819],[-81.73134703752325,40.988331919693749],[-81.733050001255094,40.988336656636221],[-81.749376460622415,40.988185754465817],[-81.750003899739355,40.988185353956645],[-81.750529438834235,40.988169264600167],[-81.751659904769511,40.988169851078275],[-81.75442087808598,40.988160268802027],[-81.757421011504377,40.988172730927289],[-81.758015244302953,40.988178510996669],[-81.760986461809026,40.988185430119799],[-81.764878124202625,40.98819275206732],[-81.765472391300378,40.988193027622081],[-81.773567640242874,40.988207612156437],[-81.775198313325362,40.988202798232216],[-81.781612204641704,40.988216165610233],[-81.78585170459165,40.988217388248572],[-81.790177939174455,40.988218286338501],[-81.793924434213309,40.988213429888027],[-81.796359293458011,40.988219268956144],[-81.7982796448253,40.98822499850062],[-81.80361315655253,40.988220002120237],[-81.804924793460017,40.988236559811263],[-81.806345131698336,40.988236633935202],[-81.814417871031338,40.988231230698474],[-81.822483354279683,40.98820878453261],[-81.826882043994729,40.988202789527534],[-81.827860339663602,40.988219127940752],[-81.829889402523193,40.988268241404811],[-81.830512613756056,40.988279122042378],[-81.838599894805327,40.988453198471348],[-81.841904415823421,40.988507229946045],[-81.845890159269473,40.988555426007999],[-81.854209529791987,40.988667701663523],[-81.861028749495375,40.988747166012345],[-81.862441861486786,40.988762995432573],[-81.87074653466135,40.988846775025131],[-81.87500393831165,40.988910384046655],[-81.880463165983144,40.98901202413338],[-81.880557373489651,40.98900657878967],[-81.8852891630644,40.989074698624769],[-81.886665930234727,40.989086304854617],[-81.887919495295279,40.989108828119427],[-81.892064192465369,40.989143561238599],[-81.892375766952611,40.989143691656523],[-81.900338866460274,40.989218191171958],[-81.909628022750127,40.989292499299658],[-81.91602656324855,40.989348768526469],[-81.92099041694037,40.989398956629742],[-81.92576586338599,40.989448917003529],[-81.930606531050131,40.989493193899222],[-81.935505172049872,40.989542760287996],[-81.940360335122037,40.989581137781407],[-81.945266224858742,40.989624796961309],[-81.950092405377021,40.989673745726527],[-81.954940324209929,40.989711503406589],[-81.959846221571837,40.989765514255346],[-81.964795739927837,40.989813843419284],[-81.969694762588006,40.989851044223265],[-81.974485180022171,40.989904561975756],[-81.977550747295254,40.989925527488609],[-81.979333551641687,40.989941379225719],[-81.984254288962489,40.989950483871411],[-81.987232760484233,40.989954720906439],[-81.989972042739964,40.989958979689419],[-81.994283817120277,40.989984343483428],[-81.99686360021235,40.989999478189787],[-81.99853033197374,40.990037017430446],[-82.000003976520048,40.990091041332064],[-82.000730266627812,40.990146456529665],[-82.004136050398614,40.990214056694711],[-82.016766436202175,40.990345842598892],[-82.028925659449854,40.990459695545631],[-82.041403772458608,40.990616255352847],[-82.053932725778736,40.990782452987311],[-82.06651240754934,40.990963779228061],[-82.07870084768274,40.991209681153499],[-82.079273315066573,40.991220575027796],[-82.091410671681587,40.991415998622962],[-82.103974684931728,40.991561180365913],[-82.116481414996201,40.991721048780818],[-82.124966966793423,40.99171664571687],[-82.125004015150097,40.991716673855109],[-82.126308656061411,40.991678897838348],[-82.129475329802517,40.991729872470209]]]},"properties":{"NAME":"Wayne"}}]}